timestamp,open,high,low,close,vol,oi
2026-06-29 09:15:00+05:30,24065.0,24099.0,24050.1,24090.0,27755.0,9944740.0
2026-06-29 09:16:00+05:30,24092.3,24115.2,24092.3,24115.1,23660.0,9937525.0
2026-06-29 09:17:00+05:30,24115.0,24115.0,24094.1,24096.6,17940.0,9941165.0
2026-06-29 09:18:00+05:30,24100.0,24110.0,24097.5,24106.8,9945.0,9942725.0
2026-06-29 09:19:00+05:30,24109.9,24110.0,24100.2,24100.2,15990.0,9942335.0
2026-06-29 09:20:00+05:30,24104.3,24110.0,24099.3,24107.9,16185.0,9945195.0
2026-06-29 09:21:00+05:30,24109.8,24115.2,24107.2,24114.0,14365.0,9942140.0
2026-06-29 09:22:00+05:30,24115.0,24125.0,24110.0,24119.0,12025.0,9938565.0
2026-06-29 09:23:00+05:30,24119.0,24121.1,24104.6,24109.8,14690.0,9925500.0
2026-06-29 09:24:00+05:30,24105.3,24109.0,24092.0,24092.0,4355.0,9928685.0
2026-06-29 09:25:00+05:30,24097.7,24097.7,24075.0,24084.9,17290.0,9928230.0
2026-06-29 09:26:00+05:30,24088.2,24090.0,24071.1,24071.1,14430.0,9920560.0
2026-06-29 09:27:00+05:30,24071.1,24082.5,24065.8,24078.1,10985.0,9921795.0
2026-06-29 09:28:00+05:30,24076.5,24090.0,24075.0,24088.6,6695.0,9916010.0
2026-06-29 09:29:00+05:30,24087.5,24092.4,24072.0,24079.2,12350.0,9933690.0
2026-06-29 09:30:00+05:30,24079.0,24083.2,24063.1,24063.1,9490.0,9937135.0
2026-06-29 09:31:00+05:30,24065.4,24077.8,24060.0,24062.1,7475.0,9937980.0
2026-06-29 09:32:00+05:30,24060.8,24067.1,24036.9,24051.3,33475.0,9940190.0
2026-06-29 09:33:00+05:30,24064.5,24064.5,24048.8,24054.0,9165.0,9925695.0
2026-06-29 09:34:00+05:30,24054.5,24054.5,24040.0,24040.0,5915.0,9925045.0
2026-06-29 09:35:00+05:30,24036.0,24040.3,24030.0,24031.0,10790.0,9924720.0
2026-06-29 09:36:00+05:30,24032.0,24042.0,24030.0,24040.0,28665.0,9925825.0
2026-06-29 09:37:00+05:30,24035.6,24052.0,24035.5,24051.0,11700.0,9915815.0
2026-06-29 09:38:00+05:30,24048.6,24060.0,24040.0,24060.0,8710.0,9916595.0
2026-06-29 09:39:00+05:30,24059.9,24075.0,24059.9,24074.8,10140.0,9910160.0
2026-06-29 09:40:00+05:30,24075.0,24089.0,24065.5,24088.0,13780.0,9910940.0
2026-06-29 09:41:00+05:30,24088.0,24094.1,24079.3,24084.3,8710.0,9907950.0
2026-06-29 09:42:00+05:30,24085.7,24089.9,24076.0,24087.0,4160.0,9907950.0
2026-06-29 09:43:00+05:30,24090.0,24094.0,24083.3,24093.0,13845.0,9907300.0
2026-06-29 09:44:00+05:30,24088.5,24100.0,24088.5,24099.1,18850.0,9887605.0
2026-06-29 09:45:00+05:30,24099.0,24104.0,24095.1,24096.1,12350.0,9881820.0
2026-06-29 09:46:00+05:30,24096.1,24097.9,24082.0,24095.0,8320.0,9881820.0
2026-06-29 09:47:00+05:30,24095.0,24098.0,24090.5,24095.2,9685.0,9882470.0
2026-06-29 09:48:00+05:30,24093.5,24105.0,24093.5,24105.0,9815.0,9882275.0
2026-06-29 09:49:00+05:30,24103.0,24105.0,24087.1,24097.1,8190.0,9870770.0
2026-06-29 09:50:00+05:30,24093.1,24096.0,24084.0,24095.4,4875.0,9869210.0
2026-06-29 09:51:00+05:30,24099.0,24099.0,24085.3,24090.5,5200.0,9867845.0
2026-06-29 09:52:00+05:30,24088.0,24096.5,24079.2,24090.0,7930.0,9868105.0
2026-06-29 09:53:00+05:30,24082.3,24096.1,24082.3,24095.1,7605.0,9860305.0
2026-06-29 09:54:00+05:30,24092.0,24097.0,24077.7,24089.9,10205.0,9858485.0
2026-06-29 09:55:00+05:30,24086.5,24096.0,24082.4,24088.0,5135.0,9857705.0
2026-06-29 09:56:00+05:30,24091.6,24092.0,24076.0,24084.5,5655.0,9858030.0
2026-06-29 09:57:00+05:30,24083.1,24094.5,24080.0,24089.4,6240.0,9858485.0
2026-06-29 09:58:00+05:30,24086.1,24099.0,24086.1,24099.0,8580.0,9849710.0
2026-06-29 09:59:00+05:30,24095.0,24099.9,24090.0,24092.9,4225.0,9843925.0
2026-06-29 10:00:00+05:30,24095.0,24099.9,24084.3,24099.9,13910.0,9846330.0
2026-06-29 10:01:00+05:30,24100.0,24105.0,24088.1,24098.5,13910.0,9843405.0
2026-06-29 10:02:00+05:30,24098.0,24098.0,24086.0,24090.2,2860.0,9837425.0
2026-06-29 10:03:00+05:30,24090.0,24095.3,24078.0,24078.0,11310.0,9831250.0
2026-06-29 10:04:00+05:30,24078.1,24084.3,24065.0,24068.0,7280.0,9818510.0
2026-06-29 10:05:00+05:30,24068.0,24081.9,24065.0,24080.5,5850.0,9821435.0
2026-06-29 10:06:00+05:30,24074.8,24086.4,24074.0,24081.1,5135.0,9823190.0
2026-06-29 10:07:00+05:30,24084.2,24099.0,24081.8,24099.0,8320.0,9825595.0
2026-06-29 10:08:00+05:30,24099.0,24099.0,24092.0,24094.1,4160.0,9820460.0
2026-06-29 10:09:00+05:30,24090.4,24091.3,24085.1,24086.2,8190.0,9823320.0
2026-06-29 10:10:00+05:30,24085.0,24085.0,24072.2,24075.0,10595.0,9821370.0
2026-06-29 10:11:00+05:30,24075.0,24082.5,24067.1,24072.0,9100.0,9818380.0
2026-06-29 10:12:00+05:30,24072.8,24080.0,24070.4,24079.5,8320.0,9819875.0
2026-06-29 10:13:00+05:30,24077.7,24090.0,24075.0,24090.0,4290.0,9815065.0
2026-06-29 10:14:00+05:30,24083.4,24091.0,24063.0,24074.8,13780.0,9813050.0
2026-06-29 10:15:00+05:30,24074.5,24075.2,24057.1,24066.0,18460.0,9811425.0
2026-06-29 10:16:00+05:30,24068.2,24075.0,24066.0,24072.7,8970.0,9813830.0
2026-06-29 10:17:00+05:30,24074.8,24076.5,24067.4,24074.0,11310.0,9821305.0
2026-06-29 10:18:00+05:30,24070.1,24078.6,24069.1,24071.6,7150.0,9876490.0
2026-06-29 10:19:00+05:30,24069.0,24079.4,24065.0,24075.0,6435.0,9866155.0
2026-06-29 10:20:00+05:30,24073.0,24079.8,24071.1,24076.6,7410.0,9867195.0
2026-06-29 10:21:00+05:30,24073.0,24077.5,24068.1,24073.5,8840.0,9866220.0
2026-06-29 10:22:00+05:30,24073.0,24098.0,24069.5,24091.6,26715.0,9866220.0
2026-06-29 10:23:00+05:30,24097.3,24105.0,24095.0,24105.0,10465.0,9854975.0
2026-06-29 10:24:00+05:30,24105.0,24116.0,24102.7,24114.8,11180.0,9849515.0
2026-06-29 10:25:00+05:30,24114.8,24121.0,24111.8,24118.6,10920.0,9850490.0
2026-06-29 10:26:00+05:30,24121.0,24138.0,24118.6,24137.5,23920.0,9849255.0
2026-06-29 10:27:00+05:30,24138.0,24139.0,24130.0,24138.5,17420.0,9849385.0
2026-06-29 10:28:00+05:30,24135.0,24138.0,24125.5,24132.4,11115.0,9841910.0
2026-06-29 10:29:00+05:30,24129.4,24133.8,24127.0,24133.4,7410.0,9841390.0
2026-06-29 10:30:00+05:30,24130.2,24133.4,24125.3,24129.1,14430.0,9842950.0
2026-06-29 10:31:00+05:30,24129.1,24129.3,24120.1,24121.8,8385.0,9840675.0
2026-06-29 10:32:00+05:30,24121.8,24127.8,24114.1,24125.9,35035.0,9840610.0
2026-06-29 10:33:00+05:30,24124.1,24133.4,24116.3,24133.4,23985.0,9825790.0
2026-06-29 10:34:00+05:30,24133.4,24135.0,24112.4,24126.2,10920.0,9826310.0
2026-06-29 10:35:00+05:30,24125.1,24125.1,24115.1,24120.0,13650.0,9822930.0
2026-06-29 10:36:00+05:30,24120.0,24130.0,24116.0,24125.3,10140.0,9823320.0
2026-06-29 10:37:00+05:30,24125.0,24125.0,24110.0,24115.0,6760.0,9811945.0
2026-06-29 10:38:00+05:30,24115.0,24115.0,24105.0,24112.0,7930.0,9802260.0
2026-06-29 10:39:00+05:30,24112.0,24120.0,24107.5,24115.0,13455.0,9804275.0
2026-06-29 10:40:00+05:30,24123.5,24125.8,24116.8,24120.0,6110.0,9792510.0
2026-06-29 10:41:00+05:30,24120.5,24122.1,24110.0,24122.0,5395.0,9790430.0
2026-06-29 10:42:00+05:30,24122.0,24129.4,24115.0,24123.6,3705.0,9790755.0
2026-06-29 10:43:00+05:30,24125.6,24129.4,24120.0,24128.0,4485.0,9784580.0
2026-06-29 10:44:00+05:30,24121.3,24135.0,24120.3,24135.0,9425.0,9772880.0
2026-06-29 10:45:00+05:30,24134.9,24135.0,24117.6,24130.2,5720.0,9772685.0
2026-06-29 10:46:00+05:30,24130.7,24130.7,24103.0,24116.4,8060.0,9773725.0
2026-06-29 10:47:00+05:30,24115.7,24116.1,24100.0,24113.3,10010.0,9774050.0
2026-06-29 10:48:00+05:30,24114.6,24114.9,24095.6,24104.0,15405.0,9765990.0
2026-06-29 10:49:00+05:30,24100.9,24110.0,24098.0,24103.2,3770.0,9764040.0
2026-06-29 10:50:00+05:30,24107.5,24107.7,24091.2,24096.7,9490.0,9765470.0
2026-06-29 10:51:00+05:30,24096.4,24099.7,24082.0,24084.0,7995.0,9769045.0
2026-06-29 10:52:00+05:30,24084.0,24090.0,24070.2,24077.1,7410.0,9769045.0
2026-06-29 10:53:00+05:30,24073.7,24078.2,24063.1,24063.1,9945.0,9763260.0
2026-06-29 10:54:00+05:30,24072.7,24075.0,24068.0,24075.0,8840.0,9764235.0
2026-06-29 10:55:00+05:30,24074.0,24084.0,24068.0,24081.8,9165.0,9763585.0
2026-06-29 10:56:00+05:30,24079.3,24086.0,24079.3,24083.9,5005.0,9764235.0
2026-06-29 10:57:00+05:30,24082.3,24083.8,24059.1,24083.0,9945.0,9763845.0
2026-06-29 10:58:00+05:30,24083.5,24090.0,24081.2,24087.0,3900.0,9759360.0
2026-06-29 10:59:00+05:30,24087.7,24088.9,24070.5,24084.8,7345.0,9761765.0
2026-06-29 11:00:00+05:30,24084.9,24088.7,24071.2,24080.1,7475.0,9764495.0
2026-06-29 11:01:00+05:30,24080.2,24092.0,24075.2,24092.0,4290.0,9767680.0
2026-06-29 11:02:00+05:30,24092.0,24102.1,24090.1,24098.9,6565.0,9764040.0
2026-06-29 11:03:00+05:30,24100.0,24101.4,24092.2,24100.0,5460.0,9758970.0
2026-06-29 11:04:00+05:30,24097.4,24109.0,24091.4,24106.0,8580.0,9761700.0
2026-06-29 11:05:00+05:30,24106.0,24110.0,24100.2,24101.6,10985.0,9778535.0
2026-06-29 11:06:00+05:30,24100.5,24100.6,24086.1,24099.2,7345.0,9765210.0
2026-06-29 11:07:00+05:30,24097.1,24105.8,24092.9,24104.8,4095.0,9766510.0
2026-06-29 11:08:00+05:30,24106.9,24111.6,24100.0,24101.1,5330.0,9765275.0
2026-06-29 11:09:00+05:30,24101.1,24105.8,24094.3,24103.5,6500.0,9620325.0
2026-06-29 11:10:00+05:30,24103.4,24109.1,24100.9,24109.1,6695.0,9593220.0
2026-06-29 11:11:00+05:30,24106.0,24108.2,24101.6,24104.9,4030.0,9593545.0
2026-06-29 11:12:00+05:30,24100.8,24105.2,24095.8,24100.0,6435.0,9594520.0
2026-06-29 11:13:00+05:30,24095.9,24100.0,24090.4,24099.6,4680.0,9578985.0
2026-06-29 11:14:00+05:30,24098.9,24105.0,24092.2,24095.4,12285.0,9577295.0
2026-06-29 11:15:00+05:30,24095.2,24097.9,24090.0,24090.7,8385.0,9575800.0
2026-06-29 11:16:00+05:30,24090.7,24105.0,24090.0,24101.4,10790.0,9574630.0
2026-06-29 11:17:00+05:30,24101.6,24104.0,24092.5,24104.0,4615.0,9575670.0
2026-06-29 11:18:00+05:30,24104.0,24105.5,24097.0,24100.8,5590.0,9562995.0
2026-06-29 11:19:00+05:30,24095.0,24100.9,24092.1,24099.0,3835.0,9562280.0
2026-06-29 11:20:00+05:30,24098.2,24099.4,24091.0,24099.0,7735.0,9563450.0
2026-06-29 11:21:00+05:30,24098.8,24104.8,24092.0,24098.9,3445.0,9562735.0
2026-06-29 11:22:00+05:30,24094.5,24100.0,24090.0,24095.2,4550.0,9563580.0
2026-06-29 11:23:00+05:30,24096.0,24098.0,24088.0,24098.0,4875.0,9549605.0
2026-06-29 11:24:00+05:30,24098.6,24098.6,24085.0,24085.0,14625.0,9545055.0
2026-06-29 11:25:00+05:30,24085.0,24089.2,24083.6,24088.8,3640.0,9546420.0
2026-06-29 11:26:00+05:30,24085.1,24087.3,24081.1,24087.0,6565.0,9547720.0
2026-06-29 11:27:00+05:30,24088.8,24093.5,24086.1,24086.1,2405.0,9549800.0
2026-06-29 11:28:00+05:30,24087.6,24087.9,24082.2,24083.7,3770.0,9552205.0
2026-06-29 11:29:00+05:30,24081.8,24087.0,24072.0,24087.0,6760.0,9546420.0
2026-06-29 11:30:00+05:30,24079.9,24087.7,24078.0,24078.0,3575.0,9549345.0
2026-06-29 11:31:00+05:30,24080.0,24086.0,24074.8,24080.0,6565.0,9553895.0
2026-06-29 11:32:00+05:30,24080.0,24082.7,24059.0,24067.7,13585.0,9552660.0
2026-06-29 11:33:00+05:30,24060.0,24066.3,24036.4,24036.4,16705.0,9543950.0
2026-06-29 11:34:00+05:30,24035.0,24050.0,24024.1,24045.0,17225.0,9544145.0
2026-06-29 11:35:00+05:30,24044.9,24060.0,24038.9,24050.0,22425.0,9543040.0
2026-06-29 11:36:00+05:30,24050.0,24060.0,24048.0,24055.0,15730.0,9540700.0
2026-06-29 11:37:00+05:30,24059.6,24065.0,24052.6,24065.0,5655.0,9542845.0
2026-06-29 11:38:00+05:30,24065.0,24065.0,24058.3,24058.5,5525.0,9537710.0
2026-06-29 11:39:00+05:30,24055.0,24061.0,24053.1,24061.0,5135.0,9540570.0
2026-06-29 11:40:00+05:30,24061.0,24064.4,24058.0,24061.9,3900.0,9528350.0
2026-06-29 11:41:00+05:30,24058.0,24064.0,24056.0,24060.0,3510.0,9529650.0
2026-06-29 11:42:00+05:30,24055.5,24060.6,24051.5,24054.0,3445.0,9532510.0
2026-06-29 11:43:00+05:30,24054.0,24058.5,24050.0,24050.0,4550.0,9520940.0
2026-06-29 11:44:00+05:30,24049.0,24053.0,24045.0,24045.0,4875.0,9525165.0
2026-06-29 11:45:00+05:30,24045.0,24049.1,24041.4,24044.0,6305.0,9525035.0
2026-06-29 11:46:00+05:30,24041.4,24044.9,24041.0,24043.5,4420.0,9524580.0
2026-06-29 11:47:00+05:30,24043.3,24050.0,24042.0,24050.0,4940.0,9525620.0
2026-06-29 11:48:00+05:30,24051.0,24055.9,24046.0,24046.0,5720.0,9518535.0
2026-06-29 11:49:00+05:30,24045.0,24051.0,24041.0,24045.9,3705.0,9519965.0
2026-06-29 11:50:00+05:30,24040.0,24045.0,24035.0,24036.0,5915.0,9521785.0
2026-06-29 11:51:00+05:30,24036.9,24037.0,24025.2,24035.7,13455.0,9524580.0
2026-06-29 11:52:00+05:30,24035.0,24037.1,24030.0,24031.0,6760.0,9526660.0
2026-06-29 11:53:00+05:30,24032.3,24033.7,24028.2,24030.0,7345.0,9526205.0
2026-06-29 11:54:00+05:30,24030.0,24034.4,24010.3,24021.0,22100.0,9529585.0
2026-06-29 11:55:00+05:30,24017.2,24030.0,24010.1,24027.9,10010.0,9531600.0
2026-06-29 11:56:00+05:30,24025.1,24033.0,24020.0,24021.8,7410.0,9527960.0
2026-06-29 11:57:00+05:30,24020.7,24032.9,24010.0,24027.0,8970.0,9527180.0
2026-06-29 11:58:00+05:30,24030.0,24037.8,24026.5,24035.2,7735.0,9525100.0
2026-06-29 11:59:00+05:30,24034.3,24037.3,24027.5,24028.4,19825.0,9523475.0
2026-06-29 12:00:00+05:30,24027.0,24030.9,24025.0,24029.9,5070.0,9525360.0
2026-06-29 12:01:00+05:30,24027.5,24036.1,24027.2,24034.1,7150.0,9528480.0
2026-06-29 12:02:00+05:30,24028.3,24036.1,24027.5,24034.8,4225.0,9538815.0
2026-06-29 12:03:00+05:30,24032.0,24034.6,24026.5,24027.5,8775.0,9536475.0
2026-06-29 12:04:00+05:30,24027.5,24027.5,24025.0,24025.5,5850.0,9539400.0
2026-06-29 12:05:00+05:30,24025.5,24027.5,24025.1,24026.0,9230.0,9536865.0
2026-06-29 12:06:00+05:30,24026.0,24026.0,24021.4,24025.2,7475.0,9541610.0
2026-06-29 12:07:00+05:30,24024.8,24027.5,24024.0,24027.5,5135.0,9547330.0
2026-06-29 12:08:00+05:30,24026.3,24030.6,24025.0,24029.6,11830.0,9548305.0
2026-06-29 12:09:00+05:30,24026.6,24035.0,24026.0,24035.0,7995.0,9548305.0
2026-06-29 12:10:00+05:30,24033.5,24036.0,24030.1,24032.8,5135.0,9556560.0
2026-06-29 12:11:00+05:30,24030.1,24033.8,24026.2,24029.8,4485.0,9558770.0
2026-06-29 12:12:00+05:30,24028.6,24028.6,24005.0,24012.5,24115.0,9563255.0
2026-06-29 12:13:00+05:30,24009.1,24020.9,24009.1,24018.3,7995.0,9560655.0
2026-06-29 12:14:00+05:30,24014.0,24019.8,24008.5,24010.5,7150.0,9563580.0
2026-06-29 12:15:00+05:30,24011.5,24016.0,24003.0,24014.7,12805.0,9563580.0
2026-06-29 12:16:00+05:30,24015.0,24015.0,24001.0,24009.0,8515.0,9566310.0
2026-06-29 12:17:00+05:30,24009.0,24011.6,24004.0,24004.0,14365.0,9570015.0
2026-06-29 12:18:00+05:30,24002.2,24006.9,23983.5,23995.9,27430.0,9574110.0
2026-06-29 12:19:00+05:30,23995.5,24000.2,23991.0,23995.0,5980.0,9571770.0
2026-06-29 12:20:00+05:30,23991.0,24001.9,23990.0,24001.9,7410.0,9551750.0
2026-06-29 12:21:00+05:30,24001.9,24001.9,23993.0,23996.0,8320.0,9555585.0
2026-06-29 12:22:00+05:30,23998.1,24000.0,23993.4,23995.0,4680.0,9558120.0
2026-06-29 12:23:00+05:30,23996.8,24006.5,23994.3,24003.0,5265.0,9550450.0
2026-06-29 12:24:00+05:30,24003.9,24006.8,23999.8,24003.8,7605.0,9550515.0
2026-06-29 12:25:00+05:30,24000.0,24006.8,23994.0,24006.5,10010.0,9553440.0
2026-06-29 12:26:00+05:30,24002.0,24006.1,23996.1,23997.3,6825.0,9553830.0
2026-06-29 12:27:00+05:30,23997.4,24008.3,23996.1,24005.3,5655.0,9550190.0
2026-06-29 12:28:00+05:30,24004.9,24006.6,23997.0,24000.1,5460.0,9553765.0
2026-06-29 12:29:00+05:30,24000.0,24001.3,23986.1,23990.0,63505.0,9545900.0
2026-06-29 12:30:00+05:30,23990.0,23994.4,23984.4,23993.8,3900.0,9558900.0
2026-06-29 12:31:00+05:30,23993.8,23993.8,23977.0,23977.0,10010.0,9561695.0
2026-06-29 12:32:00+05:30,23977.7,23978.1,23949.1,23959.9,64675.0,9562150.0
2026-06-29 12:33:00+05:30,23956.0,23965.0,23947.0,23960.0,11180.0,9554675.0
2026-06-29 12:34:00+05:30,23960.0,23965.9,23957.1,23961.9,9815.0,9546550.0
2026-06-29 12:35:00+05:30,23961.0,23968.6,23947.0,23968.5,15990.0,9550515.0
2026-06-29 12:36:00+05:30,23968.1,23968.1,23963.0,23963.4,5590.0,9550970.0
2026-06-29 12:37:00+05:30,23963.1,23965.5,23958.0,23961.0,7735.0,9552205.0
2026-06-29 12:38:00+05:30,23960.1,23961.0,23950.8,23953.5,11440.0,9552985.0
2026-06-29 12:39:00+05:30,23953.6,23955.0,23950.7,23954.0,3900.0,9545705.0
2026-06-29 12:40:00+05:30,23953.0,23955.0,23947.0,23950.0,12415.0,9546550.0
2026-06-29 12:41:00+05:30,23950.0,23954.8,23943.0,23948.3,8385.0,9544730.0
2026-06-29 12:42:00+05:30,23948.3,23957.0,23945.3,23957.0,5915.0,9544795.0
2026-06-29 12:43:00+05:30,23957.0,23961.7,23950.0,23959.0,6370.0,9542585.0
2026-06-29 12:44:00+05:30,23957.0,23966.3,23956.3,23965.5,4485.0,9540960.0
2026-06-29 12:45:00+05:30,23965.0,23979.0,23960.0,23979.0,15275.0,9542975.0
2026-06-29 12:46:00+05:30,23979.0,23980.9,23970.1,23974.8,20475.0,9542975.0
2026-06-29 12:47:00+05:30,23972.8,23973.7,23965.0,23965.0,10920.0,9553960.0
2026-06-29 12:48:00+05:30,23965.4,23976.8,23961.4,23973.9,5395.0,9532380.0
2026-06-29 12:49:00+05:30,23973.3,23974.4,23965.0,23970.0,4420.0,9534980.0
2026-06-29 12:50:00+05:30,23967.1,23969.2,23960.0,23960.0,4810.0,9537385.0
2026-06-29 12:51:00+05:30,23959.5,23970.5,23955.9,23970.5,6825.0,9539400.0
2026-06-29 12:52:00+05:30,23970.5,23974.3,23964.1,23967.8,4290.0,9542585.0
2026-06-29 12:53:00+05:30,23965.1,23968.0,23964.0,23966.3,5070.0,9544340.0
2026-06-29 12:54:00+05:30,23964.2,23970.0,23964.0,23970.0,3380.0,9531990.0
2026-06-29 12:55:00+05:30,23970.0,23978.0,23969.1,23973.5,5720.0,9536670.0
2026-06-29 12:56:00+05:30,23974.2,23982.6,23969.8,23981.0,4875.0,9536670.0
2026-06-29 12:57:00+05:30,23979.0,23983.3,23975.8,23982.3,8320.0,9538100.0
2026-06-29 12:58:00+05:30,23982.3,23986.5,23978.8,23985.1,14300.0,9543040.0
2026-06-29 12:59:00+05:30,23985.3,23985.3,23976.8,23981.2,8645.0,9525295.0
2026-06-29 13:00:00+05:30,23980.0,23985.9,23977.4,23984.4,8060.0,9529195.0
2026-06-29 13:01:00+05:30,23984.4,23987.0,23976.0,23976.0,13260.0,9534200.0
2026-06-29 13:02:00+05:30,23976.0,23977.0,23960.6,23960.7,8840.0,9538750.0
2026-06-29 13:03:00+05:30,23960.1,23981.6,23959.0,23981.6,9425.0,9535500.0
2026-06-29 13:04:00+05:30,23974.8,23986.9,23974.8,23982.1,41600.0,9528935.0
2026-06-29 13:05:00+05:30,23980.1,23980.5,23974.0,23974.0,13260.0,9542065.0
2026-06-29 13:06:00+05:30,23971.8,23980.0,23969.1,23975.1,3705.0,9543430.0
2026-06-29 13:07:00+05:30,23980.0,23984.2,23975.0,23979.5,4615.0,9545185.0
2026-06-29 13:08:00+05:30,23976.9,23984.3,23976.5,23980.7,2340.0,9535565.0
2026-06-29 13:09:00+05:30,23982.1,23999.0,23980.0,23998.9,6630.0,9537775.0
2026-06-29 13:10:00+05:30,23998.8,23998.8,23985.1,23990.0,12025.0,9538750.0
2026-06-29 13:11:00+05:30,23985.7,23991.8,23985.6,23989.8,5720.0,9537320.0
2026-06-29 13:12:00+05:30,23990.0,23990.3,23979.8,23986.6,8060.0,9540830.0
2026-06-29 13:13:00+05:30,23988.0,23988.0,23980.0,23986.0,4095.0,9541740.0
2026-06-29 13:14:00+05:30,23985.0,23986.9,23980.1,23980.1,5070.0,9541675.0
2026-06-29 13:15:00+05:30,23980.1,23980.1,23959.0,23971.0,9295.0,9543040.0
2026-06-29 13:16:00+05:30,23970.4,23978.3,23956.4,23975.5,7800.0,9539660.0
2026-06-29 13:17:00+05:30,23973.2,23983.7,23963.3,23977.9,6630.0,9540635.0
2026-06-29 13:18:00+05:30,23976.5,23977.2,23959.0,23970.0,7280.0,9538685.0
2026-06-29 13:19:00+05:30,23964.8,23972.0,23958.3,23971.4,2990.0,9540895.0
2026-06-29 13:20:00+05:30,23963.6,23970.0,23963.6,23970.0,1430.0,9537515.0
2026-06-29 13:21:00+05:30,23970.0,23979.2,23968.0,23975.0,2990.0,9538295.0
2026-06-29 13:22:00+05:30,23975.0,23979.4,23960.4,23971.0,3185.0,9538685.0
2026-06-29 13:23:00+05:30,23970.0,23971.9,23966.0,23966.0,3120.0,9539400.0
2026-06-29 13:24:00+05:30,23965.3,23970.0,23965.0,23970.0,2990.0,9542195.0
2026-06-29 13:25:00+05:30,23970.0,23978.0,23960.0,23969.0,8710.0,9543820.0
2026-06-29 13:26:00+05:30,23969.4,23975.6,23968.8,23974.6,5525.0,9544730.0
2026-06-29 13:27:00+05:30,23970.5,23980.1,23970.0,23980.1,3315.0,9502285.0
2026-06-29 13:28:00+05:30,23980.0,23986.5,23975.0,23986.4,4485.0,9501830.0
2026-06-29 13:29:00+05:30,23980.0,23986.0,23977.6,23985.3,1820.0,9502805.0
2026-06-29 13:30:00+05:30,23980.9,23990.0,23975.8,23983.0,6695.0,9504040.0
2026-06-29 13:31:00+05:30,23982.0,23991.6,23975.3,23989.3,4810.0,9487270.0
2026-06-29 13:32:00+05:30,23987.0,24000.0,23981.6,24000.0,5005.0,9491755.0
2026-06-29 13:33:00+05:30,23999.9,24000.0,23981.0,23981.0,33995.0,9492210.0
2026-06-29 13:34:00+05:30,23982.8,23982.8,23973.1,23973.1,5330.0,9494095.0
2026-06-29 13:35:00+05:30,23973.1,23985.0,23960.8,23985.0,12025.0,9491950.0
2026-06-29 13:36:00+05:30,23989.0,23990.1,23979.0,23990.1,2145.0,9491625.0
2026-06-29 13:37:00+05:30,23990.1,23997.0,23980.0,23983.0,3250.0,9492600.0
2026-06-29 13:38:00+05:30,23987.2,23987.2,23980.5,23983.6,3640.0,9494680.0
2026-06-29 13:39:00+05:30,23980.5,23984.0,23976.0,23978.9,3705.0,9494940.0
2026-06-29 13:40:00+05:30,23982.0,23984.0,23977.7,23980.1,4875.0,9497540.0
2026-06-29 13:41:00+05:30,23979.5,23985.7,23977.0,23980.0,1950.0,9479665.0
2026-06-29 13:42:00+05:30,23980.0,23988.0,23978.8,23987.8,1820.0,9483500.0
2026-06-29 13:43:00+05:30,23987.8,23988.0,23961.0,23961.0,7670.0,9483110.0
2026-06-29 13:44:00+05:30,23961.0,23968.7,23959.0,23968.4,3445.0,9484345.0
2026-06-29 13:45:00+05:30,23964.2,23968.5,23960.0,23963.3,2990.0,9485255.0
2026-06-29 13:46:00+05:30,23966.3,23973.0,23966.0,23967.1,2730.0,9479145.0
2026-06-29 13:47:00+05:30,23973.0,23973.0,23965.0,23972.8,6630.0,9480510.0
2026-06-29 13:48:00+05:30,23972.8,23978.0,23967.0,23978.0,3705.0,9485255.0
2026-06-29 13:49:00+05:30,23978.0,23978.0,23960.3,23965.1,9165.0,9484995.0
2026-06-29 13:50:00+05:30,23962.0,23965.3,23951.0,23951.0,7605.0,9483825.0
2026-06-29 13:51:00+05:30,23951.0,23967.9,23950.0,23966.7,4355.0,9476220.0
2026-06-29 13:52:00+05:30,23966.3,23970.2,23962.0,23962.0,2080.0,9475830.0
2026-06-29 13:53:00+05:30,23961.0,23970.2,23961.0,23969.4,3705.0,9471540.0
2026-06-29 13:54:00+05:30,23969.5,23969.6,23952.4,23967.6,3770.0,9474790.0
2026-06-29 13:55:00+05:30,23967.8,23984.2,23967.2,23980.9,2795.0,9476285.0
2026-06-29 13:56:00+05:30,23980.4,23980.4,23969.0,23971.0,1885.0,9466340.0
2026-06-29 13:57:00+05:30,23965.7,23977.7,23965.0,23974.0,1495.0,9467510.0
2026-06-29 13:58:00+05:30,23968.8,23976.4,23968.0,23974.0,2470.0,9469720.0
2026-06-29 13:59:00+05:30,23970.0,23976.0,23960.0,23969.9,3900.0,9469720.0
2026-06-29 14:00:00+05:30,23970.3,23990.0,23961.1,23990.0,6045.0,9470955.0
2026-06-29 14:01:00+05:30,23989.5,23989.5,23973.8,23981.2,3705.0,9457435.0
2026-06-29 14:02:00+05:30,23980.5,23981.8,23971.7,23977.0,2015.0,9459125.0
2026-06-29 14:03:00+05:30,23979.8,23986.7,23976.5,23983.6,5850.0,9461400.0
2026-06-29 14:04:00+05:30,23982.8,23984.6,23980.0,23983.2,1430.0,9458410.0
2026-06-29 14:05:00+05:30,23975.5,23984.5,23975.0,23984.0,2145.0,9453405.0
2026-06-29 14:06:00+05:30,23978.1,23985.0,23978.1,23985.0,1495.0,9452300.0
2026-06-29 14:07:00+05:30,23982.2,23989.0,23980.4,23988.2,2535.0,9452625.0
2026-06-29 14:08:00+05:30,23982.0,23989.6,23980.0,23980.0,2600.0,9454965.0
2026-06-29 14:09:00+05:30,23987.3,23988.4,23976.0,23976.0,1430.0,9456590.0
2026-06-29 14:10:00+05:30,23976.0,23980.2,23969.5,23972.8,3510.0,9458735.0
2026-06-29 14:11:00+05:30,23973.2,23984.0,23973.2,23983.0,2925.0,9459515.0
2026-06-29 14:12:00+05:30,23979.5,23983.0,23974.8,23982.3,2210.0,9453795.0
2026-06-29 14:13:00+05:30,23975.5,23985.0,23975.3,23985.0,2145.0,9453925.0
2026-06-29 14:14:00+05:30,23984.5,23986.7,23982.1,23982.5,2925.0,9455095.0
2026-06-29 14:15:00+05:30,23982.5,23984.2,23968.0,23976.5,4095.0,9457890.0
2026-06-29 14:16:00+05:30,23970.2,23979.1,23965.4,23972.1,6565.0,9452040.0
2026-06-29 14:17:00+05:30,23972.1,23978.0,23965.0,23975.0,3510.0,9453730.0
2026-06-29 14:18:00+05:30,23975.0,23980.9,23966.1,23979.4,3705.0,9455615.0
2026-06-29 14:19:00+05:30,23980.4,23989.0,23968.8,23983.1,4160.0,9455160.0
2026-06-29 14:20:00+05:30,23981.9,23994.2,23980.1,23994.2,3185.0,9454250.0
2026-06-29 14:21:00+05:30,23994.2,23998.0,23980.0,23986.4,8320.0,9440405.0
2026-06-29 14:22:00+05:30,23985.8,23989.0,23979.9,23986.5,2795.0,9442095.0
2026-06-29 14:23:00+05:30,23980.0,23982.8,23970.0,23980.0,4290.0,9442225.0
2026-06-29 14:24:00+05:30,23974.0,23976.8,23965.0,23968.6,2600.0,9443005.0
2026-06-29 14:25:00+05:30,23965.0,23970.0,23960.0,23970.0,8450.0,9440145.0
2026-06-29 14:26:00+05:30,23966.8,23973.0,23960.1,23960.1,3185.0,9441315.0
2026-06-29 14:27:00+05:30,23970.0,23980.0,23965.1,23979.3,3640.0,9442680.0
2026-06-29 14:28:00+05:30,23970.3,23971.6,23961.9,23961.9,2340.0,9444565.0
2026-06-29 14:29:00+05:30,23970.0,23975.0,23960.9,23968.0,2405.0,9443070.0
2026-06-29 14:30:00+05:30,23968.0,23975.0,23960.0,23962.3,4810.0,9437220.0
2026-06-29 14:31:00+05:30,23960.0,23976.9,23954.0,23964.9,4810.0,9431370.0
2026-06-29 14:32:00+05:30,23966.9,23987.0,23966.9,23987.0,6890.0,9438585.0
2026-06-29 14:33:00+05:30,23987.4,23997.0,23984.0,23989.5,5070.0,9441315.0
2026-06-29 14:34:00+05:30,23989.5,23993.1,23984.5,23990.9,3055.0,9440470.0
2026-06-29 14:35:00+05:30,23990.0,23992.6,23982.5,23992.6,7605.0,9435140.0
2026-06-29 14:36:00+05:30,23990.0,23993.1,23982.0,23982.3,5330.0,9438650.0
2026-06-29 14:37:00+05:30,23982.0,23986.3,23971.5,23979.6,6630.0,9440600.0
2026-06-29 14:38:00+05:30,23981.4,23982.0,23974.0,23977.3,5135.0,9429225.0
2026-06-29 14:39:00+05:30,23978.5,23978.5,23960.5,23973.0,6760.0,9430265.0
2026-06-29 14:40:00+05:30,23968.9,23976.8,23967.6,23974.9,2795.0,9432865.0
2026-06-29 14:41:00+05:30,23970.0,23980.0,23970.0,23978.3,3315.0,9428510.0
2026-06-29 14:42:00+05:30,23980.0,23980.0,23971.0,23980.0,2340.0,9430005.0
2026-06-29 14:43:00+05:30,23980.0,23993.0,23976.7,23993.0,3835.0,9431435.0
2026-06-29 14:44:00+05:30,23991.0,23996.0,23986.3,23992.0,5525.0,9427275.0
2026-06-29 14:45:00+05:30,23987.1,23994.1,23986.2,23993.5,4485.0,9428965.0
2026-06-29 14:46:00+05:30,23993.6,23994.0,23990.0,23991.5,10725.0,9431565.0
2026-06-29 14:47:00+05:30,23991.7,23997.4,23986.6,23997.3,13325.0,9434750.0
2026-06-29 14:48:00+05:30,23997.1,23997.4,23983.0,23983.3,9555.0,9438845.0
2026-06-29 14:49:00+05:30,23982.9,23995.3,23981.2,23994.6,6695.0,9438715.0
2026-06-29 14:50:00+05:30,23993.7,23993.7,23966.0,23968.2,16510.0,9440600.0
2026-06-29 14:51:00+05:30,23970.0,23982.9,23966.0,23980.0,5850.0,9442875.0
2026-06-29 14:52:00+05:30,23982.2,23983.5,23975.0,23976.4,2470.0,9416550.0
2026-06-29 14:53:00+05:30,23977.7,23978.6,23965.0,23968.0,5590.0,9403615.0
2026-06-29 14:54:00+05:30,23968.0,23969.8,23960.0,23964.5,7150.0,9404720.0
2026-06-29 14:55:00+05:30,23963.6,23969.4,23961.0,23966.4,6695.0,9408945.0
2026-06-29 14:56:00+05:30,23965.6,23973.8,23962.1,23970.9,14430.0,9417395.0
2026-06-29 14:57:00+05:30,23971.4,23971.7,23960.0,23961.5,13130.0,9412780.0
2026-06-29 14:58:00+05:30,23962.9,23967.2,23945.0,23950.0,25285.0,9422075.0
2026-06-29 14:59:00+05:30,23950.0,23958.6,23945.0,23953.8,21710.0,9426560.0
2026-06-29 15:00:00+05:30,23950.7,24020.0,23931.4,24007.9,38675.0,9427145.0
2026-06-29 15:01:00+05:30,24001.0,24003.6,23972.0,23975.5,6370.0,9427990.0
2026-06-29 15:02:00+05:30,23979.0,23982.1,23971.0,23981.0,6305.0,9428835.0
2026-06-29 15:03:00+05:30,23977.0,23987.3,23960.0,23967.1,7540.0,9420385.0
2026-06-29 15:04:00+05:30,23971.4,23977.0,23965.0,23965.0,8905.0,9420580.0
2026-06-29 15:05:00+05:30,23965.0,23968.3,23954.0,23965.8,21320.0,9425260.0
2026-06-29 15:06:00+05:30,23964.8,23976.0,23950.0,23972.1,14105.0,9429160.0
2026-06-29 15:07:00+05:30,23971.4,23981.9,23958.1,23980.0,11180.0,9428640.0
2026-06-29 15:08:00+05:30,23980.7,23985.0,23970.0,23985.0,12805.0,9425910.0
2026-06-29 15:09:00+05:30,23985.0,23989.0,23969.5,23973.4,3900.0,9426235.0
2026-06-29 15:10:00+05:30,23979.9,23980.5,23947.9,23961.6,12090.0,9427860.0
2026-06-29 15:11:00+05:30,23964.5,23967.2,23952.2,23958.0,8710.0,9428575.0
2026-06-29 15:12:00+05:30,23966.7,23968.5,23955.0,23964.7,7605.0,9428120.0
2026-06-29 15:13:00+05:30,23968.0,23971.6,23960.0,23966.7,7215.0,9427015.0
2026-06-29 15:14:00+05:30,23965.9,23969.1,23958.0,23959.8,8190.0,9423895.0
2026-06-29 15:15:00+05:30,23967.0,23967.0,23957.8,23965.0,5005.0,9423505.0
2026-06-29 15:16:00+05:30,23965.0,23975.0,23961.7,23973.5,8385.0,9423245.0
2026-06-29 15:17:00+05:30,23970.0,23980.0,23969.0,23980.0,4875.0,9422660.0
2026-06-29 15:18:00+05:30,23974.0,23979.9,23970.0,23970.0,4095.0,9414015.0
2026-06-29 15:19:00+05:30,23967.5,23975.0,23965.8,23975.0,13650.0,9399325.0
2026-06-29 15:20:00+05:30,23976.0,23980.0,23970.7,23973.0,13520.0,9388145.0
2026-06-29 15:21:00+05:30,23980.0,23980.1,23966.0,23974.9,9555.0,9384635.0
2026-06-29 15:22:00+05:30,23970.0,23970.5,23962.5,23969.0,7930.0,9380605.0
2026-06-29 15:23:00+05:30,23969.0,23972.5,23965.1,23972.0,6435.0,9379435.0
2026-06-29 15:24:00+05:30,23971.5,23973.5,23966.5,23971.3,7345.0,9374625.0
2026-06-29 15:25:00+05:30,23970.6,23977.5,23965.0,23973.8,5915.0,9364485.0
2026-06-29 15:26:00+05:30,23974.6,23984.0,23971.1,23975.7,12480.0,9359025.0
2026-06-29 15:27:00+05:30,23975.7,23985.0,23973.0,23980.9,11505.0,9345570.0
2026-06-29 15:28:00+05:30,23979.2,23983.0,23975.3,23979.8,13845.0,9329905.0
2026-06-29 15:29:00+05:30,23979.9,23980.0,23971.0,23971.0,10660.0,9327175.0
2026-06-30 09:15:00+05:30,23985.0,24026.2,23985.0,23999.4,24960.0,6886035.0
2026-06-30 09:16:00+05:30,23998.1,24007.0,23956.0,23962.0,13390.0,6879665.0
2026-06-30 09:17:00+05:30,23964.8,23975.9,23962.0,23965.8,7930.0,6874595.0
2026-06-30 09:18:00+05:30,23965.8,23970.0,23954.9,23954.9,10075.0,6870435.0
2026-06-30 09:19:00+05:30,23957.0,23957.0,23943.1,23950.0,24245.0,6869525.0
2026-06-30 09:20:00+05:30,23957.0,23957.0,23942.2,23950.0,7605.0,6866925.0
2026-06-30 09:21:00+05:30,23947.0,23950.0,23938.0,23938.0,9295.0,6864780.0
2026-06-30 09:22:00+05:30,23940.0,23940.0,23916.9,23930.0,11895.0,6855095.0
2026-06-30 09:23:00+05:30,23927.4,23930.0,23911.1,23921.1,11765.0,6855095.0
2026-06-30 09:24:00+05:30,23922.1,23922.1,23912.0,23920.0,18720.0,6857760.0
2026-06-30 09:25:00+05:30,23915.0,23920.0,23907.8,23914.6,10270.0,6862895.0
2026-06-30 09:26:00+05:30,23920.0,23925.0,23915.0,23920.0,10790.0,6829615.0
2026-06-30 09:27:00+05:30,23916.1,23925.0,23915.3,23919.2,7995.0,6819995.0
2026-06-30 09:28:00+05:30,23916.7,23917.3,23907.0,23916.8,4940.0,6818500.0
2026-06-30 09:29:00+05:30,23916.7,23917.4,23910.0,23915.0,10985.0,6815445.0
2026-06-30 09:30:00+05:30,23910.6,23915.0,23900.0,23906.0,24115.0,6818695.0
2026-06-30 09:31:00+05:30,23906.1,23914.0,23900.0,23907.0,9100.0,6811480.0
2026-06-30 09:32:00+05:30,23907.0,23913.7,23883.3,23890.0,17940.0,6798285.0
2026-06-30 09:33:00+05:30,23891.1,23896.8,23877.0,23879.4,22945.0,6790745.0
2026-06-30 09:34:00+05:30,23887.2,23899.9,23882.9,23887.5,13715.0,6762665.0
2026-06-30 09:35:00+05:30,23890.0,23900.2,23885.0,23895.0,8515.0,6761300.0
2026-06-30 09:36:00+05:30,23895.0,23907.3,23893.5,23895.0,6890.0,6758245.0
2026-06-30 09:37:00+05:30,23896.0,23906.9,23891.9,23897.0,4615.0,6757010.0
2026-06-30 09:38:00+05:30,23897.0,23906.0,23893.1,23899.6,5915.0,6755060.0
2026-06-30 09:39:00+05:30,23899.8,23900.0,23886.1,23890.1,6825.0,6749535.0
2026-06-30 09:40:00+05:30,23890.0,23900.0,23885.6,23900.0,8775.0,6729645.0
2026-06-30 09:41:00+05:30,23890.7,23900.0,23880.0,23889.0,4810.0,6727955.0
2026-06-30 09:42:00+05:30,23882.7,23895.9,23882.1,23888.0,2600.0,6727240.0
2026-06-30 09:43:00+05:30,23888.0,23891.5,23878.0,23879.8,3315.0,6726460.0
2026-06-30 09:44:00+05:30,23879.8,23889.0,23878.1,23880.7,5590.0,6707090.0
2026-06-30 09:45:00+05:30,23880.7,23889.0,23878.0,23878.0,5330.0,6706830.0
2026-06-30 09:46:00+05:30,23887.1,23887.1,23872.4,23873.0,10855.0,6692985.0
2026-06-30 09:47:00+05:30,23880.0,23884.6,23870.0,23875.0,9555.0,6692205.0
2026-06-30 09:48:00+05:30,23878.3,23878.8,23868.1,23870.0,6110.0,6682325.0
2026-06-30 09:49:00+05:30,23870.0,23876.0,23866.0,23868.6,8320.0,6681155.0
2026-06-30 09:50:00+05:30,23868.6,23875.0,23866.0,23873.0,5395.0,6678100.0
2026-06-30 09:51:00+05:30,23873.3,23880.0,23868.9,23880.0,8255.0,6668480.0
2026-06-30 09:52:00+05:30,23880.0,23885.0,23874.8,23883.0,2015.0,6667115.0
2026-06-30 09:53:00+05:30,23883.0,23889.0,23875.0,23878.6,6305.0,6666790.0
2026-06-30 09:54:00+05:30,23888.0,23889.0,23878.0,23885.0,3510.0,6655870.0
2026-06-30 09:55:00+05:30,23885.0,23889.6,23875.9,23889.6,13390.0,6653985.0
2026-06-30 09:56:00+05:30,23889.5,23900.0,23885.0,23900.0,5460.0,6649890.0
2026-06-30 09:57:00+05:30,23896.8,23905.0,23893.0,23897.0,17485.0,6647810.0
2026-06-30 09:58:00+05:30,23900.0,23905.9,23892.1,23905.9,9035.0,6623435.0
2026-06-30 09:59:00+05:30,23904.0,23905.0,23890.0,23900.0,3900.0,6622005.0
2026-06-30 10:00:00+05:30,23900.0,23900.5,23892.9,23899.1,6370.0,6619860.0
2026-06-30 10:01:00+05:30,23904.4,23905.0,23890.0,23905.0,3445.0,6619015.0
2026-06-30 10:02:00+05:30,23900.1,23914.4,23900.1,23913.3,6370.0,6617715.0
2026-06-30 10:03:00+05:30,23910.1,23918.0,23910.0,23915.0,5200.0,6597370.0
2026-06-30 10:04:00+05:30,23913.0,23931.0,23913.0,23931.0,19045.0,6593925.0
2026-06-30 10:05:00+05:30,23927.0,23932.0,23924.8,23925.0,5265.0,6591065.0
2026-06-30 10:06:00+05:30,23925.0,23930.5,23920.0,23920.0,4810.0,6570915.0
2026-06-30 10:07:00+05:30,23920.0,23920.0,23900.0,23900.0,5005.0,6563960.0
2026-06-30 10:08:00+05:30,23900.0,23906.0,23898.0,23900.0,4420.0,6562010.0
2026-06-30 10:09:00+05:30,23900.0,23900.8,23883.0,23889.1,4485.0,6560840.0
2026-06-30 10:10:00+05:30,23881.9,23905.1,23881.9,23900.0,4290.0,6561425.0
2026-06-30 10:11:00+05:30,23895.0,23906.0,23894.9,23900.0,2145.0,6547775.0
2026-06-30 10:12:00+05:30,23898.9,23912.0,23898.9,23910.0,3770.0,6546930.0
2026-06-30 10:13:00+05:30,23912.0,23912.0,23900.0,23904.1,2665.0,6544590.0
2026-06-30 10:14:00+05:30,23904.1,23904.1,23899.9,23900.0,2730.0,6541665.0
2026-06-30 10:15:00+05:30,23900.0,23900.0,23890.6,23898.5,4225.0,6540690.0
2026-06-30 10:16:00+05:30,23898.5,23904.6,23895.2,23899.6,6955.0,6531265.0
2026-06-30 10:17:00+05:30,23905.0,23905.0,23898.0,23902.1,1235.0,6514495.0
2026-06-30 10:18:00+05:30,23902.1,23910.0,23900.0,23907.6,5915.0,6514300.0
2026-06-30 10:19:00+05:30,23906.1,23913.7,23902.0,23908.5,2405.0,6512415.0
2026-06-30 10:20:00+05:30,23902.0,23905.2,23892.0,23900.0,3835.0,6512740.0
2026-06-30 10:21:00+05:30,23892.9,23900.0,23890.0,23890.7,2015.0,6512610.0
2026-06-30 10:22:00+05:30,23892.1,23892.1,23882.0,23890.3,2080.0,6511765.0
2026-06-30 10:23:00+05:30,23890.3,23891.1,23883.6,23889.1,1495.0,6495970.0
2026-06-30 10:24:00+05:30,23891.7,23906.0,23885.9,23902.0,2795.0,6494605.0
2026-06-30 10:25:00+05:30,23906.0,23910.0,23900.1,23909.9,6760.0,6494020.0
2026-06-30 10:26:00+05:30,23909.9,23915.5,23906.7,23909.9,13650.0,6481280.0
2026-06-30 10:27:00+05:30,23909.9,23909.9,23908.0,23908.0,1560.0,6480695.0
2026-06-30 10:28:00+05:30,23908.1,23910.0,23900.0,23909.6,5980.0,6476340.0
2026-06-30 10:29:00+05:30,23900.1,23909.6,23896.9,23898.7,5395.0,6476210.0
2026-06-30 10:30:00+05:30,23900.8,23908.0,23893.8,23894.1,6825.0,6475755.0
2026-06-30 10:31:00+05:30,23892.2,23904.7,23889.1,23895.1,5655.0,6464640.0
2026-06-30 10:32:00+05:30,23900.0,23904.0,23892.1,23892.1,3315.0,6465550.0
2026-06-30 10:33:00+05:30,23904.0,23915.0,23898.1,23915.0,7150.0,6466395.0
2026-06-30 10:34:00+05:30,23906.2,23918.9,23905.0,23918.9,2535.0,6469775.0
2026-06-30 10:35:00+05:30,23914.0,23918.0,23908.0,23917.8,1300.0,6471985.0
2026-06-30 10:36:00+05:30,23918.6,23921.0,23908.2,23911.2,4875.0,6463015.0
2026-06-30 10:37:00+05:30,23920.0,23920.0,23911.2,23913.0,1430.0,6465875.0
2026-06-30 10:38:00+05:30,23915.0,23920.0,23911.2,23920.0,1625.0,6466070.0
2026-06-30 10:39:00+05:30,23920.0,23920.0,23910.1,23913.5,3185.0,6468345.0
2026-06-30 10:40:00+05:30,23915.2,23915.2,23899.0,23899.0,5395.0,6472700.0
2026-06-30 10:41:00+05:30,23900.7,23902.4,23891.0,23900.0,4030.0,6467240.0
2026-06-30 10:42:00+05:30,23895.0,23904.8,23891.6,23901.0,2925.0,6470555.0
2026-06-30 10:43:00+05:30,23901.0,23905.0,23894.9,23896.0,1755.0,6467370.0
2026-06-30 10:44:00+05:30,23896.3,23902.0,23895.2,23897.9,1235.0,6469645.0
2026-06-30 10:45:00+05:30,23903.1,23903.1,23895.0,23895.0,2275.0,6545110.0
2026-06-30 10:46:00+05:30,23900.0,23909.9,23895.0,23904.1,3250.0,6535425.0
2026-06-30 10:47:00+05:30,23909.9,23910.1,23907.1,23909.9,14820.0,6539195.0
2026-06-30 10:48:00+05:30,23909.3,23918.9,23909.3,23916.0,8190.0,6533410.0
2026-06-30 10:49:00+05:30,23919.9,23930.0,23914.4,23926.6,6370.0,6538870.0
2026-06-30 10:50:00+05:30,23926.6,23938.5,23925.6,23934.5,7670.0,6533605.0
2026-06-30 10:51:00+05:30,23932.5,23938.0,23930.6,23934.9,7865.0,6544525.0
2026-06-30 10:52:00+05:30,23934.9,23938.0,23926.8,23929.0,5330.0,6548620.0
2026-06-30 10:53:00+05:30,23934.0,23936.6,23929.0,23933.5,2730.0,6537310.0
2026-06-30 10:54:00+05:30,23933.5,23933.5,23920.0,23920.0,3510.0,6540755.0
2026-06-30 10:55:00+05:30,23920.0,23921.0,23912.1,23918.3,4160.0,6540300.0
2026-06-30 10:56:00+05:30,23918.0,23918.1,23911.5,23912.2,1885.0,6542835.0
2026-06-30 10:57:00+05:30,23911.2,23911.2,23899.8,23903.0,5265.0,6544915.0
2026-06-30 10:58:00+05:30,23902.6,23907.8,23895.0,23895.0,3705.0,6546605.0
2026-06-30 10:59:00+05:30,23891.0,23898.3,23878.1,23880.0,5330.0,6551220.0
2026-06-30 11:00:00+05:30,23879.6,23895.0,23876.6,23887.5,7670.0,6547255.0
2026-06-30 11:01:00+05:30,23890.0,23894.9,23886.6,23892.5,2145.0,6560255.0
2026-06-30 11:02:00+05:30,23892.0,23898.9,23890.4,23892.7,5460.0,6566820.0
2026-06-30 11:03:00+05:30,23892.7,23908.0,23892.4,23896.9,10010.0,6555900.0
2026-06-30 11:04:00+05:30,23898.1,23898.9,23885.4,23885.8,6500.0,6561035.0
2026-06-30 11:05:00+05:30,23885.8,23898.4,23881.3,23882.8,6825.0,6559345.0
2026-06-30 11:06:00+05:30,23882.7,23898.0,23882.5,23885.0,11700.0,6573255.0
2026-06-30 11:07:00+05:30,23888.4,23898.4,23883.4,23889.2,15730.0,6588595.0
2026-06-30 11:08:00+05:30,23883.4,23896.0,23883.2,23886.1,6175.0,6601855.0
2026-06-30 11:09:00+05:30,23885.5,23902.0,23884.6,23900.4,8125.0,6600945.0
2026-06-30 11:10:00+05:30,23901.9,23918.0,23899.4,23915.1,21320.0,6600360.0
2026-06-30 11:11:00+05:30,23918.0,23937.0,23917.1,23937.0,13325.0,6580340.0
2026-06-30 11:12:00+05:30,23937.0,23957.0,23934.0,23953.1,28405.0,6580795.0
2026-06-30 11:13:00+05:30,23954.7,23958.0,23950.0,23950.6,8905.0,6582225.0
2026-06-30 11:14:00+05:30,23950.6,23950.6,23940.8,23949.3,10270.0,6585215.0
2026-06-30 11:15:00+05:30,23950.0,23958.0,23947.6,23950.0,7670.0,6575920.0
2026-06-30 11:16:00+05:30,23950.0,23955.0,23944.1,23944.1,4225.0,6576895.0
2026-06-30 11:17:00+05:30,23942.9,23945.6,23934.1,23934.8,2795.0,6580665.0
2026-06-30 11:18:00+05:30,23934.5,23943.0,23934.3,23936.5,3445.0,6584240.0
2026-06-30 11:19:00+05:30,23936.3,23950.6,23934.8,23950.6,8645.0,6585085.0
2026-06-30 11:20:00+05:30,23945.0,23950.0,23940.6,23941.0,2665.0,6579820.0
2026-06-30 11:21:00+05:30,23945.0,23955.0,23941.0,23949.7,6370.0,6582550.0
2026-06-30 11:22:00+05:30,23949.4,23955.0,23949.2,23951.5,4160.0,6584955.0
2026-06-30 11:23:00+05:30,23951.5,23999.8,23951.5,23998.1,30680.0,6582095.0
2026-06-30 11:24:00+05:30,23999.8,24020.7,23998.7,24014.8,33020.0,6568770.0
2026-06-30 11:25:00+05:30,24014.6,24020.0,24002.9,24010.0,18460.0,6547775.0
2026-06-30 11:26:00+05:30,24008.0,24011.8,23996.1,24004.8,10530.0,6546800.0
2026-06-30 11:27:00+05:30,24003.7,24009.0,23994.7,24002.8,6630.0,6548165.0
2026-06-30 11:28:00+05:30,24004.0,24004.0,23989.6,23995.1,4940.0,6536660.0
2026-06-30 11:29:00+05:30,23995.1,24000.0,23988.0,23991.0,4875.0,6539715.0
2026-06-30 11:30:00+05:30,23998.4,23999.0,23970.0,23970.0,4225.0,6527690.0
2026-06-30 11:31:00+05:30,23970.0,23987.4,23959.6,23972.5,3965.0,6528925.0
2026-06-30 11:32:00+05:30,23970.8,23974.1,23951.5,23958.6,3380.0,6532825.0
2026-06-30 11:33:00+05:30,23959.9,23968.5,23951.4,23957.1,3575.0,6520215.0
2026-06-30 11:34:00+05:30,23963.7,23970.0,23960.0,23960.0,2145.0,6456580.0
2026-06-30 11:35:00+05:30,23964.9,23964.9,23926.9,23932.0,14495.0,6441695.0
2026-06-30 11:36:00+05:30,23932.0,23950.0,23932.0,23950.0,2665.0,6443320.0
2026-06-30 11:37:00+05:30,23950.0,23957.7,23945.1,23947.8,10205.0,6450275.0
2026-06-30 11:38:00+05:30,23954.2,23955.0,23942.9,23942.9,4810.0,6445660.0
2026-06-30 11:39:00+05:30,23944.4,23960.0,23937.1,23953.2,4420.0,6446505.0
2026-06-30 11:40:00+05:30,23960.0,23975.0,23960.0,23972.1,4420.0,6449690.0
2026-06-30 11:41:00+05:30,23967.1,23972.0,23950.0,23950.0,1885.0,6451055.0
2026-06-30 11:42:00+05:30,23953.0,23956.6,23945.4,23953.6,2015.0,6445465.0
2026-06-30 11:43:00+05:30,23951.0,23951.0,23940.6,23940.6,5070.0,6448975.0
2026-06-30 11:44:00+05:30,23941.4,23945.0,23932.6,23936.4,8840.0,6455150.0
2026-06-30 11:45:00+05:30,23936.8,23945.0,23932.7,23935.1,5720.0,6455605.0
2026-06-30 11:46:00+05:30,23935.7,23944.0,23927.7,23935.6,6305.0,6457620.0
2026-06-30 11:47:00+05:30,23935.0,23949.0,23935.0,23945.3,3315.0,6455475.0
2026-06-30 11:48:00+05:30,23945.3,23950.0,23940.7,23950.0,1755.0,6426420.0
2026-06-30 11:49:00+05:30,23950.0,23950.0,23935.0,23938.0,4355.0,6426420.0
2026-06-30 11:50:00+05:30,23938.0,23949.0,23936.9,23942.4,11570.0,6420635.0
2026-06-30 11:51:00+05:30,23942.1,23944.9,23939.6,23941.7,5460.0,6416605.0
2026-06-30 11:52:00+05:30,23943.0,23950.0,23943.0,23945.2,4680.0,6417125.0
2026-06-30 11:53:00+05:30,23949.9,23950.0,23940.1,23944.0,3380.0,6412315.0
2026-06-30 11:54:00+05:30,23944.1,23956.6,23943.5,23952.8,5980.0,6409845.0
2026-06-30 11:55:00+05:30,23952.8,23959.9,23950.1,23950.1,5330.0,6409845.0
2026-06-30 11:56:00+05:30,23950.1,23958.0,23944.0,23950.0,5005.0,6414265.0
2026-06-30 11:57:00+05:30,23949.6,23958.0,23946.2,23950.6,5980.0,6417320.0
2026-06-30 11:58:00+05:30,23950.4,23959.9,23949.6,23954.5,3055.0,6420765.0
2026-06-30 11:59:00+05:30,23954.6,23967.0,23954.6,23959.9,5200.0,6422780.0
2026-06-30 12:00:00+05:30,23959.0,23960.0,23942.0,23942.0,2080.0,6418685.0
2026-06-30 12:01:00+05:30,23942.1,23951.9,23942.0,23942.6,3705.0,6422650.0
2026-06-30 12:02:00+05:30,23942.7,23951.4,23942.0,23945.3,4875.0,6427265.0
2026-06-30 12:03:00+05:30,23948.0,23949.8,23942.6,23942.9,585.0,6430905.0
2026-06-30 12:04:00+05:30,23944.5,23948.0,23940.2,23941.1,3835.0,6419270.0
2026-06-30 12:05:00+05:30,23941.1,23945.0,23930.6,23931.6,7085.0,6417060.0
2026-06-30 12:06:00+05:30,23935.0,23940.9,23932.1,23940.9,3705.0,6422455.0
2026-06-30 12:07:00+05:30,23945.0,23950.0,23936.1,23941.0,4290.0,6423885.0
2026-06-30 12:08:00+05:30,23941.0,23941.0,23934.4,23934.5,2275.0,6426940.0
2026-06-30 12:09:00+05:30,23934.3,23938.0,23934.2,23935.4,14430.0,6421935.0
2026-06-30 12:10:00+05:30,23935.3,23939.9,23934.7,23937.8,5525.0,6423105.0
2026-06-30 12:11:00+05:30,23937.0,23939.8,23934.7,23934.7,3770.0,6420765.0
2026-06-30 12:12:00+05:30,23937.0,23939.0,23934.8,23936.0,2015.0,6420700.0
2026-06-30 12:13:00+05:30,23936.1,23939.0,23935.1,23936.1,3380.0,6417385.0
2026-06-30 12:14:00+05:30,23935.1,23939.0,23928.7,23934.5,3315.0,6420830.0
2026-06-30 12:15:00+05:30,23939.0,23949.5,23935.4,23946.1,3640.0,6422195.0
2026-06-30 12:16:00+05:30,23942.0,23946.0,23940.0,23940.0,2470.0,6420570.0
2026-06-30 12:17:00+05:30,23927.7,23928.1,23925.9,23928.0,1040.0,6422910.0
2026-06-30 12:18:00+05:30,23924.6,23935.0,23924.6,23926.2,2665.0,6425120.0
2026-06-30 12:19:00+05:30,23929.6,23940.0,23926.1,23940.0,1950.0,6421740.0
2026-06-30 12:20:00+05:30,23937.1,23937.1,23936.0,23936.0,650.0,6423430.0
2026-06-30 12:21:00+05:30,23934.5,23939.9,23934.5,23935.5,2275.0,6424405.0
2026-06-30 12:22:00+05:30,23935.3,23945.0,23932.8,23937.0,2340.0,6424990.0
2026-06-30 12:23:00+05:30,23937.0,23945.0,23935.5,23945.0,4810.0,6425575.0
2026-06-30 12:24:00+05:30,23945.0,23950.0,23941.9,23950.0,1235.0,6417580.0
2026-06-30 12:25:00+05:30,23950.0,23950.0,23940.0,23940.0,715.0,6418880.0
2026-06-30 12:26:00+05:30,23940.0,23947.0,23938.1,23946.0,1040.0,6417840.0
2026-06-30 12:27:00+05:30,23946.0,23950.0,23944.9,23950.0,1235.0,6420440.0
2026-06-30 12:28:00+05:30,23945.0,23950.0,23940.4,23940.4,1885.0,6415370.0
2026-06-30 12:29:00+05:30,23937.0,23945.0,23937.0,23945.0,2145.0,6409715.0
2026-06-30 12:30:00+05:30,23948.0,23949.0,23941.5,23941.5,1105.0,6411665.0
2026-06-30 12:31:00+05:30,23941.5,23941.5,23929.1,23930.0,975.0,6411145.0
2026-06-30 12:32:00+05:30,23926.0,23937.0,23920.0,23937.0,3380.0,6411405.0
2026-06-30 12:33:00+05:30,23928.6,23928.6,23928.6,23928.6,390.0,6411665.0
2026-06-30 12:34:00+05:30,23928.6,23933.8,23924.4,23926.9,1885.0,6397625.0
2026-06-30 12:35:00+05:30,23927.3,23938.0,23924.6,23938.0,2470.0,6397950.0
2026-06-30 12:36:00+05:30,23932.5,23943.1,23932.5,23943.1,1690.0,6398015.0
2026-06-30 12:37:00+05:30,23943.1,23945.0,23940.4,23941.6,1560.0,6398210.0
2026-06-30 12:38:00+05:30,23941.6,23960.0,23941.6,23955.9,6955.0,6394895.0
2026-06-30 12:39:00+05:30,23960.0,23965.0,23955.9,23956.0,2275.0,6392490.0
2026-06-30 12:40:00+05:30,23963.7,23968.0,23955.9,23968.0,2275.0,6395805.0
2026-06-30 12:41:00+05:30,23961.4,23967.9,23956.0,23965.0,1625.0,6396260.0
2026-06-30 12:42:00+05:30,23967.0,23969.0,23961.3,23969.0,2600.0,6396455.0
2026-06-30 12:43:00+05:30,23969.0,23975.0,23964.5,23968.1,2730.0,6396910.0
2026-06-30 12:44:00+05:30,23968.1,23974.2,23964.7,23964.7,1560.0,6390020.0
2026-06-30 12:45:00+05:30,23973.7,23973.7,23964.9,23970.5,2665.0,6390345.0
2026-06-30 12:46:00+05:30,23971.0,23974.0,23959.5,23964.9,2665.0,6390540.0
2026-06-30 12:47:00+05:30,23961.6,23971.0,23956.5,23970.0,975.0,6389500.0
2026-06-30 12:48:00+05:30,23970.0,23970.0,23960.0,23967.9,2665.0,6390020.0
2026-06-30 12:49:00+05:30,23969.0,23970.0,23960.0,23960.0,2470.0,6389890.0
2026-06-30 12:50:00+05:30,23960.0,23968.0,23957.0,23965.0,2145.0,6389695.0
2026-06-30 12:51:00+05:30,23964.0,23965.0,23951.9,23951.9,3120.0,6388200.0
2026-06-30 12:52:00+05:30,23951.9,23955.7,23950.0,23955.7,4030.0,6374745.0
2026-06-30 12:53:00+05:30,23955.0,23965.0,23944.6,23965.0,4875.0,6372600.0
2026-06-30 12:54:00+05:30,23965.0,23965.0,23959.2,23965.0,3185.0,6369090.0
2026-06-30 12:55:00+05:30,23965.0,23970.0,23957.4,23966.5,3120.0,6344910.0
2026-06-30 12:56:00+05:30,23966.0,23970.0,23961.1,23970.0,1820.0,6337825.0
2026-06-30 12:57:00+05:30,23970.0,23970.0,23960.2,23962.6,1625.0,6331390.0
2026-06-30 12:58:00+05:30,23965.0,23965.0,23953.2,23960.0,4160.0,6326060.0
2026-06-30 12:59:00+05:30,23960.0,23964.0,23957.5,23964.0,2210.0,6324240.0
2026-06-30 13:00:00+05:30,23963.0,23964.0,23959.3,23959.3,2795.0,6323850.0
2026-06-30 13:01:00+05:30,23956.7,23962.7,23951.1,23951.9,3185.0,6324305.0
2026-06-30 13:02:00+05:30,23952.1,23955.0,23949.0,23952.0,2860.0,6323265.0
2026-06-30 13:03:00+05:30,23952.2,23952.2,23942.1,23949.0,1950.0,6308900.0
2026-06-30 13:04:00+05:30,23948.9,23954.0,23948.9,23954.0,845.0,6309095.0
2026-06-30 13:05:00+05:30,23954.1,23958.0,23954.1,23955.8,845.0,6309550.0
2026-06-30 13:06:00+05:30,23951.1,23951.1,23951.0,23951.0,390.0,6311240.0
2026-06-30 13:07:00+05:30,23946.1,23947.0,23941.0,23941.0,1690.0,6303310.0
2026-06-30 13:08:00+05:30,23941.0,23944.0,23941.0,23944.0,1690.0,6302855.0
2026-06-30 13:09:00+05:30,23944.0,23945.0,23939.4,23945.0,2015.0,6297135.0
2026-06-30 13:10:00+05:30,23945.0,23945.0,23944.0,23944.0,260.0,6297590.0
2026-06-30 13:11:00+05:30,23943.0,23945.0,23938.0,23938.5,1820.0,6297785.0
2026-06-30 13:12:00+05:30,23938.5,23944.8,23937.4,23942.5,2470.0,6291025.0
2026-06-30 13:13:00+05:30,23945.0,23947.0,23940.1,23940.1,2990.0,6290310.0
2026-06-30 13:14:00+05:30,23940.0,23940.0,23935.0,23938.9,3055.0,6289010.0
2026-06-30 13:15:00+05:30,23940.0,23948.9,23936.7,23947.0,2080.0,6288165.0
2026-06-30 13:16:00+05:30,23946.2,23947.8,23945.0,23947.0,1365.0,6287905.0
2026-06-30 13:17:00+05:30,23947.8,23949.5,23946.0,23949.5,4225.0,6281730.0
2026-06-30 13:18:00+05:30,23949.5,23949.5,23946.0,23946.0,1755.0,6277375.0
2026-06-30 13:19:00+05:30,23945.8,23946.0,23939.2,23939.2,5200.0,6276140.0
2026-06-30 13:20:00+05:30,23941.0,23941.0,23932.0,23935.3,5525.0,6277440.0
2026-06-30 13:21:00+05:30,23936.0,23940.0,23920.0,23929.8,7865.0,6278090.0
2026-06-30 13:22:00+05:30,23929.3,23938.0,23925.0,23928.1,1690.0,6265220.0
2026-06-30 13:23:00+05:30,23925.0,23932.0,23924.0,23930.0,1495.0,6265610.0
2026-06-30 13:24:00+05:30,23930.0,23935.0,23925.0,23935.0,3770.0,6159270.0
2026-06-30 13:25:00+05:30,23930.0,23938.0,23925.6,23937.3,1885.0,6159855.0
2026-06-30 13:26:00+05:30,23935.0,23945.0,23928.7,23943.0,3575.0,6173180.0
2026-06-30 13:27:00+05:30,23944.9,23950.0,23940.0,23950.0,8060.0,6165640.0
2026-06-30 13:28:00+05:30,23954.0,23960.0,23952.0,23954.9,1430.0,6155695.0
2026-06-30 13:29:00+05:30,23954.9,23954.9,23940.1,23943.1,5525.0,6157840.0
2026-06-30 13:30:00+05:30,23945.0,23955.0,23943.0,23955.0,2145.0,6158555.0
2026-06-30 13:31:00+05:30,23955.0,23955.0,23945.1,23954.9,1300.0,5979090.0
2026-06-30 13:32:00+05:30,23950.0,23951.5,23943.0,23943.7,1300.0,5975060.0
2026-06-30 13:33:00+05:30,23948.8,23950.0,23941.2,23950.0,6760.0,5972200.0
2026-06-30 13:34:00+05:30,23948.9,23950.1,23948.9,23950.0,1690.0,5964595.0
2026-06-30 13:35:00+05:30,23950.0,23952.9,23950.0,23950.0,1625.0,5964205.0
2026-06-30 13:36:00+05:30,23950.0,23950.0,23942.7,23944.8,2015.0,5963425.0
2026-06-30 13:37:00+05:30,23946.8,23946.8,23944.0,23944.2,2470.0,5962905.0
2026-06-30 13:38:00+05:30,23944.0,23947.4,23944.0,23947.4,780.0,5879575.0
2026-06-30 13:39:00+05:30,23948.9,23948.9,23944.1,23944.1,780.0,5875935.0
2026-06-30 13:40:00+05:30,23945.0,23948.1,23941.2,23948.0,2210.0,5882695.0
2026-06-30 13:41:00+05:30,23950.0,23965.0,23946.0,23965.0,9360.0,5883865.0
2026-06-30 13:42:00+05:30,23965.0,23969.0,23961.1,23961.1,1625.0,5887895.0
2026-06-30 13:43:00+05:30,23956.2,23963.0,23956.2,23958.4,3250.0,5888480.0
2026-06-30 13:44:00+05:30,23958.4,23962.9,23956.1,23957.0,8255.0,5882630.0
2026-06-30 13:45:00+05:30,23957.0,23957.0,23946.0,23947.5,12480.0,5879900.0
2026-06-30 13:46:00+05:30,23947.5,23952.0,23947.5,23951.0,2730.0,5879380.0
2026-06-30 13:47:00+05:30,23951.1,23958.0,23950.0,23950.0,1755.0,5878795.0
2026-06-30 13:48:00+05:30,23950.0,23951.0,23950.0,23950.1,3120.0,5867485.0
2026-06-30 13:49:00+05:30,23950.1,23950.1,23950.0,23950.0,1690.0,5866055.0
2026-06-30 13:50:00+05:30,23950.0,23953.9,23950.0,23950.0,2080.0,5864885.0
2026-06-30 13:51:00+05:30,23950.2,23952.7,23950.0,23950.0,2275.0,5875870.0
2026-06-30 13:52:00+05:30,23953.7,23958.0,23950.0,23953.0,2080.0,5796960.0
2026-06-30 13:53:00+05:30,23953.0,23958.0,23953.0,23958.0,2860.0,5796635.0
2026-06-30 13:54:00+05:30,23959.6,23960.0,23950.0,23950.0,14560.0,5791955.0
2026-06-30 13:55:00+05:30,23950.0,23950.0,23945.0,23945.0,12480.0,5781165.0
2026-06-30 13:56:00+05:30,23945.0,23946.0,23930.0,23939.0,12675.0,5774470.0
2026-06-30 13:57:00+05:30,23932.5,23933.0,23930.0,23932.0,13325.0,5775965.0
2026-06-30 13:58:00+05:30,23930.0,23932.0,23926.3,23932.0,5915.0,5764590.0
2026-06-30 13:59:00+05:30,23932.0,23935.0,23928.5,23932.8,8515.0,5764590.0
2026-06-30 14:00:00+05:30,23932.1,23940.0,23928.0,23928.0,1430.0,5763940.0
2026-06-30 14:01:00+05:30,23928.0,23935.0,23928.0,23930.0,2990.0,5760300.0
2026-06-30 14:02:00+05:30,23930.0,23930.0,23928.0,23928.0,2275.0,5760365.0
2026-06-30 14:03:00+05:30,23928.0,23928.0,23901.0,23901.2,26390.0,5754060.0
2026-06-30 14:04:00+05:30,23901.0,23904.9,23885.0,23898.0,13390.0,5746000.0
2026-06-30 14:05:00+05:30,23890.2,23903.7,23890.0,23894.9,7605.0,5741515.0
2026-06-30 14:06:00+05:30,23891.0,23900.0,23890.0,23891.1,4745.0,5705375.0
2026-06-30 14:07:00+05:30,23891.1,23904.7,23891.0,23904.3,5460.0,5704790.0
2026-06-30 14:08:00+05:30,23904.7,23904.7,23896.0,23897.8,2405.0,5701280.0
2026-06-30 14:09:00+05:30,23904.4,23904.4,23897.8,23899.8,2145.0,5685485.0
2026-06-30 14:10:00+05:30,23900.0,23900.0,23895.5,23897.0,3250.0,5685290.0
2026-06-30 14:11:00+05:30,23897.0,23900.0,23891.3,23895.0,4680.0,5681650.0
2026-06-30 14:12:00+05:30,23895.0,23899.5,23895.0,23895.0,2535.0,5680480.0
2026-06-30 14:13:00+05:30,23895.0,23897.0,23891.2,23895.0,2340.0,5684315.0
2026-06-30 14:14:00+05:30,23890.0,23895.0,23888.1,23888.1,2860.0,5676255.0
2026-06-30 14:15:00+05:30,23888.0,23891.6,23886.4,23891.6,7410.0,5675085.0
2026-06-30 14:16:00+05:30,23892.3,23908.5,23892.3,23905.3,12025.0,5670470.0
2026-06-30 14:17:00+05:30,23900.3,23905.0,23891.4,23894.4,1950.0,5665335.0
2026-06-30 14:18:00+05:30,23891.0,23891.0,23867.7,23869.8,16185.0,5666375.0
2026-06-30 14:19:00+05:30,23874.0,23886.2,23870.4,23886.0,6305.0,5658900.0
2026-06-30 14:20:00+05:30,23882.4,23886.2,23871.1,23873.2,6370.0,5658055.0
2026-06-30 14:21:00+05:30,23880.0,23885.0,23873.1,23880.0,3250.0,5655195.0
2026-06-30 14:22:00+05:30,23880.0,23888.0,23875.8,23886.8,9620.0,5654025.0
2026-06-30 14:23:00+05:30,23886.8,23915.0,23886.8,23915.0,13065.0,5645965.0
2026-06-30 14:24:00+05:30,23915.6,23962.0,23915.1,23962.0,16835.0,5632510.0
2026-06-30 14:25:00+05:30,23964.0,23991.0,23964.0,23980.0,38480.0,5612555.0
2026-06-30 14:26:00+05:30,23980.0,23982.0,23969.4,23969.4,11960.0,5603520.0
2026-06-30 14:27:00+05:30,23976.2,23979.4,23964.8,23967.3,20800.0,5603130.0
2026-06-30 14:28:00+05:30,23965.0,23965.0,23949.1,23950.4,3510.0,5597605.0
2026-06-30 14:29:00+05:30,23950.9,23958.0,23946.8,23946.8,5980.0,5583305.0
2026-06-30 14:30:00+05:30,23947.3,23959.5,23943.1,23955.0,5525.0,5580315.0
2026-06-30 14:31:00+05:30,23955.0,23958.0,23941.2,23944.1,5655.0,5596695.0
2026-06-30 14:32:00+05:30,23944.1,23958.0,23943.0,23947.3,4355.0,5594290.0
2026-06-30 14:33:00+05:30,23941.2,23952.8,23936.5,23944.0,5070.0,5593965.0
2026-06-30 14:34:00+05:30,23944.0,23950.0,23940.6,23948.9,4875.0,5592275.0
2026-06-30 14:35:00+05:30,23949.0,23952.4,23942.2,23943.2,6435.0,5558995.0
2026-06-30 14:36:00+05:30,23943.2,23950.0,23943.1,23947.0,3185.0,5557305.0
2026-06-30 14:37:00+05:30,23947.0,23948.0,23944.5,23944.5,1560.0,5547360.0
2026-06-30 14:38:00+05:30,23947.9,23947.9,23940.0,23940.3,2145.0,5545735.0
2026-06-30 14:39:00+05:30,23943.0,23944.0,23940.5,23943.2,2470.0,5544435.0
2026-06-30 14:40:00+05:30,23944.0,23948.0,23940.0,23948.0,5070.0,5543525.0
2026-06-30 14:41:00+05:30,23948.0,23955.0,23943.7,23955.0,5525.0,5546515.0
2026-06-30 14:42:00+05:30,23955.0,23959.0,23947.0,23959.0,3900.0,5540990.0
2026-06-30 14:43:00+05:30,23954.6,23969.8,23954.6,23960.0,6240.0,5535205.0
2026-06-30 14:44:00+05:30,23960.0,23960.4,23947.9,23949.6,2925.0,5533320.0
2026-06-30 14:45:00+05:30,23950.0,23950.1,23943.8,23947.3,4030.0,5531825.0
2026-06-30 14:46:00+05:30,23950.0,23952.6,23940.5,23940.5,3640.0,5530720.0
2026-06-30 14:47:00+05:30,23942.3,23947.2,23941.0,23945.8,6240.0,5525455.0
2026-06-30 14:48:00+05:30,23947.1,23950.0,23940.0,23940.0,5070.0,5516225.0
2026-06-30 14:49:00+05:30,23942.1,23949.0,23940.1,23940.8,2600.0,5518695.0
2026-06-30 14:50:00+05:30,23941.8,23942.8,23925.0,23935.0,4810.0,5519215.0
2026-06-30 14:51:00+05:30,23935.2,23950.0,23933.7,23949.9,15405.0,5515055.0
2026-06-30 14:52:00+05:30,23949.4,23950.0,23939.2,23943.0,4030.0,5504915.0
2026-06-30 14:53:00+05:30,23941.3,23948.0,23940.1,23948.0,4485.0,5503680.0
2026-06-30 14:54:00+05:30,23943.4,23953.0,23943.1,23951.5,3835.0,5504005.0
2026-06-30 14:55:00+05:30,23951.4,23953.0,23943.4,23944.8,5525.0,5503615.0
2026-06-30 14:56:00+05:30,23947.7,23947.7,23941.7,23945.4,2015.0,5503875.0
2026-06-30 14:57:00+05:30,23945.4,23948.0,23931.0,23945.2,6045.0,5494320.0
2026-06-30 14:58:00+05:30,23945.1,23945.1,23906.1,23910.9,11115.0,5494190.0
2026-06-30 14:59:00+05:30,23908.4,23911.0,23903.0,23909.8,8645.0,5498285.0
2026-06-30 15:00:00+05:30,23911.0,23911.0,23855.3,23855.4,16575.0,5495100.0
2026-06-30 15:01:00+05:30,23862.4,23862.5,23842.0,23842.0,21840.0,5486910.0
2026-06-30 15:02:00+05:30,23848.3,23865.0,23842.0,23854.1,26000.0,5462535.0
2026-06-30 15:03:00+05:30,23855.0,23864.8,23842.0,23842.0,5720.0,5460065.0
2026-06-30 15:04:00+05:30,23842.0,23853.4,23838.6,23853.4,14300.0,5457530.0
2026-06-30 15:05:00+05:30,23843.7,23855.0,23838.6,23838.6,7800.0,5456750.0
2026-06-30 15:06:00+05:30,23840.0,23855.0,23839.6,23855.0,18850.0,5443880.0
2026-06-30 15:07:00+05:30,23855.7,23874.9,23855.7,23866.0,30420.0,5431530.0
2026-06-30 15:08:00+05:30,23873.8,23875.2,23852.2,23858.0,31200.0,5426200.0
2026-06-30 15:09:00+05:30,23858.0,23865.0,23855.8,23858.2,29185.0,5418075.0
2026-06-30 15:10:00+05:30,23859.5,23872.0,23855.0,23870.8,30940.0,5413200.0
2026-06-30 15:11:00+05:30,23870.6,23872.0,23864.6,23865.4,20735.0,5405270.0
2026-06-30 15:12:00+05:30,23865.0,23881.7,23864.9,23866.1,35555.0,5387980.0
2026-06-30 15:13:00+05:30,23866.2,23869.0,23860.8,23863.3,9555.0,5376670.0
2026-06-30 15:14:00+05:30,23863.5,23868.0,23862.5,23863.9,29185.0,5366205.0
2026-06-30 15:15:00+05:30,23863.9,23869.0,23863.3,23867.3,16770.0,5362955.0
2026-06-30 15:16:00+05:30,23867.6,23869.0,23860.7,23862.4,6760.0,5357430.0
2026-06-30 15:17:00+05:30,23862.4,23868.0,23862.0,23862.5,11180.0,5346575.0
2026-06-30 15:18:00+05:30,23862.7,23865.0,23861.2,23862.6,13065.0,5343455.0
2026-06-30 15:19:00+05:30,23862.5,23867.0,23862.5,23866.0,23595.0,5338580.0
2026-06-30 15:20:00+05:30,23866.0,23868.8,23864.5,23864.9,10530.0,5335655.0
2026-06-30 15:21:00+05:30,23865.0,23867.0,23864.0,23864.5,24895.0,5313750.0
2026-06-30 15:22:00+05:30,23865.0,23867.0,23862.5,23864.2,14625.0,5300750.0
2026-06-30 15:23:00+05:30,23864.0,23865.0,23863.7,23864.0,13065.0,5300750.0
2026-06-30 15:24:00+05:30,23864.1,23864.3,23863.2,23863.2,13715.0,5297110.0
2026-06-30 15:25:00+05:30,23863.3,23864.0,23863.0,23863.1,31460.0,5297110.0
2026-06-30 15:26:00+05:30,23863.1,23864.2,23863.1,23863.8,23725.0,5290285.0
2026-06-30 15:27:00+05:30,23863.8,23865.0,23863.0,23863.9,64155.0,5290285.0
2026-06-30 15:28:00+05:30,23863.9,23866.0,23863.9,23865.6,16640.0,5273515.0
2026-06-30 15:29:00+05:30,23866.0,23866.0,23864.3,23864.3,20150.0,5271110.0
2026-07-01 09:15:00+05:30,23994.5,24020.0,23983.3,24004.0,71370.0,17961840.0
2026-07-01 09:16:00+05:30,24001.1,24014.4,23994.0,24000.0,29250.0,17976725.0
2026-07-01 09:17:00+05:30,23999.5,24011.6,23998.7,24004.0,14560.0,17980625.0
2026-07-01 09:18:00+05:30,24005.0,24019.0,24003.1,24019.0,7410.0,17982900.0
2026-07-01 09:19:00+05:30,24019.9,24026.7,24012.2,24022.5,9425.0,17983940.0
2026-07-01 09:20:00+05:30,24015.2,24022.8,24013.0,24022.5,7865.0,17986605.0
2026-07-01 09:21:00+05:30,24021.0,24021.0,24010.0,24015.8,16900.0,17994600.0
2026-07-01 09:22:00+05:30,24012.9,24020.0,24008.0,24016.7,9425.0,17994210.0
2026-07-01 09:23:00+05:30,24015.0,24021.0,24012.0,24015.1,5070.0,17995770.0
2026-07-01 09:24:00+05:30,24020.0,24022.3,24010.0,24010.9,14950.0,17998240.0
2026-07-01 09:25:00+05:30,24010.0,24010.9,24001.0,24010.9,15600.0,18000840.0
2026-07-01 09:26:00+05:30,24008.2,24018.4,24004.1,24013.0,8385.0,17999800.0
2026-07-01 09:27:00+05:30,24011.0,24019.7,24010.0,24019.7,5135.0,18001880.0
2026-07-01 09:28:00+05:30,24016.8,24019.3,24009.6,24016.9,3900.0,18001880.0
2026-07-01 09:29:00+05:30,24016.9,24022.5,24015.0,24022.5,4355.0,18003180.0
2026-07-01 09:30:00+05:30,24021.3,24035.0,24020.0,24032.0,18460.0,17997655.0
2026-07-01 09:31:00+05:30,24033.8,24035.0,24020.0,24023.1,7215.0,17998760.0
2026-07-01 09:32:00+05:30,24023.1,24024.8,24016.3,24016.4,4680.0,18001360.0
2026-07-01 09:33:00+05:30,24020.7,24020.7,24006.0,24015.0,14885.0,17994470.0
2026-07-01 09:34:00+05:30,24015.0,24017.6,24006.0,24012.0,6370.0,17996355.0
2026-07-01 09:35:00+05:30,24012.0,24025.0,24012.0,24025.0,5590.0,17995510.0
2026-07-01 09:36:00+05:30,24024.0,24028.9,24020.0,24023.5,5070.0,17996030.0
2026-07-01 09:37:00+05:30,24026.6,24031.0,24016.0,24031.0,5265.0,17996225.0
2026-07-01 09:38:00+05:30,24030.0,24039.0,24024.5,24039.0,4485.0,17995770.0
2026-07-01 09:39:00+05:30,24039.0,24040.0,24031.1,24032.1,7085.0,17996940.0
2026-07-01 09:40:00+05:30,24032.3,24049.9,24032.3,24046.7,12740.0,17991805.0
2026-07-01 09:41:00+05:30,24039.6,24046.9,24035.0,24035.1,4420.0,17991350.0
2026-07-01 09:42:00+05:30,24035.5,24035.9,24021.0,24024.0,9620.0,17992065.0
2026-07-01 09:43:00+05:30,24024.1,24036.8,24024.0,24035.0,5785.0,17992260.0
2026-07-01 09:44:00+05:30,24034.4,24040.0,24025.3,24040.0,6955.0,17991025.0
2026-07-01 09:45:00+05:30,24040.0,24045.0,24035.0,24041.9,7605.0,17993625.0
2026-07-01 09:46:00+05:30,24041.7,24048.8,24037.0,24048.8,4615.0,17994860.0
2026-07-01 09:47:00+05:30,24046.9,24050.0,24045.5,24049.0,7670.0,17996875.0
2026-07-01 09:48:00+05:30,24046.0,24055.0,24045.0,24050.9,12025.0,17995380.0
2026-07-01 09:49:00+05:30,24053.3,24053.3,24037.0,24040.0,6305.0,17995380.0
2026-07-01 09:50:00+05:30,24039.9,24046.0,24037.0,24037.0,7410.0,17997200.0
2026-07-01 09:51:00+05:30,24037.0,24041.0,24035.0,24035.1,4030.0,18002075.0
2026-07-01 09:52:00+05:30,24035.1,24043.0,24035.1,24037.8,2925.0,18001750.0
2026-07-01 09:53:00+05:30,24040.0,24055.0,24037.0,24054.9,10660.0,17995510.0
2026-07-01 09:54:00+05:30,24045.9,24054.7,24043.6,24050.0,2340.0,17995185.0
2026-07-01 09:55:00+05:30,24053.0,24060.0,24051.0,24060.0,10985.0,17991805.0
2026-07-01 09:56:00+05:30,24060.0,24070.0,24058.3,24067.9,11960.0,17991805.0
2026-07-01 09:57:00+05:30,24068.0,24069.0,24055.6,24065.0,8190.0,17990115.0
2026-07-01 09:58:00+05:30,24065.0,24073.5,24065.0,24073.5,13390.0,17988750.0
2026-07-01 09:59:00+05:30,24071.9,24080.0,24071.0,24079.0,25220.0,17989465.0
2026-07-01 10:00:00+05:30,24079.0,24093.0,24072.5,24084.0,58370.0,17985110.0
2026-07-01 10:01:00+05:30,24083.0,24085.0,24076.0,24083.0,6045.0,17992000.0
2026-07-01 10:02:00+05:30,24083.0,24088.9,24071.0,24071.0,9880.0,17991155.0
2026-07-01 10:03:00+05:30,24071.7,24081.0,24070.0,24070.0,8450.0,17989855.0
2026-07-01 10:04:00+05:30,24075.0,24076.5,24063.0,24075.0,14625.0,17989335.0
2026-07-01 10:05:00+05:30,24075.0,24075.0,24062.4,24074.0,4225.0,17980170.0
2026-07-01 10:06:00+05:30,24074.0,24078.5,24066.2,24074.0,9685.0,17977830.0
2026-07-01 10:07:00+05:30,24079.0,24079.9,24070.0,24074.0,4290.0,17977505.0
2026-07-01 10:08:00+05:30,24072.0,24078.0,24064.0,24074.6,4160.0,17976660.0
2026-07-01 10:09:00+05:30,24074.0,24082.0,24072.0,24082.0,6435.0,17976660.0
2026-07-01 10:10:00+05:30,24083.0,24088.0,24075.0,24087.0,8905.0,17973930.0
2026-07-01 10:11:00+05:30,24087.0,24088.9,24077.0,24080.0,4225.0,17971200.0
2026-07-01 10:12:00+05:30,24085.0,24087.2,24077.2,24087.2,3510.0,17970160.0
2026-07-01 10:13:00+05:30,24085.0,24089.0,24079.1,24088.0,4550.0,17970290.0
2026-07-01 10:14:00+05:30,24081.1,24090.0,24079.7,24085.0,9100.0,17971525.0
2026-07-01 10:15:00+05:30,24085.1,24095.0,24083.0,24095.0,12285.0,17968340.0
2026-07-01 10:16:00+05:30,24095.0,24098.0,24087.0,24090.6,10465.0,17963985.0
2026-07-01 10:17:00+05:30,24090.6,24098.9,24090.6,24096.2,11765.0,17963140.0
2026-07-01 10:18:00+05:30,24097.0,24110.0,24097.0,24103.0,34255.0,17957550.0
2026-07-01 10:19:00+05:30,24110.0,24117.7,24103.0,24117.7,21775.0,17947995.0
2026-07-01 10:20:00+05:30,24116.4,24118.5,24107.6,24112.3,12025.0,17943575.0
2026-07-01 10:21:00+05:30,24115.0,24119.9,24110.2,24115.0,8255.0,17941950.0
2026-07-01 10:22:00+05:30,24116.0,24129.2,24111.5,24129.0,31070.0,17939350.0
2026-07-01 10:23:00+05:30,24129.0,24133.0,24125.2,24130.6,22490.0,17925700.0
2026-07-01 10:24:00+05:30,24129.2,24131.0,24129.0,24129.2,24440.0,17910750.0
2026-07-01 10:25:00+05:30,24129.2,24130.0,24105.0,24106.0,15340.0,17901585.0
2026-07-01 10:26:00+05:30,24110.0,24120.9,24106.0,24109.6,7735.0,17895345.0
2026-07-01 10:27:00+05:30,24109.6,24122.2,24108.3,24118.4,8710.0,17888650.0
2026-07-01 10:28:00+05:30,24110.0,24117.7,24105.0,24106.0,3510.0,17888585.0
2026-07-01 10:29:00+05:30,24105.0,24114.9,24105.0,24113.0,3055.0,17887870.0
2026-07-01 10:30:00+05:30,24114.9,24117.7,24107.2,24114.0,3835.0,17881825.0
2026-07-01 10:31:00+05:30,24114.0,24118.0,24110.0,24111.0,2600.0,17882930.0
2026-07-01 10:32:00+05:30,24112.0,24113.4,24104.9,24105.0,5460.0,17883255.0
2026-07-01 10:33:00+05:30,24105.0,24110.0,24090.0,24095.0,9880.0,17881630.0
2026-07-01 10:34:00+05:30,24095.0,24112.0,24095.0,24103.0,7150.0,17882670.0
2026-07-01 10:35:00+05:30,24103.2,24105.0,24096.0,24100.0,3185.0,17880915.0
2026-07-01 10:36:00+05:30,24100.2,24109.9,24097.8,24109.9,3055.0,17880915.0
2026-07-01 10:37:00+05:30,24100.2,24110.0,24091.0,24092.0,3120.0,17878445.0
2026-07-01 10:38:00+05:30,24092.0,24098.0,24077.0,24087.5,7085.0,17879290.0
2026-07-01 10:39:00+05:30,24077.0,24095.0,24077.0,24091.1,3185.0,17877925.0
2026-07-01 10:40:00+05:30,24081.1,24089.6,24075.0,24075.0,3900.0,17878250.0
2026-07-01 10:41:00+05:30,24075.2,24087.3,24075.0,24085.0,4290.0,17876040.0
2026-07-01 10:42:00+05:30,24078.3,24078.3,24070.0,24070.0,17615.0,17876495.0
2026-07-01 10:43:00+05:30,24070.0,24072.2,24042.0,24042.0,21970.0,17888715.0
2026-07-01 10:44:00+05:30,24048.1,24054.1,24040.0,24045.0,13325.0,17895865.0
2026-07-01 10:45:00+05:30,24046.6,24067.1,24042.0,24042.0,11115.0,17897425.0
2026-07-01 10:46:00+05:30,24042.0,24057.3,24040.0,24057.3,10725.0,17899700.0
2026-07-01 10:47:00+05:30,24056.6,24070.0,24051.0,24065.0,5720.0,17902170.0
2026-07-01 10:48:00+05:30,24070.0,24074.6,24065.0,24068.4,10205.0,17907630.0
2026-07-01 10:49:00+05:30,24060.1,24067.0,24054.6,24064.0,3835.0,17910230.0
2026-07-01 10:50:00+05:30,24062.0,24071.6,24061.1,24066.5,5785.0,17911010.0
2026-07-01 10:51:00+05:30,24061.1,24065.3,24055.0,24055.0,3835.0,17912310.0
2026-07-01 10:52:00+05:30,24055.2,24064.5,24055.2,24060.2,2340.0,17911270.0
2026-07-01 10:53:00+05:30,24060.3,24065.0,24055.0,24065.0,2535.0,17912180.0
2026-07-01 10:54:00+05:30,24065.0,24076.0,24061.9,24068.0,2470.0,17912830.0
2026-07-01 10:55:00+05:30,24068.0,24076.6,24062.2,24071.1,3055.0,17914520.0
2026-07-01 10:56:00+05:30,24070.5,24073.9,24062.3,24066.5,2730.0,17915365.0
2026-07-01 10:57:00+05:30,24067.1,24069.0,24062.2,24063.0,2405.0,17917380.0
2026-07-01 10:58:00+05:30,24062.1,24064.0,24056.0,24064.0,2210.0,17918810.0
2026-07-01 10:59:00+05:30,24064.2,24070.0,24064.0,24064.1,1950.0,17918875.0
2026-07-01 11:00:00+05:30,24070.0,24077.5,24065.6,24077.5,2860.0,17919850.0
2026-07-01 11:01:00+05:30,24074.3,24077.5,24065.2,24070.0,4030.0,17920890.0
2026-07-01 11:02:00+05:30,24067.5,24075.4,24065.7,24075.4,1820.0,17922125.0
2026-07-01 11:03:00+05:30,24069.3,24073.0,24069.2,24073.0,715.0,17922515.0
2026-07-01 11:04:00+05:30,24073.1,24074.0,24070.0,24071.5,390.0,17922970.0
2026-07-01 11:05:00+05:30,24074.5,24079.0,24074.5,24077.5,1040.0,17923230.0
2026-07-01 11:06:00+05:30,24077.5,24077.5,24070.1,24072.0,1625.0,17924270.0
2026-07-01 11:07:00+05:30,24075.0,24076.0,24071.2,24071.2,2015.0,17924400.0
2026-07-01 11:08:00+05:30,24076.0,24076.0,24072.0,24075.0,650.0,17925180.0
2026-07-01 11:09:00+05:30,24078.0,24085.0,24075.2,24082.0,2795.0,17925245.0
2026-07-01 11:10:00+05:30,24085.0,24090.0,24085.0,24087.1,2990.0,17925245.0
2026-07-01 11:11:00+05:30,24089.9,24090.0,24083.0,24084.0,2990.0,17925765.0
2026-07-01 11:12:00+05:30,24084.0,24091.0,24083.1,24087.1,2730.0,17925310.0
2026-07-01 11:13:00+05:30,24091.0,24094.0,24087.9,24094.0,3900.0,17924985.0
2026-07-01 11:14:00+05:30,24094.0,24118.0,24094.0,24110.1,16510.0,17925700.0
2026-07-01 11:15:00+05:30,24108.9,24124.0,24103.7,24113.8,20605.0,17927975.0
2026-07-01 11:16:00+05:30,24113.4,24124.0,24103.7,24124.0,10530.0,17932460.0
2026-07-01 11:17:00+05:30,24112.9,24123.7,24110.9,24113.2,9880.0,17937595.0
2026-07-01 11:18:00+05:30,24113.2,24113.2,24110.0,24112.0,2340.0,17938960.0
2026-07-01 11:19:00+05:30,24113.0,24115.0,24107.1,24113.0,6760.0,17938700.0
2026-07-01 11:20:00+05:30,24113.0,24115.0,24108.3,24110.0,2145.0,17938765.0
2026-07-01 11:21:00+05:30,24110.0,24113.9,24109.3,24111.0,3705.0,17936100.0
2026-07-01 11:22:00+05:30,24113.0,24113.9,24108.0,24111.0,4160.0,17936880.0
2026-07-01 11:23:00+05:30,24112.0,24112.0,24101.0,24111.0,8710.0,17938895.0
2026-07-01 11:24:00+05:30,24111.0,24111.0,24095.3,24105.0,3965.0,17940780.0
2026-07-01 11:25:00+05:30,24105.4,24105.4,24090.3,24100.0,1755.0,17940650.0
2026-07-01 11:26:00+05:30,24090.7,24100.0,24090.0,24098.6,1820.0,17938830.0
2026-07-01 11:27:00+05:30,24090.1,24100.0,24090.1,24094.2,1690.0,17939285.0
2026-07-01 11:28:00+05:30,24098.9,24100.0,24096.0,24100.0,2340.0,17940975.0
2026-07-01 11:29:00+05:30,24100.0,24109.5,24097.0,24104.0,3380.0,17941885.0
2026-07-01 11:30:00+05:30,24105.0,24108.4,24100.0,24100.0,7215.0,17942600.0
2026-07-01 11:31:00+05:30,24103.6,24105.0,24099.0,24099.0,1820.0,17942860.0
2026-07-01 11:32:00+05:30,24099.0,24100.0,24092.0,24092.0,2925.0,17943185.0
2026-07-01 11:33:00+05:30,24095.0,24100.0,24085.1,24085.1,7995.0,17946695.0
2026-07-01 11:34:00+05:30,24089.9,24090.4,24080.1,24080.1,4030.0,17948320.0
2026-07-01 11:35:00+05:30,24080.1,24087.3,24073.1,24073.1,6565.0,17949295.0
2026-07-01 11:36:00+05:30,24073.3,24080.0,24072.4,24079.9,6955.0,17949165.0
2026-07-01 11:37:00+05:30,24080.0,24084.6,24075.0,24080.0,2665.0,17949815.0
2026-07-01 11:38:00+05:30,24077.5,24089.3,24076.0,24089.3,2015.0,17949880.0
2026-07-01 11:39:00+05:30,24088.0,24089.3,24080.3,24082.0,975.0,17949945.0
2026-07-01 11:40:00+05:30,24082.2,24095.0,24082.2,24095.0,2665.0,17949165.0
2026-07-01 11:41:00+05:30,24090.2,24096.5,24086.1,24086.1,1560.0,17947475.0
2026-07-01 11:42:00+05:30,24095.0,24100.0,24086.2,24094.0,5200.0,17947475.0
2026-07-01 11:43:00+05:30,24094.0,24101.0,24090.3,24092.4,2405.0,17951765.0
2026-07-01 11:44:00+05:30,24100.0,24110.0,24093.2,24100.0,8840.0,17951700.0
2026-07-01 11:45:00+05:30,24109.5,24114.5,24100.2,24109.0,5720.0,17956965.0
2026-07-01 11:46:00+05:30,24108.7,24109.0,24106.2,24109.0,3120.0,17956900.0
2026-07-01 11:47:00+05:30,24107.0,24109.0,24105.7,24108.0,2080.0,17956835.0
2026-07-01 11:48:00+05:30,24109.0,24109.0,24106.6,24108.0,2860.0,17956640.0
2026-07-01 11:49:00+05:30,24106.0,24114.4,24106.0,24106.1,3770.0,17957810.0
2026-07-01 11:50:00+05:30,24110.0,24110.0,24105.2,24105.2,1625.0,17957485.0
2026-07-01 11:51:00+05:30,24106.0,24106.0,24100.0,24100.0,2470.0,17958005.0
2026-07-01 11:52:00+05:30,24100.0,24103.0,24096.8,24096.8,975.0,17958265.0
2026-07-01 11:53:00+05:30,24096.8,24097.4,24090.3,24096.0,1170.0,17958525.0
2026-07-01 11:54:00+05:30,24095.8,24095.8,24090.0,24090.0,2210.0,17958850.0
2026-07-01 11:55:00+05:30,24090.0,24093.0,24085.5,24089.5,2470.0,17958850.0
2026-07-01 11:56:00+05:30,24090.0,24093.0,24087.0,24089.2,4550.0,17961125.0
2026-07-01 11:57:00+05:30,24090.4,24104.5,24090.0,24104.5,20540.0,17962490.0
2026-07-01 11:58:00+05:30,24102.3,24109.0,24100.0,24109.0,1820.0,17963465.0
2026-07-01 11:59:00+05:30,24110.0,24115.0,24107.9,24115.0,3120.0,17963660.0
2026-07-01 12:00:00+05:30,24112.4,24120.0,24111.2,24112.5,8905.0,17965025.0
2026-07-01 12:01:00+05:30,24112.3,24114.1,24105.9,24112.0,3445.0,17962620.0
2026-07-01 12:02:00+05:30,24115.0,24116.0,24112.1,24115.0,2275.0,17962425.0
2026-07-01 12:03:00+05:30,24112.0,24115.0,24108.1,24114.0,2600.0,17960800.0
2026-07-01 12:04:00+05:30,24108.1,24114.0,24107.1,24108.0,1105.0,17960475.0
2026-07-01 12:05:00+05:30,24112.9,24113.0,24109.1,24112.1,1235.0,17960345.0
2026-07-01 12:06:00+05:30,24110.1,24116.0,24110.1,24116.0,2990.0,17958460.0
2026-07-01 12:07:00+05:30,24115.1,24125.0,24115.1,24125.0,11180.0,17956770.0
2026-07-01 12:08:00+05:30,24125.0,24127.0,24124.0,24127.0,9685.0,17953585.0
2026-07-01 12:09:00+05:30,24127.0,24142.6,24124.0,24140.8,36465.0,17943055.0
2026-07-01 12:10:00+05:30,24139.0,24140.3,24130.0,24139.0,29185.0,17947540.0
2026-07-01 12:11:00+05:30,24138.3,24138.3,24120.5,24124.2,7735.0,17949100.0
2026-07-01 12:12:00+05:30,24124.2,24131.9,24120.0,24127.0,6630.0,17948190.0
2026-07-01 12:13:00+05:30,24129.5,24129.6,24120.1,24126.7,2535.0,17950205.0
2026-07-01 12:14:00+05:30,24126.7,24127.3,24116.0,24122.0,15860.0,17955210.0
2026-07-01 12:15:00+05:30,24122.0,24122.7,24115.0,24118.7,5135.0,17957095.0
2026-07-01 12:16:00+05:30,24120.0,24132.2,24118.4,24125.1,11245.0,17952350.0
2026-07-01 12:17:00+05:30,24125.1,24126.9,24120.0,24123.0,5915.0,17954690.0
2026-07-01 12:18:00+05:30,24122.5,24124.0,24113.0,24113.0,5460.0,17957030.0
2026-07-01 12:19:00+05:30,24118.0,24124.8,24112.2,24115.5,2860.0,17957615.0
2026-07-01 12:20:00+05:30,24121.0,24121.0,24115.1,24119.9,1105.0,17958200.0
2026-07-01 12:21:00+05:30,24119.9,24120.0,24112.1,24115.0,2925.0,17951960.0
2026-07-01 12:22:00+05:30,24112.3,24120.0,24112.0,24120.0,2470.0,17951440.0
2026-07-01 12:23:00+05:30,24113.0,24120.0,24109.1,24115.0,4420.0,17952025.0
2026-07-01 12:24:00+05:30,24109.0,24133.5,24109.0,24133.5,6110.0,17949360.0
2026-07-01 12:25:00+05:30,24123.1,24133.5,24120.0,24128.0,2470.0,17950465.0
2026-07-01 12:26:00+05:30,24128.0,24128.3,24120.0,24125.0,3120.0,17950400.0
2026-07-01 12:27:00+05:30,24120.0,24130.0,24115.1,24129.8,4550.0,17951375.0
2026-07-01 12:28:00+05:30,24129.0,24129.3,24110.0,24110.0,13780.0,17957810.0
2026-07-01 12:29:00+05:30,24111.3,24111.4,24100.0,24105.0,9880.0,17963270.0
2026-07-01 12:30:00+05:30,24100.8,24120.0,24100.0,24113.0,8385.0,17961775.0
2026-07-01 12:31:00+05:30,24114.8,24125.0,24113.0,24122.5,3510.0,17959695.0
2026-07-01 12:32:00+05:30,24122.0,24129.8,24118.7,24124.0,2275.0,17959175.0
2026-07-01 12:33:00+05:30,24128.5,24129.0,24117.5,24120.0,2405.0,17958980.0
2026-07-01 12:34:00+05:30,24120.0,24129.0,24118.0,24119.7,4095.0,17956900.0
2026-07-01 12:35:00+05:30,24123.9,24128.0,24119.7,24127.0,2665.0,17956640.0
2026-07-01 12:36:00+05:30,24127.6,24133.0,24124.4,24131.0,5135.0,17955600.0
2026-07-01 12:37:00+05:30,24133.0,24138.0,24127.0,24132.2,6500.0,17954950.0
2026-07-01 12:38:00+05:30,24138.2,24142.0,24121.2,24128.3,11830.0,17951050.0
2026-07-01 12:39:00+05:30,24128.1,24135.0,24128.1,24130.0,2730.0,17950725.0
2026-07-01 12:40:00+05:30,24130.0,24131.0,24119.0,24123.0,2145.0,17949100.0
2026-07-01 12:41:00+05:30,24120.0,24123.9,24116.5,24118.9,1300.0,17947865.0
2026-07-01 12:42:00+05:30,24118.0,24120.0,24113.0,24119.0,2860.0,17948905.0
2026-07-01 12:43:00+05:30,24119.0,24120.0,24110.0,24111.1,2535.0,17949100.0
2026-07-01 12:44:00+05:30,24111.1,24114.9,24110.0,24111.0,2730.0,17949035.0
2026-07-01 12:45:00+05:30,24111.0,24119.8,24110.7,24119.7,1235.0,17949230.0
2026-07-01 12:46:00+05:30,24110.0,24118.4,24109.0,24111.0,845.0,17948710.0
2026-07-01 12:47:00+05:30,24109.0,24119.0,24107.4,24112.1,2080.0,17949880.0
2026-07-01 12:48:00+05:30,24112.1,24118.9,24110.0,24111.2,1755.0,17951050.0
2026-07-01 12:49:00+05:30,24111.2,24119.9,24111.0,24119.8,1560.0,17950985.0
2026-07-01 12:50:00+05:30,24113.0,24119.8,24113.0,24113.7,1755.0,17951765.0
2026-07-01 12:51:00+05:30,24117.9,24120.0,24113.0,24119.9,2275.0,17951245.0
2026-07-01 12:52:00+05:30,24120.0,24120.0,24110.4,24119.0,2275.0,17951960.0
2026-07-01 12:53:00+05:30,24118.9,24118.9,24111.7,24113.4,1040.0,17952350.0
2026-07-01 12:54:00+05:30,24114.1,24119.0,24110.0,24110.1,780.0,17952935.0
2026-07-01 12:55:00+05:30,24110.1,24110.1,24101.2,24104.8,2535.0,17953390.0
2026-07-01 12:56:00+05:30,24110.0,24115.0,24105.3,24110.0,1170.0,17954300.0
2026-07-01 12:57:00+05:30,24111.0,24112.0,24105.0,24110.0,1365.0,17954755.0
2026-07-01 12:58:00+05:30,24106.0,24110.0,24104.2,24109.7,975.0,17955275.0
2026-07-01 12:59:00+05:30,24107.9,24110.0,24106.0,24107.0,1235.0,17955730.0
2026-07-01 13:00:00+05:30,24107.0,24110.0,24101.7,24105.0,1690.0,17956185.0
2026-07-01 13:01:00+05:30,24101.7,24110.0,24100.0,24100.0,4355.0,17956120.0
2026-07-01 13:02:00+05:30,24100.0,24100.0,24090.0,24090.0,5460.0,17956705.0
2026-07-01 13:03:00+05:30,24090.0,24095.0,24088.0,24095.0,6110.0,17956380.0
2026-07-01 13:04:00+05:30,24092.6,24099.0,24090.0,24090.0,5005.0,17959370.0
2026-07-01 13:05:00+05:30,24094.0,24100.0,24090.0,24094.3,1950.0,17959435.0
2026-07-01 13:06:00+05:30,24090.9,24099.0,24090.0,24099.0,1495.0,17959435.0
2026-07-01 13:07:00+05:30,24097.0,24100.0,24094.0,24097.6,1430.0,17960670.0
2026-07-01 13:08:00+05:30,24100.0,24100.0,24092.0,24099.0,910.0,17961255.0
2026-07-01 13:09:00+05:30,24093.0,24100.0,24093.0,24100.0,1690.0,17961905.0
2026-07-01 13:10:00+05:30,24097.2,24100.0,24093.0,24094.1,3510.0,17962750.0
2026-07-01 13:11:00+05:30,24094.1,24104.1,24093.0,24104.1,2210.0,17962880.0
2026-07-01 13:12:00+05:30,24104.1,24109.0,24101.0,24105.0,1495.0,17963270.0
2026-07-01 13:13:00+05:30,24108.0,24110.0,24105.0,24105.0,2405.0,17963270.0
2026-07-01 13:14:00+05:30,24109.5,24114.0,24101.8,24105.0,1560.0,17963660.0
2026-07-01 13:15:00+05:30,24115.2,24117.9,24105.0,24117.9,1755.0,17963660.0
2026-07-01 13:16:00+05:30,24115.0,24117.0,24106.3,24109.1,1235.0,17964440.0
2026-07-01 13:17:00+05:30,24109.2,24115.0,24109.1,24113.0,1950.0,17963790.0
2026-07-01 13:18:00+05:30,24112.0,24115.0,24110.0,24115.0,1300.0,17964050.0
2026-07-01 13:19:00+05:30,24115.0,24119.0,24110.0,24118.0,4810.0,17964050.0
2026-07-01 13:20:00+05:30,24113.3,24113.3,24105.2,24105.2,1560.0,17967755.0
2026-07-01 13:21:00+05:30,24105.2,24110.0,24105.0,24110.0,1625.0,17968795.0
2026-07-01 13:22:00+05:30,24114.6,24114.9,24101.0,24101.0,1235.0,17966975.0
2026-07-01 13:23:00+05:30,24105.8,24109.7,24094.1,24104.5,1430.0,17967040.0
2026-07-01 13:24:00+05:30,24104.5,24108.0,24093.0,24093.0,3315.0,17967560.0
2026-07-01 13:25:00+05:30,24094.0,24104.9,24094.0,24104.5,1365.0,17968080.0
2026-07-01 13:26:00+05:30,24095.7,24103.0,24095.3,24103.0,1430.0,17968145.0
2026-07-01 13:27:00+05:30,24100.4,24104.9,24100.4,24103.5,780.0,17968145.0
2026-07-01 13:28:00+05:30,24105.0,24109.0,24100.7,24105.0,4095.0,17968275.0
2026-07-01 13:29:00+05:30,24100.0,24105.0,24100.0,24102.1,780.0,17966975.0
2026-07-01 13:30:00+05:30,24100.0,24104.3,24092.0,24096.0,4745.0,17967495.0
2026-07-01 13:31:00+05:30,24091.0,24103.5,24090.0,24094.0,2405.0,17968080.0
2026-07-01 13:32:00+05:30,24096.4,24103.0,24094.0,24095.4,845.0,17967235.0
2026-07-01 13:33:00+05:30,24097.0,24097.0,24083.3,24092.4,7085.0,17967755.0
2026-07-01 13:34:00+05:30,24102.0,24103.8,24091.2,24095.0,1300.0,17968405.0
2026-07-01 13:35:00+05:30,24096.5,24111.0,24096.5,24111.0,4095.0,17968405.0
2026-07-01 13:36:00+05:30,24111.0,24112.0,24109.0,24111.0,1820.0,17970290.0
2026-07-01 13:37:00+05:30,24111.0,24120.0,24108.0,24118.3,5070.0,17971135.0
2026-07-01 13:38:00+05:30,24118.3,24130.0,24116.5,24125.1,10270.0,17972370.0
2026-07-01 13:39:00+05:30,24127.3,24130.0,24122.0,24122.0,3575.0,17969705.0
2026-07-01 13:40:00+05:30,24129.0,24129.0,24122.0,24122.5,4485.0,17971135.0
2026-07-01 13:41:00+05:30,24122.0,24129.1,24122.0,24125.0,7345.0,17972435.0
2026-07-01 13:42:00+05:30,24125.1,24126.0,24116.3,24122.0,7605.0,17975685.0
2026-07-01 13:43:00+05:30,24122.1,24124.0,24111.2,24122.2,9165.0,17978350.0
2026-07-01 13:44:00+05:30,24112.0,24122.0,24110.1,24117.1,3185.0,17982120.0
2026-07-01 13:45:00+05:30,24122.0,24122.0,24105.5,24117.7,3055.0,17980495.0
2026-07-01 13:46:00+05:30,24118.0,24118.0,24102.0,24105.0,2210.0,17980105.0
2026-07-01 13:47:00+05:30,24109.2,24112.9,24105.0,24112.0,1170.0,17978675.0
2026-07-01 13:48:00+05:30,24112.0,24116.0,24109.9,24116.0,1885.0,17978610.0
2026-07-01 13:49:00+05:30,24116.0,24119.0,24112.0,24116.0,520.0,17979000.0
2026-07-01 13:50:00+05:30,24112.1,24116.0,24103.7,24106.8,2405.0,17979065.0
2026-07-01 13:51:00+05:30,24110.0,24115.6,24106.0,24107.0,1040.0,17979260.0
2026-07-01 13:52:00+05:30,24115.0,24115.0,24108.0,24109.0,520.0,17978155.0
2026-07-01 13:53:00+05:30,24109.0,24114.0,24109.0,24110.0,520.0,17978350.0
2026-07-01 13:54:00+05:30,24110.0,24114.0,24105.0,24105.0,1560.0,17977440.0
2026-07-01 13:55:00+05:30,24107.6,24114.0,24101.0,24109.9,7020.0,17978025.0
2026-07-01 13:56:00+05:30,24107.0,24109.9,24103.9,24103.9,2535.0,17979390.0
2026-07-01 13:57:00+05:30,24105.5,24107.0,24102.5,24103.0,1365.0,17979000.0
2026-07-01 13:58:00+05:30,24106.9,24106.9,24100.0,24100.0,1625.0,17979455.0
2026-07-01 13:59:00+05:30,24100.9,24110.0,24100.0,24110.0,3965.0,17978610.0
2026-07-01 14:00:00+05:30,24103.0,24109.9,24099.1,24100.0,1430.0,17979000.0
2026-07-01 14:01:00+05:30,24099.0,24109.9,24095.1,24099.1,21190.0,17979585.0
2026-07-01 14:02:00+05:30,24100.8,24109.0,24098.4,24107.0,1365.0,17970615.0
2026-07-01 14:03:00+05:30,24103.0,24109.0,24100.9,24105.0,1820.0,17971200.0
2026-07-01 14:04:00+05:30,24109.0,24119.0,24107.5,24112.0,2925.0,17972045.0
2026-07-01 14:05:00+05:30,24119.0,24121.0,24110.0,24118.8,3705.0,17972175.0
2026-07-01 14:06:00+05:30,24118.8,24119.0,24112.1,24114.9,1235.0,17971980.0
2026-07-01 14:07:00+05:30,24119.0,24119.9,24114.0,24119.9,975.0,17972175.0
2026-07-01 14:08:00+05:30,24115.0,24119.9,24110.1,24117.0,1560.0,17972175.0
2026-07-01 14:09:00+05:30,24116.0,24120.5,24116.0,24120.5,1755.0,17972760.0
2026-07-01 14:10:00+05:30,24120.9,24125.0,24116.0,24125.0,6175.0,17972630.0
2026-07-01 14:11:00+05:30,24125.0,24130.0,24121.0,24130.0,3965.0,17972370.0
2026-07-01 14:12:00+05:30,24130.0,24130.0,24124.9,24130.0,2860.0,17970290.0
2026-07-01 14:13:00+05:30,24129.0,24134.8,24126.0,24134.0,7475.0,17970810.0
2026-07-01 14:14:00+05:30,24134.8,24134.8,24126.0,24132.0,2795.0,17969575.0
2026-07-01 14:15:00+05:30,24134.0,24140.6,24124.9,24139.7,27105.0,17969445.0
2026-07-01 14:16:00+05:30,24132.7,24137.0,24121.7,24122.7,5070.0,17979910.0
2026-07-01 14:17:00+05:30,24130.0,24135.0,24121.5,24132.6,2275.0,17981340.0
2026-07-01 14:18:00+05:30,24128.3,24133.7,24124.0,24130.3,3185.0,17981990.0
2026-07-01 14:19:00+05:30,24120.0,24129.3,24120.0,24122.0,2145.0,17982900.0
2026-07-01 14:20:00+05:30,24124.0,24130.4,24120.0,24129.0,4095.0,17982900.0
2026-07-01 14:21:00+05:30,24126.3,24132.0,24126.3,24131.0,2015.0,17981535.0
2026-07-01 14:22:00+05:30,24130.2,24131.0,24120.0,24123.3,2210.0,17981470.0
2026-07-01 14:23:00+05:30,24122.5,24126.0,24115.0,24120.4,1365.0,17981795.0
2026-07-01 14:24:00+05:30,24125.7,24128.0,24115.2,24121.1,4355.0,17981665.0
2026-07-01 14:25:00+05:30,24129.3,24134.8,24120.3,24133.2,2730.0,17980040.0
2026-07-01 14:26:00+05:30,24130.7,24133.2,24125.0,24131.0,975.0,17980560.0
2026-07-01 14:27:00+05:30,24125.0,24133.0,24124.0,24130.5,1755.0,17978675.0
2026-07-01 14:28:00+05:30,24131.5,24131.7,24120.5,24124.7,2990.0,17979585.0
2026-07-01 14:29:00+05:30,24129.5,24129.5,24110.0,24111.0,3055.0,17980300.0
2026-07-01 14:30:00+05:30,24110.6,24125.0,24105.0,24115.9,6825.0,17979585.0
2026-07-01 14:31:00+05:30,24122.0,24122.5,24108.0,24114.8,1950.0,17979520.0
2026-07-01 14:32:00+05:30,24110.0,24115.0,24109.2,24109.6,2145.0,17979910.0
2026-07-01 14:33:00+05:30,24114.5,24115.0,24108.0,24114.4,2145.0,17979845.0
2026-07-01 14:34:00+05:30,24114.4,24114.4,24101.0,24101.0,3900.0,17980235.0
2026-07-01 14:35:00+05:30,24107.2,24111.0,24100.1,24101.0,2210.0,17979585.0
2026-07-01 14:36:00+05:30,24100.1,24108.0,24093.0,24099.4,9035.0,17979780.0
2026-07-01 14:37:00+05:30,24095.3,24105.0,24095.0,24095.0,2015.0,17979000.0
2026-07-01 14:38:00+05:30,24095.0,24098.1,24085.0,24089.8,8125.0,17979390.0
2026-07-01 14:39:00+05:30,24087.5,24090.0,24081.0,24084.9,8580.0,17978480.0
2026-07-01 14:40:00+05:30,24082.0,24082.3,24070.0,24071.0,20150.0,17977700.0
2026-07-01 14:41:00+05:30,24072.0,24085.0,24070.0,24084.8,11440.0,17979065.0
2026-07-01 14:42:00+05:30,24083.5,24102.8,24082.0,24091.9,13520.0,17974450.0
2026-07-01 14:43:00+05:30,24100.0,24105.0,24090.5,24098.3,7020.0,17974060.0
2026-07-01 14:44:00+05:30,24101.8,24105.8,24096.3,24105.0,2990.0,17975100.0
2026-07-01 14:45:00+05:30,24102.0,24108.0,24100.0,24107.9,3120.0,17976530.0
2026-07-01 14:46:00+05:30,24106.3,24106.6,24094.7,24101.1,2535.0,17976400.0
2026-07-01 14:47:00+05:30,24105.0,24105.0,24096.0,24104.0,1430.0,17974580.0
2026-07-01 14:48:00+05:30,24100.0,24102.8,24095.1,24095.1,1885.0,17975165.0
2026-07-01 14:49:00+05:30,24098.7,24100.0,24090.0,24090.0,2340.0,17975620.0
2026-07-01 14:50:00+05:30,24090.0,24100.0,24090.0,24099.5,2275.0,17976530.0
2026-07-01 14:51:00+05:30,24099.5,24099.5,24091.5,24091.5,2860.0,17974710.0
2026-07-01 14:52:00+05:30,24094.0,24100.0,24091.0,24094.0,3380.0,17974515.0
2026-07-01 14:53:00+05:30,24097.0,24105.0,24096.0,24105.0,2470.0,17976595.0
2026-07-01 14:54:00+05:30,24105.0,24111.9,24102.0,24111.0,4550.0,17978350.0
2026-07-01 14:55:00+05:30,24105.0,24109.9,24101.0,24109.6,3380.0,17978870.0
2026-07-01 14:56:00+05:30,24104.6,24114.0,24104.6,24110.0,8320.0,17982120.0
2026-07-01 14:57:00+05:30,24110.0,24114.0,24105.0,24110.0,3900.0,17984980.0
2026-07-01 14:58:00+05:30,24110.0,24117.0,24100.2,24108.0,3900.0,17986280.0
2026-07-01 14:59:00+05:30,24113.9,24119.0,24109.1,24119.0,6890.0,17986735.0
2026-07-01 15:00:00+05:30,24119.0,24129.6,24095.1,24106.3,20540.0,17982315.0
2026-07-01 15:01:00+05:30,24102.7,24118.5,24102.7,24110.9,15275.0,17989530.0
2026-07-01 15:02:00+05:30,24111.0,24112.9,24094.0,24095.9,5395.0,17992780.0
2026-07-01 15:03:00+05:30,24095.5,24110.5,24095.5,24102.5,3705.0,17993365.0
2026-07-01 15:04:00+05:30,24104.4,24109.0,24101.0,24101.0,1885.0,17993300.0
2026-07-01 15:05:00+05:30,24101.0,24106.4,24101.0,24103.9,9165.0,17993755.0
2026-07-01 15:06:00+05:30,24103.0,24104.9,24095.0,24095.1,8125.0,17997265.0
2026-07-01 15:07:00+05:30,24095.1,24099.5,24095.0,24095.0,5395.0,18000060.0
2026-07-01 15:08:00+05:30,24095.0,24095.0,24086.0,24086.0,5850.0,17999865.0
2026-07-01 15:09:00+05:30,24088.0,24093.4,24087.0,24088.0,3835.0,18000710.0
2026-07-01 15:10:00+05:30,24090.0,24098.0,24085.0,24091.2,6110.0,18001360.0
2026-07-01 15:11:00+05:30,24091.2,24097.5,24087.5,24090.0,11505.0,17999865.0
2026-07-01 15:12:00+05:30,24090.0,24098.0,24088.0,24092.0,6565.0,17966650.0
2026-07-01 15:13:00+05:30,24090.0,24100.0,24089.9,24091.0,7345.0,17963075.0
2026-07-01 15:14:00+05:30,24096.8,24100.0,24090.0,24092.0,3250.0,17963205.0
2026-07-01 15:15:00+05:30,24092.0,24100.0,24087.0,24093.7,10400.0,17960865.0
2026-07-01 15:16:00+05:30,24100.0,24101.1,24092.5,24096.8,12545.0,17958980.0
2026-07-01 15:17:00+05:30,24092.5,24102.1,24090.0,24090.1,5330.0,17957485.0
2026-07-01 15:18:00+05:30,24090.0,24099.0,24089.0,24089.0,19500.0,17954625.0
2026-07-01 15:19:00+05:30,24089.0,24098.9,24089.0,24090.0,6955.0,17953845.0
2026-07-01 15:20:00+05:30,24090.0,24092.7,24089.0,24090.0,6370.0,17955080.0
2026-07-01 15:21:00+05:30,24090.0,24090.9,24082.0,24085.0,20930.0,17963920.0
2026-07-01 15:22:00+05:30,24084.9,24091.9,24081.0,24082.0,10010.0,17961060.0
2026-07-01 15:23:00+05:30,24081.0,24095.0,24081.0,24088.5,24635.0,17961385.0
2026-07-01 15:24:00+05:30,24088.7,24095.0,24088.2,24094.0,8970.0,17947800.0
2026-07-01 15:25:00+05:30,24094.6,24094.8,24081.0,24083.1,17680.0,17949100.0
2026-07-01 15:26:00+05:30,24087.9,24090.0,24082.0,24082.3,7670.0,17951180.0
2026-07-01 15:27:00+05:30,24082.3,24092.0,24082.0,24091.9,17810.0,17957160.0
2026-07-01 15:28:00+05:30,24091.9,24092.0,24086.3,24089.1,47320.0,17980560.0
2026-07-01 15:29:00+05:30,24089.4,24090.0,24081.0,24082.0,20410.0,17997915.0
2026-07-02 09:15:00+05:30,24161.0,24185.0,24161.0,24170.0,71565.0,17893785.0
2026-07-02 09:16:00+05:30,24170.0,24177.9,24160.0,24170.0,25545.0,17891640.0
2026-07-02 09:17:00+05:30,24166.7,24170.0,24164.8,24168.3,18005.0,17891640.0
2026-07-02 09:18:00+05:30,24168.2,24180.7,24166.2,24177.7,41795.0,17882930.0
2026-07-02 09:19:00+05:30,24180.0,24187.0,24180.0,24184.0,18395.0,17884165.0
2026-07-02 09:20:00+05:30,24184.0,24190.0,24184.0,24190.0,25090.0,17888455.0
2026-07-02 09:21:00+05:30,24190.0,24199.0,24188.1,24192.1,27040.0,17888650.0
2026-07-02 09:22:00+05:30,24196.6,24196.9,24184.0,24184.0,15730.0,17882670.0
2026-07-02 09:23:00+05:30,24190.0,24210.0,24184.0,24206.0,46150.0,17879290.0
2026-07-02 09:24:00+05:30,24209.9,24219.0,24205.1,24215.1,26455.0,17851535.0
2026-07-02 09:25:00+05:30,24215.0,24218.0,24205.1,24206.2,17355.0,17849130.0
2026-07-02 09:26:00+05:30,24206.0,24210.0,24205.0,24207.0,16770.0,17847505.0
2026-07-02 09:27:00+05:30,24208.9,24215.0,24205.0,24210.0,15405.0,17843540.0
2026-07-02 09:28:00+05:30,24210.0,24218.0,24208.6,24209.6,9490.0,17841070.0
2026-07-02 09:29:00+05:30,24210.0,24210.0,24200.2,24201.8,8190.0,17838795.0
2026-07-02 09:30:00+05:30,24208.0,24215.0,24203.0,24210.0,9880.0,17837170.0
2026-07-02 09:31:00+05:30,24205.0,24217.0,24203.0,24212.0,8775.0,17832620.0
2026-07-02 09:32:00+05:30,24215.0,24224.0,24205.1,24223.8,23920.0,17828980.0
2026-07-02 09:33:00+05:30,24220.0,24225.0,24214.5,24217.1,18850.0,17821115.0
2026-07-02 09:34:00+05:30,24217.1,24224.0,24212.4,24215.0,6890.0,17815720.0
2026-07-02 09:35:00+05:30,24217.0,24224.9,24212.4,24215.0,9035.0,17815980.0
2026-07-02 09:36:00+05:30,24215.0,24230.0,24215.0,24225.0,26000.0,17813965.0
2026-07-02 09:37:00+05:30,24230.0,24237.0,24225.1,24230.6,15015.0,17807465.0
2026-07-02 09:38:00+05:30,24230.6,24235.0,24225.0,24234.4,10595.0,17802330.0
2026-07-02 09:39:00+05:30,24234.9,24240.0,24228.3,24240.0,11830.0,17800900.0
2026-07-02 09:40:00+05:30,24238.4,24241.8,24229.0,24239.0,14560.0,17797715.0
2026-07-02 09:41:00+05:30,24239.0,24245.9,24231.1,24238.6,20540.0,17793230.0
2026-07-02 09:42:00+05:30,24244.7,24247.0,24235.0,24244.0,15795.0,17784130.0
2026-07-02 09:43:00+05:30,24237.7,24245.0,24237.6,24237.6,7735.0,17778475.0
2026-07-02 09:44:00+05:30,24238.1,24243.0,24233.2,24235.6,16835.0,17777435.0
2026-07-02 09:45:00+05:30,24235.9,24238.8,24233.1,24236.5,27300.0,17768140.0
2026-07-02 09:46:00+05:30,24236.5,24239.0,24231.3,24232.6,12350.0,17752865.0
2026-07-02 09:47:00+05:30,24231.5,24239.0,24227.6,24228.5,11765.0,17748770.0
2026-07-02 09:48:00+05:30,24228.5,24240.0,24225.7,24234.9,10595.0,17745715.0
2026-07-02 09:49:00+05:30,24230.0,24234.9,24225.0,24230.0,5915.0,17743570.0
2026-07-02 09:50:00+05:30,24226.0,24233.9,24224.0,24224.1,4810.0,17742725.0
2026-07-02 09:51:00+05:30,24225.0,24230.0,24220.3,24225.0,7605.0,17743115.0
2026-07-02 09:52:00+05:30,24224.0,24225.8,24220.0,24225.0,10335.0,17743050.0
2026-07-02 09:53:00+05:30,24220.0,24223.1,24220.0,24221.1,3705.0,17742010.0
2026-07-02 09:54:00+05:30,24223.0,24223.0,24216.0,24220.0,3575.0,17740255.0
2026-07-02 09:55:00+05:30,24216.0,24220.0,24214.3,24219.0,6175.0,17740320.0
2026-07-02 09:56:00+05:30,24219.0,24223.0,24218.0,24220.0,3510.0,17739540.0
2026-07-02 09:57:00+05:30,24219.7,24224.5,24218.0,24223.0,7410.0,17740515.0
2026-07-02 09:58:00+05:30,24223.0,24223.0,24215.0,24215.0,2210.0,17741425.0
2026-07-02 09:59:00+05:30,24217.1,24219.0,24214.0,24218.0,3640.0,17740905.0
2026-07-02 10:00:00+05:30,24215.0,24219.0,24206.1,24206.1,9490.0,17740775.0
2026-07-02 10:01:00+05:30,24206.2,24215.0,24205.7,24210.0,9165.0,17741230.0
2026-07-02 10:02:00+05:30,24210.0,24210.0,24203.0,24203.0,5590.0,17741230.0
2026-07-02 10:03:00+05:30,24204.8,24205.0,24195.0,24200.0,11375.0,17739020.0
2026-07-02 10:04:00+05:30,24200.0,24205.0,24195.0,24200.0,10205.0,17734210.0
2026-07-02 10:05:00+05:30,24200.2,24209.0,24196.0,24205.0,5785.0,17735445.0
2026-07-02 10:06:00+05:30,24204.5,24204.5,24180.0,24184.0,20475.0,17735965.0
2026-07-02 10:07:00+05:30,24182.0,24187.9,24177.4,24177.4,18135.0,17734665.0
2026-07-02 10:08:00+05:30,24177.1,24181.9,24165.0,24166.0,22490.0,17735250.0
2026-07-02 10:09:00+05:30,24169.1,24189.0,24162.0,24185.9,11700.0,17735055.0
2026-07-02 10:10:00+05:30,24185.4,24189.0,24175.3,24189.0,6825.0,17735250.0
2026-07-02 10:11:00+05:30,24189.8,24197.0,24181.5,24193.8,15275.0,17738110.0
2026-07-02 10:12:00+05:30,24193.0,24197.7,24184.7,24197.0,9880.0,17742985.0
2026-07-02 10:13:00+05:30,24190.0,24191.8,24170.0,24175.4,11700.0,17748185.0
2026-07-02 10:14:00+05:30,24175.0,24177.0,24155.0,24156.0,16835.0,17752930.0
2026-07-02 10:15:00+05:30,24155.0,24170.9,24150.0,24169.0,17160.0,17757090.0
2026-07-02 10:16:00+05:30,24171.4,24174.4,24152.1,24152.1,11115.0,17762355.0
2026-07-02 10:17:00+05:30,24159.6,24159.6,24150.0,24158.5,9295.0,17765345.0
2026-07-02 10:18:00+05:30,24156.0,24168.9,24150.0,24165.9,7605.0,17769245.0
2026-07-02 10:19:00+05:30,24165.8,24169.9,24162.0,24169.9,7020.0,17771585.0
2026-07-02 10:20:00+05:30,24169.0,24175.0,24166.0,24170.0,6305.0,17772430.0
2026-07-02 10:21:00+05:30,24170.5,24181.3,24166.1,24172.1,3705.0,17774250.0
2026-07-02 10:22:00+05:30,24175.0,24180.0,24172.2,24175.0,4225.0,17775290.0
2026-07-02 10:23:00+05:30,24178.8,24178.8,24170.9,24178.8,2990.0,17777435.0
2026-07-02 10:24:00+05:30,24177.6,24178.8,24175.0,24178.8,3510.0,17777630.0
2026-07-02 10:25:00+05:30,24177.6,24181.8,24175.0,24180.0,2470.0,17777890.0
2026-07-02 10:26:00+05:30,24180.0,24182.5,24178.0,24181.2,1170.0,17777890.0
2026-07-02 10:27:00+05:30,24177.0,24180.7,24176.0,24176.4,1885.0,17778475.0
2026-07-02 10:28:00+05:30,24176.5,24189.9,24176.5,24189.9,4030.0,17779125.0
2026-07-02 10:29:00+05:30,24188.0,24196.0,24183.9,24190.0,6955.0,17776655.0
2026-07-02 10:30:00+05:30,24190.0,24195.0,24181.0,24181.0,17550.0,17783090.0
2026-07-02 10:31:00+05:30,24185.0,24185.0,24175.1,24177.0,5720.0,17785300.0
2026-07-02 10:32:00+05:30,24175.4,24180.0,24168.5,24168.5,10075.0,17788420.0
2026-07-02 10:33:00+05:30,24170.0,24170.0,24165.1,24170.0,5590.0,17782570.0
2026-07-02 10:34:00+05:30,24169.1,24175.0,24166.0,24166.0,3055.0,17784195.0
2026-07-02 10:35:00+05:30,24168.0,24180.0,24166.0,24180.0,4615.0,17784130.0
2026-07-02 10:36:00+05:30,24180.0,24185.0,24176.0,24178.1,2795.0,17784650.0
2026-07-02 10:37:00+05:30,24178.6,24190.0,24178.0,24190.0,3770.0,17786080.0
2026-07-02 10:38:00+05:30,24190.0,24195.0,24180.0,24184.0,6890.0,17788290.0
2026-07-02 10:39:00+05:30,24185.9,24195.0,24184.4,24194.0,3705.0,17789005.0
2026-07-02 10:40:00+05:30,24195.0,24195.0,24184.0,24184.5,2990.0,17792125.0
2026-07-02 10:41:00+05:30,24193.0,24194.0,24180.0,24182.5,2145.0,17792775.0
2026-07-02 10:42:00+05:30,24182.6,24192.0,24182.0,24182.2,1105.0,17772755.0
2026-07-02 10:43:00+05:30,24182.0,24191.0,24181.2,24187.2,6500.0,17770805.0
2026-07-02 10:44:00+05:30,24193.8,24197.0,24181.9,24197.0,109265.0,17773080.0
2026-07-02 10:45:00+05:30,24186.4,24198.0,24185.1,24197.2,3575.0,17878055.0
2026-07-02 10:46:00+05:30,24185.3,24196.7,24180.0,24180.0,3965.0,17879095.0
2026-07-02 10:47:00+05:30,24180.0,24196.8,24180.0,24185.0,2275.0,17879290.0
2026-07-02 10:48:00+05:30,24183.2,24196.0,24180.0,24180.0,3965.0,17879030.0
2026-07-02 10:49:00+05:30,24190.0,24190.0,24180.0,24190.0,2535.0,17879875.0
2026-07-02 10:50:00+05:30,24182.3,24195.0,24182.3,24183.6,1625.0,17880460.0
2026-07-02 10:51:00+05:30,24194.0,24194.0,24183.0,24192.0,1235.0,17880135.0
2026-07-02 10:52:00+05:30,24185.1,24194.0,24185.0,24185.1,1040.0,17776525.0
2026-07-02 10:53:00+05:30,24190.0,24198.0,24182.2,24182.2,7475.0,17776915.0
2026-07-02 10:54:00+05:30,24185.0,24194.0,24182.0,24182.6,1365.0,17780100.0
2026-07-02 10:55:00+05:30,24189.0,24193.0,24180.0,24185.0,3250.0,17779970.0
2026-07-02 10:56:00+05:30,24194.0,24194.0,24183.1,24188.6,780.0,17780620.0
2026-07-02 10:57:00+05:30,24183.1,24194.0,24183.0,24183.0,2535.0,17780165.0
2026-07-02 10:58:00+05:30,24181.1,24192.9,24180.5,24192.0,2470.0,17780100.0
2026-07-02 10:59:00+05:30,24181.1,24192.9,24180.1,24190.0,910.0,17779385.0
2026-07-02 11:00:00+05:30,24190.0,24192.0,24181.1,24192.0,2535.0,17777760.0
2026-07-02 11:01:00+05:30,24182.0,24191.9,24181.5,24189.0,780.0,17777500.0
2026-07-02 11:02:00+05:30,24183.0,24185.0,24175.0,24185.0,2925.0,17776720.0
2026-07-02 11:03:00+05:30,24180.0,24191.0,24180.0,24182.1,910.0,17777370.0
2026-07-02 11:04:00+05:30,24182.1,24190.0,24177.5,24190.0,4875.0,17779840.0
2026-07-02 11:05:00+05:30,24180.3,24190.0,24180.3,24181.0,520.0,17780230.0
2026-07-02 11:06:00+05:30,24181.1,24190.0,24177.4,24177.4,1235.0,17780555.0
2026-07-02 11:07:00+05:30,24185.0,24185.0,24176.6,24177.1,2860.0,17781075.0
2026-07-02 11:08:00+05:30,24185.0,24185.0,24177.1,24185.0,1495.0,17781335.0
2026-07-02 11:09:00+05:30,24178.0,24185.0,24174.7,24185.0,3250.0,17781660.0
2026-07-02 11:10:00+05:30,24174.7,24180.0,24170.0,24170.0,1235.0,17783090.0
2026-07-02 11:11:00+05:30,24177.8,24180.4,24169.5,24179.5,7345.0,17783415.0
2026-07-02 11:12:00+05:30,24175.0,24178.0,24170.5,24170.8,3120.0,17783870.0
2026-07-02 11:13:00+05:30,24171.0,24177.8,24170.0,24177.8,1300.0,17786145.0
2026-07-02 11:14:00+05:30,24170.0,24184.0,24169.0,24175.0,3705.0,17787315.0
2026-07-02 11:15:00+05:30,24184.0,24184.0,24173.5,24175.3,1560.0,17787315.0
2026-07-02 11:16:00+05:30,24181.0,24185.0,24176.0,24183.9,2795.0,17787965.0
2026-07-02 11:17:00+05:30,24175.0,24182.7,24174.0,24174.0,975.0,17789330.0
2026-07-02 11:18:00+05:30,24174.1,24185.0,24174.0,24185.0,390.0,17789720.0
2026-07-02 11:19:00+05:30,24184.9,24184.9,24172.0,24182.0,1300.0,17789850.0
2026-07-02 11:20:00+05:30,24182.0,24182.0,24172.0,24176.2,390.0,17789525.0
2026-07-02 11:21:00+05:30,24171.5,24182.3,24170.2,24171.5,1430.0,17789720.0
2026-07-02 11:22:00+05:30,24175.0,24180.0,24167.0,24168.0,9035.0,17786470.0
2026-07-02 11:23:00+05:30,24175.2,24175.2,24166.3,24166.3,1885.0,17784520.0
2026-07-02 11:24:00+05:30,24166.2,24179.9,24166.0,24176.7,1430.0,17784780.0
2026-07-02 11:25:00+05:30,24170.1,24179.9,24168.4,24178.0,1495.0,17785040.0
2026-07-02 11:26:00+05:30,24178.0,24179.9,24167.7,24170.6,5395.0,17786340.0
2026-07-02 11:27:00+05:30,24171.3,24173.9,24166.0,24166.0,3575.0,17786340.0
2026-07-02 11:28:00+05:30,24170.3,24175.5,24164.3,24165.1,5200.0,17785690.0
2026-07-02 11:29:00+05:30,24165.0,24168.6,24162.0,24165.0,3510.0,17787315.0
2026-07-02 11:30:00+05:30,24165.0,24168.9,24161.1,24161.1,1560.0,17788745.0
2026-07-02 11:31:00+05:30,24167.7,24167.7,24155.0,24160.0,7670.0,17789915.0
2026-07-02 11:32:00+05:30,24163.9,24163.9,24160.1,24160.1,390.0,17789980.0
2026-07-02 11:33:00+05:30,24160.1,24171.9,24160.0,24171.9,1495.0,17789850.0
2026-07-02 11:34:00+05:30,24169.9,24170.9,24161.1,24161.1,1105.0,17789980.0
2026-07-02 11:35:00+05:30,24170.0,24170.0,24154.0,24160.0,4030.0,17789330.0
2026-07-02 11:36:00+05:30,24155.0,24164.0,24154.0,24162.3,1885.0,17790500.0
2026-07-02 11:37:00+05:30,24162.4,24165.7,24151.2,24161.0,5525.0,17772170.0
2026-07-02 11:38:00+05:30,24161.0,24165.0,24150.0,24150.0,11765.0,17774770.0
2026-07-02 11:39:00+05:30,24155.3,24158.4,24150.0,24151.0,5655.0,17778020.0
2026-07-02 11:40:00+05:30,24151.0,24155.9,24143.8,24144.0,9360.0,17779645.0
2026-07-02 11:41:00+05:30,24144.0,24150.0,24142.0,24149.5,4615.0,17780815.0
2026-07-02 11:42:00+05:30,24149.5,24153.4,24143.8,24145.2,7280.0,17781595.0
2026-07-02 11:43:00+05:30,24152.3,24164.0,24145.5,24163.9,5265.0,17782895.0
2026-07-02 11:44:00+05:30,24163.9,24164.4,24152.7,24161.4,3250.0,17784325.0
2026-07-02 11:45:00+05:30,24156.0,24164.8,24153.4,24159.9,1235.0,17784780.0
2026-07-02 11:46:00+05:30,24163.0,24170.3,24160.0,24170.3,1755.0,17785040.0
2026-07-02 11:47:00+05:30,24170.3,24170.3,24157.0,24165.8,4355.0,17786535.0
2026-07-02 11:48:00+05:30,24160.0,24166.7,24158.1,24158.1,1950.0,17787445.0
2026-07-02 11:49:00+05:30,24167.7,24171.3,24160.0,24160.0,3250.0,17768400.0
2026-07-02 11:50:00+05:30,24160.1,24172.6,24160.1,24172.5,1495.0,17755335.0
2026-07-02 11:51:00+05:30,24165.0,24172.7,24162.7,24163.5,7020.0,17761055.0
2026-07-02 11:52:00+05:30,24172.0,24176.0,24167.0,24176.0,3250.0,17763525.0
2026-07-02 11:53:00+05:30,24169.1,24177.9,24169.0,24177.3,1625.0,17763655.0
2026-07-02 11:54:00+05:30,24177.3,24182.0,24171.3,24171.3,4225.0,17763525.0
2026-07-02 11:55:00+05:30,24179.9,24180.0,24171.3,24179.9,715.0,17763850.0
2026-07-02 11:56:00+05:30,24179.9,24184.0,24171.4,24184.0,2665.0,17764045.0
2026-07-02 11:57:00+05:30,24184.0,24185.0,24175.0,24175.0,1430.0,17764500.0
2026-07-02 11:58:00+05:30,24183.3,24183.3,24174.0,24175.0,1235.0,17764955.0
2026-07-02 11:59:00+05:30,24181.5,24183.0,24175.0,24183.0,3705.0,17765020.0
2026-07-02 12:00:00+05:30,24183.0,24185.0,24171.4,24183.0,2145.0,17765215.0
2026-07-02 12:01:00+05:30,24185.0,24185.0,24175.7,24175.7,1495.0,17765475.0
2026-07-02 12:02:00+05:30,24184.0,24189.0,24177.4,24186.0,2015.0,17765735.0
2026-07-02 12:03:00+05:30,24186.0,24197.0,24186.0,24194.0,10855.0,17762485.0
2026-07-02 12:04:00+05:30,24194.0,24194.0,24190.0,24191.0,2990.0,17761315.0
2026-07-02 12:05:00+05:30,24191.0,24194.0,24190.0,24194.0,1950.0,17761055.0
2026-07-02 12:06:00+05:30,24193.0,24194.0,24190.1,24190.2,1430.0,17760925.0
2026-07-02 12:07:00+05:30,24193.9,24193.9,24190.0,24193.0,1170.0,17761185.0
2026-07-02 12:08:00+05:30,24190.0,24196.5,24185.0,24196.5,3575.0,17762225.0
2026-07-02 12:09:00+05:30,24185.0,24195.0,24185.0,24195.0,845.0,17761770.0
2026-07-02 12:10:00+05:30,24192.6,24195.0,24180.7,24181.9,1235.0,17761835.0
2026-07-02 12:11:00+05:30,24194.0,24195.0,24183.6,24193.9,2145.0,17762485.0
2026-07-02 12:12:00+05:30,24193.0,24194.1,24181.8,24193.3,3445.0,17763070.0
2026-07-02 12:13:00+05:30,24192.3,24194.9,24183.3,24184.0,1625.0,17763720.0
2026-07-02 12:14:00+05:30,24194.0,24198.0,24185.0,24198.0,4485.0,17765670.0
2026-07-02 12:15:00+05:30,24198.0,24200.0,24188.0,24195.9,9165.0,17766580.0
2026-07-02 12:16:00+05:30,24190.0,24190.0,24183.0,24183.0,8580.0,17766580.0
2026-07-02 12:17:00+05:30,24195.0,24204.0,24186.0,24202.0,8645.0,17774055.0
2026-07-02 12:18:00+05:30,24195.3,24214.0,24195.3,24214.0,10465.0,17767945.0
2026-07-02 12:19:00+05:30,24210.1,24217.7,24204.0,24215.5,10010.0,17766255.0
2026-07-02 12:20:00+05:30,24214.9,24214.9,24204.0,24210.0,1950.0,17766125.0
2026-07-02 12:21:00+05:30,24210.0,24211.3,24201.0,24202.0,1950.0,17766255.0
2026-07-02 12:22:00+05:30,24202.0,24215.0,24201.0,24205.0,3055.0,17766255.0
2026-07-02 12:23:00+05:30,24215.0,24218.2,24206.0,24210.0,7020.0,17767035.0
2026-07-02 12:24:00+05:30,24206.0,24215.0,24206.0,24210.2,1495.0,17766710.0
2026-07-02 12:25:00+05:30,24210.0,24214.0,24206.1,24210.0,4030.0,17764175.0
2026-07-02 12:26:00+05:30,24206.0,24216.9,24206.0,24214.1,2860.0,17763005.0
2026-07-02 12:27:00+05:30,24214.1,24219.2,24209.0,24215.0,7800.0,17765280.0
2026-07-02 12:28:00+05:30,24218.5,24222.0,24211.6,24215.0,8580.0,17760600.0
2026-07-02 12:29:00+05:30,24220.0,24224.9,24213.0,24223.0,8905.0,17756245.0
2026-07-02 12:30:00+05:30,24223.9,24223.9,24214.1,24219.8,3965.0,17755660.0
2026-07-02 12:31:00+05:30,24214.9,24220.0,24206.5,24210.0,2990.0,17756635.0
2026-07-02 12:32:00+05:30,24210.0,24217.0,24207.0,24208.0,3705.0,17757675.0
2026-07-02 12:33:00+05:30,24208.0,24215.0,24207.0,24208.0,2535.0,17757675.0
2026-07-02 12:34:00+05:30,24208.4,24216.0,24204.9,24214.0,3185.0,17758715.0
2026-07-02 12:35:00+05:30,24213.5,24218.0,24207.8,24210.0,1170.0,17758455.0
2026-07-02 12:36:00+05:30,24216.0,24219.9,24211.1,24213.3,3250.0,17759105.0
2026-07-02 12:37:00+05:30,24213.9,24222.0,24212.5,24213.4,4940.0,17722120.0
2026-07-02 12:38:00+05:30,24212.1,24224.0,24210.0,24223.3,3575.0,17722965.0
2026-07-02 12:39:00+05:30,24223.3,24230.0,24216.2,24219.1,25025.0,17714385.0
2026-07-02 12:40:00+05:30,24223.0,24228.0,24219.4,24219.6,6240.0,17714385.0
2026-07-02 12:41:00+05:30,24225.0,24226.2,24218.7,24218.7,2470.0,17716985.0
2026-07-02 12:42:00+05:30,24226.0,24227.8,24216.0,24216.0,2470.0,17715880.0
2026-07-02 12:43:00+05:30,24218.0,24220.0,24206.0,24206.0,1755.0,17716660.0
2026-07-02 12:44:00+05:30,24206.0,24214.2,24206.0,24208.0,2015.0,17716725.0
2026-07-02 12:45:00+05:30,24207.0,24210.0,24201.0,24207.7,2990.0,17716725.0
2026-07-02 12:46:00+05:30,24207.7,24219.4,24207.7,24217.8,2275.0,17717570.0
2026-07-02 12:47:00+05:30,24218.0,24218.0,24208.7,24208.7,1560.0,17716465.0
2026-07-02 12:48:00+05:30,24215.0,24219.6,24208.3,24218.5,1755.0,17717375.0
2026-07-02 12:49:00+05:30,24218.5,24220.0,24211.0,24220.0,1625.0,17717960.0
2026-07-02 12:50:00+05:30,24218.0,24218.0,24211.1,24212.0,1755.0,17718025.0
2026-07-02 12:51:00+05:30,24218.0,24218.0,24207.0,24207.0,2015.0,17720105.0
2026-07-02 12:52:00+05:30,24207.0,24210.0,24204.0,24204.4,1170.0,17720105.0
2026-07-02 12:53:00+05:30,24204.4,24210.0,24202.0,24207.0,1300.0,17719910.0
2026-07-02 12:54:00+05:30,24202.0,24207.4,24201.0,24201.9,1950.0,17719585.0
2026-07-02 12:55:00+05:30,24204.3,24213.0,24200.2,24211.9,1625.0,17719260.0
2026-07-02 12:56:00+05:30,24210.0,24210.0,24200.0,24200.0,1105.0,17720105.0
2026-07-02 12:57:00+05:30,24201.0,24202.5,24199.0,24202.5,1950.0,17720235.0
2026-07-02 12:58:00+05:30,24205.0,24206.0,24202.9,24202.9,1105.0,17721015.0
2026-07-02 12:59:00+05:30,24200.8,24200.8,24191.9,24191.9,1430.0,17721145.0
2026-07-02 13:00:00+05:30,24192.0,24200.0,24192.0,24195.0,1625.0,17720820.0
2026-07-02 13:01:00+05:30,24200.0,24210.0,24195.0,24203.6,1235.0,17721015.0
2026-07-02 13:02:00+05:30,24202.5,24217.1,24202.5,24217.1,2080.0,17721405.0
2026-07-02 13:03:00+05:30,24210.0,24214.0,24203.0,24214.0,1755.0,17721275.0
2026-07-02 13:04:00+05:30,24214.0,24215.0,24205.0,24210.5,910.0,17721080.0
2026-07-02 13:05:00+05:30,24210.5,24214.9,24204.5,24214.9,1365.0,17721340.0
2026-07-02 13:06:00+05:30,24209.0,24219.0,24209.0,24219.0,6890.0,17721210.0
2026-07-02 13:07:00+05:30,24219.0,24219.0,24211.5,24211.5,1430.0,17720820.0
2026-07-02 13:08:00+05:30,24218.5,24218.5,24213.0,24218.5,1755.0,17721340.0
2026-07-02 13:09:00+05:30,24218.5,24219.0,24215.4,24219.0,1495.0,17721275.0
2026-07-02 13:10:00+05:30,24216.2,24219.0,24211.6,24213.9,1040.0,17721665.0
2026-07-02 13:11:00+05:30,24215.0,24224.0,24214.0,24224.0,4160.0,17721470.0
2026-07-02 13:12:00+05:30,24224.0,24225.0,24220.0,24224.0,1950.0,17719845.0
2026-07-02 13:13:00+05:30,24224.0,24224.0,24221.0,24221.5,455.0,17719845.0
2026-07-02 13:14:00+05:30,24222.1,24222.5,24214.5,24222.5,3445.0,17721470.0
2026-07-02 13:15:00+05:30,24221.5,24225.0,24219.6,24225.0,4745.0,17721600.0
2026-07-02 13:16:00+05:30,24225.0,24228.0,24220.0,24228.0,5395.0,17721665.0
2026-07-02 13:17:00+05:30,24228.0,24228.0,24221.5,24222.5,1755.0,17720365.0
2026-07-02 13:18:00+05:30,24222.3,24226.8,24220.5,24225.0,6825.0,17720560.0
2026-07-02 13:19:00+05:30,24225.0,24227.0,24224.5,24227.0,2535.0,17718675.0
2026-07-02 13:20:00+05:30,24226.2,24228.0,24224.0,24227.0,3575.0,17718545.0
2026-07-02 13:21:00+05:30,24221.0,24226.0,24216.9,24218.0,2275.0,17719390.0
2026-07-02 13:22:00+05:30,24225.0,24226.0,24219.3,24224.9,3120.0,17719195.0
2026-07-02 13:23:00+05:30,24220.0,24227.0,24220.0,24220.5,2210.0,17717050.0
2026-07-02 13:24:00+05:30,24226.0,24228.0,24221.0,24222.2,3315.0,17716205.0
2026-07-02 13:25:00+05:30,24222.2,24228.0,24221.0,24221.0,1495.0,17717115.0
2026-07-02 13:26:00+05:30,24221.0,24229.9,24221.0,24229.0,6890.0,17716530.0
2026-07-02 13:27:00+05:30,24222.5,24228.9,24221.1,24221.1,1755.0,17713995.0
2026-07-02 13:28:00+05:30,24225.0,24225.0,24221.1,24224.0,650.0,17711785.0
2026-07-02 13:29:00+05:30,24222.0,24223.0,24215.0,24215.0,1885.0,17711850.0
2026-07-02 13:30:00+05:30,24215.0,24219.0,24211.6,24212.5,2145.0,17711525.0
2026-07-02 13:31:00+05:30,24213.0,24218.8,24213.0,24214.4,1235.0,17711070.0
2026-07-02 13:32:00+05:30,24214.4,24220.2,24213.0,24220.2,3250.0,17711395.0
2026-07-02 13:33:00+05:30,24221.0,24225.0,24216.0,24225.0,7280.0,17712435.0
2026-07-02 13:34:00+05:30,24224.8,24227.7,24220.0,24227.7,4030.0,17713410.0
2026-07-02 13:35:00+05:30,24220.1,24229.0,24220.1,24228.0,2405.0,17714125.0
2026-07-02 13:36:00+05:30,24229.0,24229.0,24218.8,24220.1,2795.0,17714385.0
2026-07-02 13:37:00+05:30,24220.1,24221.7,24210.0,24215.1,5200.0,17714320.0
2026-07-02 13:38:00+05:30,24215.1,24220.0,24212.5,24220.0,3445.0,17714190.0
2026-07-02 13:39:00+05:30,24220.0,24225.0,24212.5,24225.0,5785.0,17715815.0
2026-07-02 13:40:00+05:30,24225.0,24227.5,24213.4,24220.0,5590.0,17717115.0
2026-07-02 13:41:00+05:30,24225.0,24226.5,24220.0,24226.5,3770.0,17718415.0
2026-07-02 13:42:00+05:30,24227.0,24227.0,24224.3,24225.1,5135.0,17708665.0
2026-07-02 13:43:00+05:30,24225.2,24225.2,24220.0,24223.5,5265.0,17708925.0
2026-07-02 13:44:00+05:30,24223.4,24224.6,24215.0,24219.0,4420.0,17709510.0
2026-07-02 13:45:00+05:30,24219.0,24219.0,24214.9,24215.0,2340.0,17710160.0
2026-07-02 13:46:00+05:30,24217.9,24218.0,24213.1,24214.0,1755.0,17709380.0
2026-07-02 13:47:00+05:30,24214.0,24215.0,24214.0,24214.9,910.0,17706390.0
2026-07-02 13:48:00+05:30,24213.7,24215.0,24210.0,24214.9,4160.0,17706455.0
2026-07-02 13:49:00+05:30,24213.0,24214.0,24208.0,24208.0,2535.0,17706650.0
2026-07-02 13:50:00+05:30,24208.4,24219.0,24208.0,24215.0,6630.0,17706715.0
2026-07-02 13:51:00+05:30,24219.0,24220.0,24215.0,24219.9,1820.0,17707300.0
2026-07-02 13:52:00+05:30,24215.5,24219.9,24215.3,24216.6,1365.0,17707430.0
2026-07-02 13:53:00+05:30,24215.2,24222.0,24215.2,24220.9,2015.0,17705610.0
2026-07-02 13:54:00+05:30,24216.0,24220.8,24215.3,24216.0,1755.0,17705870.0
2026-07-02 13:55:00+05:30,24216.0,24220.0,24216.0,24216.0,1040.0,17706650.0
2026-07-02 13:56:00+05:30,24216.0,24222.0,24215.0,24222.0,1495.0,17707300.0
2026-07-02 13:57:00+05:30,24215.0,24221.9,24211.0,24219.9,2925.0,17707885.0
2026-07-02 13:58:00+05:30,24212.2,24219.0,24212.2,24214.7,1950.0,17707820.0
2026-07-02 13:59:00+05:30,24214.7,24219.0,24212.7,24215.0,3770.0,17707040.0
2026-07-02 14:00:00+05:30,24215.6,24219.8,24215.0,24219.7,1170.0,17707040.0
2026-07-02 14:01:00+05:30,24216.0,24227.1,24216.0,24221.0,5655.0,17706910.0
2026-07-02 14:02:00+05:30,24226.8,24228.0,24221.1,24227.0,2990.0,17706325.0
2026-07-02 14:03:00+05:30,24228.0,24228.8,24217.1,24228.8,2470.0,17705155.0
2026-07-02 14:04:00+05:30,24228.0,24229.3,24220.0,24228.0,2600.0,17704505.0
2026-07-02 14:05:00+05:30,24228.0,24229.5,24222.0,24229.5,3835.0,17704830.0
2026-07-02 14:06:00+05:30,24229.5,24230.0,24221.0,24221.0,3120.0,17703010.0
2026-07-02 14:07:00+05:30,24221.1,24230.0,24221.0,24221.1,2730.0,17702815.0
2026-07-02 14:08:00+05:30,24223.5,24229.1,24220.0,24228.8,2405.0,17702880.0
2026-07-02 14:09:00+05:30,24227.9,24228.8,24221.0,24227.8,1300.0,17703205.0
2026-07-02 14:10:00+05:30,24221.1,24227.8,24220.0,24220.0,2080.0,17703465.0
2026-07-02 14:11:00+05:30,24220.0,24226.0,24220.0,24222.5,1820.0,17703660.0
2026-07-02 14:12:00+05:30,24222.4,24225.0,24220.0,24222.9,2080.0,17703400.0
2026-07-02 14:13:00+05:30,24220.1,24224.0,24216.5,24216.7,2600.0,17704050.0
2026-07-02 14:14:00+05:30,24222.9,24222.9,24216.5,24216.7,4745.0,17704830.0
2026-07-02 14:15:00+05:30,24216.7,24216.7,24212.5,24214.8,5460.0,17702035.0
2026-07-02 14:16:00+05:30,24215.0,24224.0,24214.5,24224.0,4745.0,17699045.0
2026-07-02 14:17:00+05:30,24224.0,24224.0,24214.0,24217.5,4420.0,17700475.0
2026-07-02 14:18:00+05:30,24218.9,24223.0,24215.0,24220.0,1885.0,17700215.0
2026-07-02 14:19:00+05:30,24216.9,24227.0,24216.9,24222.8,7020.0,17700345.0
2026-07-02 14:20:00+05:30,24224.0,24224.0,24222.9,24223.9,2405.0,17698915.0
2026-07-02 14:21:00+05:30,24222.3,24230.7,24222.2,24230.6,14625.0,17698135.0
2026-07-02 14:22:00+05:30,24230.0,24235.0,24223.6,24232.0,6630.0,17690920.0
2026-07-02 14:23:00+05:30,24235.0,24245.0,24233.0,24238.4,38740.0,17690920.0
2026-07-02 14:24:00+05:30,24245.0,24246.0,24234.0,24235.0,15275.0,17681430.0
2026-07-02 14:25:00+05:30,24243.6,24243.6,24235.0,24240.0,3575.0,17683835.0
2026-07-02 14:26:00+05:30,24240.0,24244.0,24230.0,24239.0,5850.0,17685785.0
2026-07-02 14:27:00+05:30,24235.0,24238.3,24225.0,24226.3,3965.0,17687150.0
2026-07-02 14:28:00+05:30,24226.8,24234.0,24225.3,24226.0,1560.0,17687800.0
2026-07-02 14:29:00+05:30,24226.0,24233.9,24226.0,24233.9,1950.0,17688645.0
2026-07-02 14:30:00+05:30,24227.0,24237.0,24227.0,24233.0,3640.0,17689295.0
2026-07-02 14:31:00+05:30,24233.0,24240.0,24230.6,24239.9,4030.0,17692740.0
2026-07-02 14:32:00+05:30,24239.9,24243.0,24231.6,24243.0,7930.0,17693455.0
2026-07-02 14:33:00+05:30,24239.9,24244.0,24234.9,24243.0,4485.0,17695145.0
2026-07-02 14:34:00+05:30,24235.8,24243.0,24231.6,24242.0,1950.0,17694885.0
2026-07-02 14:35:00+05:30,24240.0,24240.0,24226.2,24238.0,3055.0,17695080.0
2026-07-02 14:36:00+05:30,24238.0,24242.0,24226.7,24229.2,8645.0,17694755.0
2026-07-02 14:37:00+05:30,24241.9,24250.0,24230.6,24245.0,37050.0,17699435.0
2026-07-02 14:38:00+05:30,24249.0,24252.0,24236.5,24252.0,32110.0,17696705.0
2026-07-02 14:39:00+05:30,24252.0,24265.0,24246.4,24265.0,34905.0,17693715.0
2026-07-02 14:40:00+05:30,24265.0,24268.0,24258.2,24267.0,15535.0,17693260.0
2026-07-02 14:41:00+05:30,24267.0,24270.0,24266.0,24270.0,15925.0,17696900.0
2026-07-02 14:42:00+05:30,24269.9,24270.0,24257.5,24260.0,6695.0,17696120.0
2026-07-02 14:43:00+05:30,24260.0,24270.0,24260.0,24269.0,12285.0,17701515.0
2026-07-02 14:44:00+05:30,24261.1,24270.2,24261.0,24270.0,9100.0,17704050.0
2026-07-02 14:45:00+05:30,24269.5,24272.3,24261.0,24266.5,16640.0,17705025.0
2026-07-02 14:46:00+05:30,24269.2,24272.5,24261.0,24266.7,9620.0,17704570.0
2026-07-02 14:47:00+05:30,24272.5,24278.0,24262.0,24278.0,28470.0,17704765.0
2026-07-02 14:48:00+05:30,24278.0,24280.0,24264.5,24270.0,19955.0,17676815.0
2026-07-02 14:49:00+05:30,24275.5,24278.0,24264.4,24275.0,11245.0,17676685.0
2026-07-02 14:50:00+05:30,24275.0,24276.0,24265.0,24275.0,6435.0,17677400.0
2026-07-02 14:51:00+05:30,24266.0,24276.0,24265.0,24267.0,8710.0,17675905.0
2026-07-02 14:52:00+05:30,24267.0,24275.0,24265.5,24275.0,8515.0,17629820.0
2026-07-02 14:53:00+05:30,24275.0,24276.0,24265.0,24270.0,6630.0,17631900.0
2026-07-02 14:54:00+05:30,24274.0,24278.5,24262.0,24278.5,13195.0,17633070.0
2026-07-02 14:55:00+05:30,24278.0,24278.0,24262.0,24274.7,4550.0,17637555.0
2026-07-02 14:56:00+05:30,24264.0,24274.5,24258.7,24265.0,6435.0,17636515.0
2026-07-02 14:57:00+05:30,24270.0,24274.0,24265.5,24274.0,5135.0,17637555.0
2026-07-02 14:58:00+05:30,24267.5,24274.0,24266.0,24274.0,6565.0,17640025.0
2026-07-02 14:59:00+05:30,24274.9,24282.0,24268.0,24276.0,24180.0,17645095.0
2026-07-02 15:00:00+05:30,24276.0,24281.6,24263.5,24265.0,17225.0,17653740.0
2026-07-02 15:01:00+05:30,24265.0,24274.0,24260.0,24262.0,10335.0,17586075.0
2026-07-02 15:02:00+05:30,24265.5,24273.0,24255.7,24269.8,8970.0,17586790.0
2026-07-02 15:03:00+05:30,24262.7,24270.0,24260.0,24270.0,7540.0,17587700.0
2026-07-02 15:04:00+05:30,24270.0,24272.0,24262.0,24270.5,6565.0,17588805.0
2026-07-02 15:05:00+05:30,24270.2,24270.5,24260.6,24269.6,6630.0,17591145.0
2026-07-02 15:06:00+05:30,24269.6,24270.0,24261.0,24265.0,21320.0,17592315.0
2026-07-02 15:07:00+05:30,24268.0,24270.0,24262.0,24268.0,19565.0,17593095.0
2026-07-02 15:08:00+05:30,24267.0,24275.0,24263.0,24270.1,23660.0,17592055.0
2026-07-02 15:09:00+05:30,24270.1,24275.0,24265.0,24271.1,9815.0,17595175.0
2026-07-02 15:10:00+05:30,24265.0,24274.0,24257.9,24260.7,10010.0,17599985.0
2026-07-02 15:11:00+05:30,24268.8,24276.0,24262.0,24276.0,12025.0,17600960.0
2026-07-02 15:12:00+05:30,24270.0,24276.9,24266.3,24276.0,6370.0,17599335.0
2026-07-02 15:13:00+05:30,24276.0,24276.0,24263.0,24271.0,8645.0,17597385.0
2026-07-02 15:14:00+05:30,24271.0,24275.0,24261.0,24271.0,13975.0,17602455.0
2026-07-02 15:15:00+05:30,24271.9,24272.0,24258.0,24258.5,16640.0,17606485.0
2026-07-02 15:16:00+05:30,24268.2,24270.0,24258.5,24261.0,9035.0,17607590.0
2026-07-02 15:17:00+05:30,24261.0,24271.2,24260.0,24260.0,8515.0,17606810.0
2026-07-02 15:18:00+05:30,24268.5,24269.6,24260.1,24262.0,8255.0,17606095.0
2026-07-02 15:19:00+05:30,24264.1,24264.4,24253.0,24259.2,33865.0,17608695.0
2026-07-02 15:20:00+05:30,24253.1,24260.0,24253.0,24260.0,18200.0,17612530.0
2026-07-02 15:21:00+05:30,24260.0,24264.4,24255.1,24261.6,13130.0,17618055.0
2026-07-02 15:22:00+05:30,24260.8,24260.8,24253.0,24255.0,22295.0,17620460.0
2026-07-02 15:23:00+05:30,24255.0,24260.0,24254.0,24260.0,17225.0,17620980.0
2026-07-02 15:24:00+05:30,24260.0,24263.4,24255.0,24260.0,13455.0,17620330.0
2026-07-02 15:25:00+05:30,24263.0,24265.0,24258.0,24260.0,13390.0,17624230.0
2026-07-02 15:26:00+05:30,24260.0,24264.0,24258.0,24260.0,12545.0,17622605.0
2026-07-02 15:27:00+05:30,24263.9,24264.0,24259.5,24264.0,10985.0,17621890.0
2026-07-02 15:28:00+05:30,24261.0,24268.0,24260.1,24265.2,23530.0,17621825.0
2026-07-02 15:29:00+05:30,24265.0,24274.0,24262.0,24270.1,84175.0,17566055.0
2026-07-03 09:15:00+05:30,24385.0,24405.1,24375.2,24379.7,149370.0,17206670.0
2026-07-03 09:16:00+05:30,24383.1,24385.0,24370.1,24376.3,42120.0,17193215.0
2026-07-03 09:17:00+05:30,24376.0,24392.0,24376.0,24381.1,44200.0,17198220.0
2026-07-03 09:18:00+05:30,24381.1,24386.0,24370.1,24370.1,21840.0,17200690.0
2026-07-03 09:19:00+05:30,24370.1,24375.0,24366.1,24375.0,51675.0,17200690.0
2026-07-03 09:20:00+05:30,24370.5,24384.0,24370.0,24379.6,54015.0,17203355.0
2026-07-03 09:21:00+05:30,24379.6,24390.0,24379.6,24390.0,33865.0,17176900.0
2026-07-03 09:22:00+05:30,24390.3,24400.0,24390.3,24398.0,29770.0,17175015.0
2026-07-03 09:23:00+05:30,24397.7,24405.0,24393.0,24402.0,40170.0,17175665.0
2026-07-03 09:24:00+05:30,24401.0,24402.0,24396.0,24400.6,16380.0,17188730.0
2026-07-03 09:25:00+05:30,24400.4,24415.0,24400.3,24412.9,45240.0,17189835.0
2026-07-03 09:26:00+05:30,24410.4,24415.0,24410.0,24412.5,21320.0,17182750.0
2026-07-03 09:27:00+05:30,24412.5,24415.0,24409.0,24413.6,18980.0,17172740.0
2026-07-03 09:28:00+05:30,24414.0,24420.0,24411.3,24413.9,30095.0,17170595.0
2026-07-03 09:29:00+05:30,24416.9,24419.0,24409.0,24417.0,14040.0,17170140.0
2026-07-03 09:30:00+05:30,24412.7,24420.0,24412.7,24414.5,11245.0,17166760.0
2026-07-03 09:31:00+05:30,24414.4,24420.0,24414.4,24419.0,12350.0,17165265.0
2026-07-03 09:32:00+05:30,24418.6,24432.0,24418.6,24432.0,39975.0,17161950.0
2026-07-03 09:33:00+05:30,24433.0,24436.0,24425.6,24435.0,15535.0,17158895.0
2026-07-03 09:34:00+05:30,24426.0,24435.0,24423.0,24432.3,16185.0,17154085.0
2026-07-03 09:35:00+05:30,24429.0,24435.0,24419.0,24419.7,18850.0,17148820.0
2026-07-03 09:36:00+05:30,24423.2,24432.0,24419.7,24432.0,22165.0,17137705.0
2026-07-03 09:37:00+05:30,24432.0,24432.0,24425.5,24431.9,6630.0,17134390.0
2026-07-03 09:38:00+05:30,24430.0,24432.0,24423.2,24427.5,8385.0,17132245.0
2026-07-03 09:39:00+05:30,24430.0,24433.0,24427.1,24432.0,16770.0,17130295.0
2026-07-03 09:40:00+05:30,24432.0,24432.0,24424.6,24430.0,11960.0,17124640.0
2026-07-03 09:41:00+05:30,24431.0,24433.0,24423.2,24426.6,14040.0,17126330.0
2026-07-03 09:42:00+05:30,24426.6,24431.9,24426.1,24431.9,14170.0,17128020.0
2026-07-03 09:43:00+05:30,24431.9,24432.0,24419.0,24419.0,15600.0,17129840.0
2026-07-03 09:44:00+05:30,24420.0,24425.4,24410.6,24414.1,17875.0,17126200.0
2026-07-03 09:45:00+05:30,24414.5,24425.0,24405.0,24412.2,17030.0,17122755.0
2026-07-03 09:46:00+05:30,24412.2,24423.0,24409.0,24409.0,10855.0,17115085.0
2026-07-03 09:47:00+05:30,24411.4,24420.0,24405.4,24408.0,10335.0,17114500.0
2026-07-03 09:48:00+05:30,24415.0,24415.0,24403.1,24405.5,9295.0,17109235.0
2026-07-03 09:49:00+05:30,24405.5,24410.0,24402.7,24410.0,14495.0,17111120.0
2026-07-03 09:50:00+05:30,24409.0,24418.0,24405.6,24412.0,6955.0,17099290.0
2026-07-03 09:51:00+05:30,24410.6,24421.0,24410.0,24418.5,8645.0,17098575.0
2026-07-03 09:52:00+05:30,24418.5,24423.0,24410.4,24410.5,5395.0,17099030.0
2026-07-03 09:53:00+05:30,24411.0,24420.7,24410.0,24415.0,4095.0,17097600.0
2026-07-03 09:54:00+05:30,24410.0,24415.0,24406.0,24407.1,5720.0,17099160.0
2026-07-03 09:55:00+05:30,24408.0,24414.8,24400.3,24400.3,9685.0,17093180.0
2026-07-03 09:56:00+05:30,24400.3,24411.0,24400.0,24404.0,6500.0,17096040.0
2026-07-03 09:57:00+05:30,24404.5,24423.0,24404.0,24412.0,9490.0,17097470.0
2026-07-03 09:58:00+05:30,24419.0,24420.0,24406.3,24419.9,4940.0,17098575.0
2026-07-03 09:59:00+05:30,24408.0,24417.9,24405.0,24406.5,3900.0,17099225.0
2026-07-03 10:00:00+05:30,24409.9,24418.0,24408.0,24415.1,6955.0,17091035.0
2026-07-03 10:01:00+05:30,24418.0,24419.0,24415.1,24417.0,4485.0,17089735.0
2026-07-03 10:02:00+05:30,24415.0,24418.9,24406.7,24413.1,4160.0,17089085.0
2026-07-03 10:03:00+05:30,24410.1,24415.0,24402.0,24407.5,21320.0,17086680.0
2026-07-03 10:04:00+05:30,24408.0,24414.0,24400.0,24400.0,5525.0,17081870.0
2026-07-03 10:05:00+05:30,24400.0,24405.0,24400.0,24402.0,6825.0,17079790.0
2026-07-03 10:06:00+05:30,24404.0,24410.0,24404.0,24405.0,5720.0,17078620.0
2026-07-03 10:07:00+05:30,24409.0,24418.0,24406.0,24412.5,15730.0,17080440.0
2026-07-03 10:08:00+05:30,24418.0,24418.0,24412.0,24415.0,4225.0,17071860.0
2026-07-03 10:09:00+05:30,24415.0,24415.0,24411.0,24415.0,8905.0,17069845.0
2026-07-03 10:10:00+05:30,24413.0,24415.0,24408.3,24414.0,6370.0,17065620.0
2026-07-03 10:11:00+05:30,24415.0,24415.0,24409.5,24413.0,2210.0,17066140.0
2026-07-03 10:12:00+05:30,24413.5,24415.0,24410.0,24414.5,2470.0,17066530.0
2026-07-03 10:13:00+05:30,24413.0,24415.0,24410.0,24410.0,2015.0,17066075.0
2026-07-03 10:14:00+05:30,24413.4,24414.0,24408.1,24413.0,1365.0,17066595.0
2026-07-03 10:15:00+05:30,24409.8,24413.9,24406.0,24406.0,18070.0,17067115.0
2026-07-03 10:16:00+05:30,24407.0,24407.0,24403.0,24403.0,5200.0,17054440.0
2026-07-03 10:17:00+05:30,24401.1,24405.0,24400.0,24405.0,3835.0,17056520.0
2026-07-03 10:18:00+05:30,24400.0,24410.0,24400.0,24410.0,2795.0,17056975.0
2026-07-03 10:19:00+05:30,24408.0,24410.0,24401.4,24408.5,4420.0,17053465.0
2026-07-03 10:20:00+05:30,24401.4,24403.0,24400.0,24401.0,3250.0,17052880.0
2026-07-03 10:21:00+05:30,24403.0,24418.0,24400.0,24413.0,14300.0,17053400.0
2026-07-03 10:22:00+05:30,24418.0,24418.0,24410.0,24414.0,3315.0,17040660.0
2026-07-03 10:23:00+05:30,24414.0,24414.9,24410.0,24414.9,2925.0,17040530.0
2026-07-03 10:24:00+05:30,24410.0,24415.0,24410.0,24411.2,6825.0,17040595.0
2026-07-03 10:25:00+05:30,24410.1,24415.0,24410.0,24414.9,5135.0,17039425.0
2026-07-03 10:26:00+05:30,24415.0,24420.0,24414.4,24414.4,17810.0,17036305.0
2026-07-03 10:27:00+05:30,24419.0,24419.9,24413.1,24415.0,5590.0,17034875.0
2026-07-03 10:28:00+05:30,24415.0,24418.0,24413.0,24414.9,13130.0,17026165.0
2026-07-03 10:29:00+05:30,24415.0,24418.0,24413.0,24418.0,8060.0,17023370.0
2026-07-03 10:30:00+05:30,24418.0,24421.0,24417.0,24421.0,5135.0,17021875.0
2026-07-03 10:31:00+05:30,24421.0,24424.0,24416.6,24424.0,2340.0,17021355.0
2026-07-03 10:32:00+05:30,24424.0,24424.0,24416.5,24416.5,1950.0,17021680.0
2026-07-03 10:33:00+05:30,24417.0,24424.2,24416.0,24424.2,4355.0,17021030.0
2026-07-03 10:34:00+05:30,24424.2,24424.2,24418.0,24419.0,3835.0,17021225.0
2026-07-03 10:35:00+05:30,24419.0,24419.0,24416.0,24417.0,2210.0,17018885.0
2026-07-03 10:36:00+05:30,24417.0,24423.0,24416.0,24417.3,2535.0,17017975.0
2026-07-03 10:37:00+05:30,24423.0,24424.0,24417.6,24421.7,1430.0,17018040.0
2026-07-03 10:38:00+05:30,24421.0,24421.7,24419.0,24419.0,975.0,17018430.0
2026-07-03 10:39:00+05:30,24421.0,24422.0,24416.0,24416.0,2145.0,17018950.0
2026-07-03 10:40:00+05:30,24416.0,24419.0,24410.0,24412.5,2080.0,17018560.0
2026-07-03 10:41:00+05:30,24410.3,24415.0,24410.0,24410.0,2275.0,17019275.0
2026-07-03 10:42:00+05:30,24410.0,24415.0,24410.0,24412.5,2080.0,17018625.0
2026-07-03 10:43:00+05:30,24410.1,24415.0,24410.0,24412.5,1755.0,17019665.0
2026-07-03 10:44:00+05:30,24412.0,24415.0,24410.0,24411.2,4030.0,17021225.0
2026-07-03 10:45:00+05:30,24413.0,24415.0,24411.0,24411.2,1755.0,17020965.0
2026-07-03 10:46:00+05:30,24412.6,24415.0,24410.0,24411.1,2600.0,17021420.0
2026-07-03 10:47:00+05:30,24411.1,24415.0,24410.0,24415.0,1495.0,17021290.0
2026-07-03 10:48:00+05:30,24415.0,24422.0,24413.1,24421.9,3965.0,17021485.0
2026-07-03 10:49:00+05:30,24422.0,24424.0,24421.2,24424.0,1885.0,17021160.0
2026-07-03 10:50:00+05:30,24424.0,24424.0,24422.0,24422.1,1560.0,17018755.0
2026-07-03 10:51:00+05:30,24422.1,24423.9,24420.1,24420.1,2795.0,17017715.0
2026-07-03 10:52:00+05:30,24420.0,24420.0,24415.5,24418.8,1170.0,17017845.0
2026-07-03 10:53:00+05:30,24415.1,24424.0,24414.1,24424.0,1950.0,17018430.0
2026-07-03 10:54:00+05:30,24421.0,24422.0,24416.0,24422.0,2730.0,17018105.0
2026-07-03 10:55:00+05:30,24417.4,24424.0,24416.6,24422.8,2210.0,17018950.0
2026-07-03 10:56:00+05:30,24419.3,24422.0,24415.0,24420.0,780.0,17018820.0
2026-07-03 10:57:00+05:30,24420.0,24421.0,24417.6,24417.9,1560.0,17018950.0
2026-07-03 10:58:00+05:30,24421.0,24423.9,24418.0,24423.9,4615.0,17018755.0
2026-07-03 10:59:00+05:30,24423.0,24423.9,24421.0,24421.0,2340.0,17015505.0
2026-07-03 11:00:00+05:30,24420.0,24424.0,24417.0,24424.0,3575.0,17014985.0
2026-07-03 11:01:00+05:30,24424.0,24424.9,24420.5,24424.9,2210.0,17014075.0
2026-07-03 11:02:00+05:30,24424.9,24424.9,24422.0,24424.0,2535.0,17014140.0
2026-07-03 11:03:00+05:30,24424.9,24431.9,24424.9,24431.9,20605.0,17014140.0
2026-07-03 11:04:00+05:30,24432.0,24434.0,24425.0,24430.1,5590.0,16998670.0
2026-07-03 11:05:00+05:30,24425.0,24430.9,24421.5,24421.5,1365.0,16998215.0
2026-07-03 11:06:00+05:30,24421.5,24424.3,24415.6,24422.5,2925.0,16997110.0
2026-07-03 11:07:00+05:30,24422.5,24424.9,24419.0,24419.5,1170.0,16997110.0
2026-07-03 11:08:00+05:30,24420.0,24423.4,24414.5,24423.4,4355.0,16996655.0
2026-07-03 11:09:00+05:30,24422.5,24422.5,24411.0,24412.0,1430.0,16996005.0
2026-07-03 11:10:00+05:30,24411.0,24414.0,24410.1,24414.0,1690.0,16996200.0
2026-07-03 11:11:00+05:30,24411.0,24415.0,24410.0,24415.0,2340.0,16995680.0
2026-07-03 11:12:00+05:30,24410.0,24412.2,24403.0,24404.0,3575.0,16994705.0
2026-07-03 11:13:00+05:30,24405.3,24406.0,24400.0,24403.0,6110.0,16994445.0
2026-07-03 11:14:00+05:30,24403.0,24405.0,24395.3,24398.0,4355.0,16991975.0
2026-07-03 11:15:00+05:30,24399.0,24405.0,24398.0,24405.0,6825.0,16988790.0
2026-07-03 11:16:00+05:30,24405.0,24405.0,24400.0,24404.0,2145.0,16987100.0
2026-07-03 11:17:00+05:30,24400.1,24405.0,24396.5,24405.0,3185.0,16985995.0
2026-07-03 11:18:00+05:30,24399.5,24405.0,24399.0,24405.0,3315.0,16985085.0
2026-07-03 11:19:00+05:30,24404.0,24410.0,24401.0,24403.5,2600.0,16983265.0
2026-07-03 11:20:00+05:30,24411.0,24414.0,24403.0,24403.0,2145.0,16983005.0
2026-07-03 11:21:00+05:30,24406.0,24411.3,24401.0,24406.5,2795.0,16982680.0
2026-07-03 11:22:00+05:30,24405.0,24405.0,24401.0,24404.0,1105.0,16980990.0
2026-07-03 11:23:00+05:30,24404.0,24404.0,24400.0,24401.0,2990.0,16980210.0
2026-07-03 11:24:00+05:30,24400.1,24404.0,24398.0,24403.0,2535.0,16980470.0
2026-07-03 11:25:00+05:30,24402.5,24404.9,24399.0,24404.0,2795.0,16979820.0
2026-07-03 11:26:00+05:30,24403.0,24409.0,24400.0,24409.0,2665.0,16979495.0
2026-07-03 11:27:00+05:30,24404.0,24407.0,24404.0,24407.0,715.0,16978650.0
2026-07-03 11:28:00+05:30,24404.0,24407.0,24401.1,24405.0,3445.0,16978000.0
2026-07-03 11:29:00+05:30,24405.0,24407.0,24401.0,24406.0,1560.0,16977675.0
2026-07-03 11:30:00+05:30,24407.0,24415.9,24404.5,24408.0,18200.0,16978000.0
2026-07-03 11:31:00+05:30,24408.0,24412.1,24405.0,24412.1,1950.0,16976895.0
2026-07-03 11:32:00+05:30,24406.0,24409.0,24401.5,24402.0,1365.0,16976635.0
2026-07-03 11:33:00+05:30,24409.0,24413.0,24403.0,24413.0,1885.0,16976375.0
2026-07-03 11:34:00+05:30,24408.0,24414.0,24403.5,24409.3,2470.0,16976050.0
2026-07-03 11:35:00+05:30,24409.3,24409.3,24404.5,24404.5,1495.0,16975400.0
2026-07-03 11:36:00+05:30,24404.4,24415.0,24404.4,24409.1,2210.0,16975465.0
2026-07-03 11:37:00+05:30,24407.6,24416.0,24407.6,24416.0,1625.0,16974945.0
2026-07-03 11:38:00+05:30,24413.0,24417.1,24410.1,24411.0,1170.0,16974945.0
2026-07-03 11:39:00+05:30,24412.1,24420.0,24412.1,24417.0,2015.0,16962075.0
2026-07-03 11:40:00+05:30,24417.1,24420.0,24417.0,24418.0,780.0,16961750.0
2026-07-03 11:41:00+05:30,24417.1,24429.9,24417.1,24428.0,9230.0,16963895.0
2026-07-03 11:42:00+05:30,24425.2,24425.2,24420.0,24422.5,2080.0,16963050.0
2026-07-03 11:43:00+05:30,24422.5,24425.0,24421.0,24424.0,1885.0,16961100.0
2026-07-03 11:44:00+05:30,24424.0,24425.2,24418.0,24424.0,3250.0,16961295.0
2026-07-03 11:45:00+05:30,24418.0,24423.6,24417.0,24422.4,3965.0,16960710.0
2026-07-03 11:46:00+05:30,24418.0,24422.4,24418.0,24419.1,325.0,16961360.0
2026-07-03 11:47:00+05:30,24420.0,24422.0,24419.4,24422.0,1040.0,16961360.0
2026-07-03 11:48:00+05:30,24420.0,24422.0,24418.1,24418.1,1365.0,16956355.0
2026-07-03 11:49:00+05:30,24418.0,24422.4,24416.0,24422.4,2015.0,16956160.0
2026-07-03 11:50:00+05:30,24420.0,24427.0,24419.0,24422.0,1820.0,16955250.0
2026-07-03 11:51:00+05:30,24426.0,24427.0,24421.0,24421.5,1495.0,16955770.0
2026-07-03 11:52:00+05:30,24424.9,24427.6,24423.0,24425.6,1235.0,16955835.0
2026-07-03 11:53:00+05:30,24426.0,24430.0,24425.1,24428.0,4550.0,16957135.0
2026-07-03 11:54:00+05:30,24430.0,24432.0,24426.6,24431.1,3640.0,16957915.0
2026-07-03 11:55:00+05:30,24431.1,24432.0,24430.1,24430.5,8580.0,16954860.0
2026-07-03 11:56:00+05:30,24430.1,24431.6,24429.0,24429.6,4420.0,16955185.0
2026-07-03 11:57:00+05:30,24430.5,24434.0,24429.6,24430.6,20020.0,16955055.0
2026-07-03 11:58:00+05:30,24430.6,24432.5,24429.0,24432.0,3640.0,16954405.0
2026-07-03 11:59:00+05:30,24431.5,24439.7,24431.4,24435.8,27755.0,16949140.0
2026-07-03 12:00:00+05:30,24435.7,24440.0,24435.1,24440.0,15730.0,16962465.0
2026-07-03 12:01:00+05:30,24439.0,24439.9,24431.2,24431.2,12285.0,16970590.0
2026-07-03 12:02:00+05:30,24431.2,24438.0,24430.6,24434.0,2275.0,16970915.0
2026-07-03 12:03:00+05:30,24434.0,24439.0,24432.5,24439.0,2275.0,16957655.0
2026-07-03 12:04:00+05:30,24439.0,24442.7,24432.1,24439.1,10140.0,16958825.0
2026-07-03 12:05:00+05:30,24439.1,24442.5,24439.1,24439.9,2210.0,16958630.0
2026-07-03 12:06:00+05:30,24439.9,24442.0,24437.6,24438.6,4550.0,16959410.0
2026-07-03 12:07:00+05:30,24441.0,24446.0,24438.6,24445.0,13195.0,16937960.0
2026-07-03 12:08:00+05:30,24445.9,24448.7,24445.0,24446.6,8060.0,16940820.0
2026-07-03 12:09:00+05:30,24445.0,24445.9,24440.6,24444.0,3120.0,16941600.0
2026-07-03 12:10:00+05:30,24444.1,24445.9,24441.1,24441.1,5980.0,16942315.0
2026-07-03 12:11:00+05:30,24442.0,24447.1,24440.1,24447.1,11180.0,16941600.0
2026-07-03 12:12:00+05:30,24447.2,24448.5,24442.5,24443.0,5005.0,16937050.0
2026-07-03 12:13:00+05:30,24445.0,24448.9,24442.0,24445.1,4810.0,16936270.0
2026-07-03 12:14:00+05:30,24448.9,24448.9,24443.5,24446.6,10465.0,16941730.0
2026-07-03 12:15:00+05:30,24447.3,24448.0,24443.6,24446.6,3250.0,16940755.0
2026-07-03 12:16:00+05:30,24443.0,24443.0,24440.0,24440.1,2925.0,16932175.0
2026-07-03 12:17:00+05:30,24440.0,24443.4,24439.0,24443.4,5200.0,16933085.0
2026-07-03 12:18:00+05:30,24439.0,24443.0,24437.4,24443.0,3185.0,16933930.0
2026-07-03 12:19:00+05:30,24441.5,24445.0,24441.1,24442.5,4160.0,16935295.0
2026-07-03 12:20:00+05:30,24443.0,24444.0,24439.1,24440.0,1885.0,16935295.0
2026-07-03 12:21:00+05:30,24438.5,24439.9,24433.1,24434.0,2795.0,16928925.0
2026-07-03 12:22:00+05:30,24434.0,24439.6,24433.6,24435.3,6045.0,16928860.0
2026-07-03 12:23:00+05:30,24435.1,24437.0,24434.6,24436.1,2600.0,16928860.0
2026-07-03 12:24:00+05:30,24434.6,24438.0,24434.5,24437.5,4680.0,16930290.0
2026-07-03 12:25:00+05:30,24437.5,24440.0,24436.0,24438.1,4355.0,16929445.0
2026-07-03 12:26:00+05:30,24440.0,24442.0,24438.0,24438.0,3250.0,16929445.0
2026-07-03 12:27:00+05:30,24436.1,24441.1,24436.1,24439.8,3575.0,16924570.0
2026-07-03 12:28:00+05:30,24439.8,24439.8,24435.0,24435.0,2080.0,16923400.0
2026-07-03 12:29:00+05:30,24434.1,24440.0,24434.1,24440.0,3900.0,16923400.0
2026-07-03 12:30:00+05:30,24440.0,24442.0,24434.6,24437.6,3835.0,16923400.0
2026-07-03 12:31:00+05:30,24438.1,24439.0,24433.1,24433.1,3380.0,16915015.0
2026-07-03 12:32:00+05:30,24433.1,24435.0,24431.9,24432.0,1885.0,16915015.0
2026-07-03 12:33:00+05:30,24432.0,24434.4,24430.0,24430.1,2860.0,16913065.0
2026-07-03 12:34:00+05:30,24430.1,24434.5,24430.1,24431.5,2145.0,16911895.0
2026-07-03 12:35:00+05:30,24431.0,24434.0,24430.6,24433.5,2275.0,16911895.0
2026-07-03 12:36:00+05:30,24433.0,24433.8,24428.6,24431.4,3510.0,16904355.0
2026-07-03 12:37:00+05:30,24431.6,24435.0,24428.5,24435.0,8060.0,16904355.0
2026-07-03 12:38:00+05:30,24435.0,24435.9,24428.0,24428.0,4225.0,16904355.0
2026-07-03 12:39:00+05:30,24428.0,24433.3,24428.0,24429.5,10530.0,16909165.0
2026-07-03 12:40:00+05:30,24429.5,24430.5,24425.0,24425.0,2015.0,16908515.0
2026-07-03 12:41:00+05:30,24428.5,24428.5,24423.6,24424.5,5330.0,16909165.0
2026-07-03 12:42:00+05:30,24424.0,24426.0,24420.6,24426.0,2145.0,16909165.0
2026-07-03 12:43:00+05:30,24421.5,24426.0,24417.6,24417.6,4030.0,16910010.0
2026-07-03 12:44:00+05:30,24418.5,24422.0,24418.5,24422.0,2860.0,16910270.0
2026-07-03 12:45:00+05:30,24426.0,24426.0,24421.0,24421.5,1430.0,16910270.0
2026-07-03 12:46:00+05:30,24421.5,24428.5,24421.5,24428.0,2795.0,16910205.0
2026-07-03 12:47:00+05:30,24428.0,24428.0,24425.0,24425.0,780.0,16907410.0
2026-07-03 12:48:00+05:30,24425.0,24429.3,24422.1,24423.8,4550.0,16907670.0
2026-07-03 12:49:00+05:30,24429.6,24429.6,24424.0,24425.5,845.0,16909230.0
2026-07-03 12:50:00+05:30,24428.0,24435.0,24425.5,24434.8,3445.0,16909165.0
2026-07-03 12:51:00+05:30,24433.0,24435.0,24432.6,24432.7,1950.0,16909620.0
2026-07-03 12:52:00+05:30,24432.7,24432.7,24425.5,24425.5,715.0,16904745.0
2026-07-03 12:53:00+05:30,24428.0,24428.0,24424.0,24424.0,975.0,16904680.0
2026-07-03 12:54:00+05:30,24423.8,24425.0,24421.1,24425.0,3315.0,16904940.0
2026-07-03 12:55:00+05:30,24424.0,24425.0,24423.1,24425.0,18590.0,16906305.0
2026-07-03 12:56:00+05:30,24425.0,24426.0,24425.0,24426.0,2990.0,16921255.0
2026-07-03 12:57:00+05:30,24428.0,24429.0,24425.0,24426.0,1690.0,16920800.0
2026-07-03 12:58:00+05:30,24423.0,24426.0,24421.0,24422.0,1170.0,16920800.0
2026-07-03 12:59:00+05:30,24422.0,24426.0,24422.0,24426.0,1885.0,16920475.0
2026-07-03 13:00:00+05:30,24426.0,24428.0,24421.6,24421.6,910.0,16921060.0
2026-07-03 13:01:00+05:30,24423.8,24423.8,24417.0,24417.0,1430.0,16921320.0
2026-07-03 13:02:00+05:30,24416.6,24416.6,24415.1,24415.1,3510.0,16920475.0
2026-07-03 13:03:00+05:30,24415.1,24418.0,24415.0,24417.9,2080.0,16920670.0
2026-07-03 13:04:00+05:30,24417.0,24417.0,24410.1,24410.1,4095.0,16921125.0
2026-07-03 13:05:00+05:30,24410.0,24410.1,24393.1,24393.1,21385.0,16921060.0
2026-07-03 13:06:00+05:30,24395.8,24401.3,24390.0,24392.5,15210.0,16929640.0
2026-07-03 13:07:00+05:30,24393.0,24405.0,24391.0,24399.9,4550.0,16907800.0
2026-07-03 13:08:00+05:30,24399.7,24399.7,24390.0,24391.2,5005.0,16906240.0
2026-07-03 13:09:00+05:30,24395.0,24395.0,24386.1,24389.6,5005.0,16905135.0
2026-07-03 13:10:00+05:30,24392.0,24400.0,24390.0,24392.0,11570.0,16904485.0
2026-07-03 13:11:00+05:30,24392.0,24392.0,24390.0,24392.0,2925.0,16896945.0
2026-07-03 13:12:00+05:30,24392.0,24394.1,24388.0,24388.1,6695.0,16888105.0
2026-07-03 13:13:00+05:30,24388.0,24399.0,24386.1,24399.0,5720.0,16884140.0
2026-07-03 13:14:00+05:30,24398.0,24400.0,24395.0,24399.5,2405.0,16884530.0
2026-07-03 13:15:00+05:30,24397.0,24398.0,24385.2,24387.0,5915.0,16884400.0
2026-07-03 13:16:00+05:30,24386.0,24395.0,24385.2,24394.0,2275.0,16884530.0
2026-07-03 13:17:00+05:30,24387.0,24394.0,24386.0,24386.0,4745.0,16882580.0
2026-07-03 13:18:00+05:30,24386.0,24394.0,24386.0,24387.0,7540.0,16884530.0
2026-07-03 13:19:00+05:30,24388.0,24395.0,24388.0,24393.0,1300.0,16879265.0
2026-07-03 13:20:00+05:30,24393.0,24395.0,24390.0,24395.0,2730.0,16879200.0
2026-07-03 13:21:00+05:30,24392.5,24400.0,24390.0,24400.0,3705.0,16880045.0
2026-07-03 13:22:00+05:30,24398.8,24398.8,24390.0,24390.1,2275.0,16880240.0
2026-07-03 13:23:00+05:30,24397.6,24399.0,24390.1,24398.9,1495.0,16880955.0
2026-07-03 13:24:00+05:30,24390.1,24396.0,24386.0,24386.0,9035.0,16881345.0
2026-07-03 13:25:00+05:30,24386.0,24390.7,24386.0,24386.0,5915.0,16875170.0
2026-07-03 13:26:00+05:30,24386.0,24390.0,24381.0,24385.0,17875.0,16872700.0
2026-07-03 13:27:00+05:30,24384.7,24393.2,24384.7,24385.0,1300.0,16867370.0
2026-07-03 13:28:00+05:30,24389.0,24390.0,24380.0,24385.0,6240.0,16865680.0
2026-07-03 13:29:00+05:30,24385.0,24391.0,24385.0,24385.0,2470.0,16864900.0
2026-07-03 13:30:00+05:30,24389.0,24392.0,24385.0,24388.0,5525.0,16864770.0
2026-07-03 13:31:00+05:30,24385.0,24389.1,24384.0,24384.0,2340.0,16864900.0
2026-07-03 13:32:00+05:30,24383.9,24385.0,24377.1,24378.0,11570.0,16864640.0
2026-07-03 13:33:00+05:30,24378.0,24382.0,24367.0,24373.5,22035.0,16864120.0
2026-07-03 13:34:00+05:30,24373.0,24375.0,24367.0,24370.0,7605.0,16858075.0
2026-07-03 13:35:00+05:30,24370.0,24372.2,24354.6,24355.0,32695.0,16857555.0
2026-07-03 13:36:00+05:30,24355.0,24355.0,24351.0,24355.0,17030.0,16840200.0
2026-07-03 13:37:00+05:30,24351.0,24368.0,24351.0,24360.0,10010.0,16838055.0
2026-07-03 13:38:00+05:30,24368.0,24368.0,24355.1,24366.4,9685.0,16837145.0
2026-07-03 13:39:00+05:30,24366.6,24366.6,24359.6,24361.0,9685.0,16835390.0
2026-07-03 13:40:00+05:30,24361.0,24376.2,24361.0,24374.9,6370.0,16832530.0
2026-07-03 13:41:00+05:30,24374.9,24376.0,24365.0,24370.0,4745.0,16830450.0
2026-07-03 13:42:00+05:30,24370.0,24370.0,24352.0,24365.0,23790.0,16830190.0
2026-07-03 13:43:00+05:30,24365.0,24369.4,24351.5,24360.0,21450.0,16843190.0
2026-07-03 13:44:00+05:30,24361.4,24369.4,24355.0,24367.0,18460.0,16853525.0
2026-07-03 13:45:00+05:30,24367.0,24367.0,24351.0,24365.0,15080.0,16872440.0
2026-07-03 13:46:00+05:30,24365.0,24365.5,24350.2,24364.0,36920.0,16878290.0
2026-07-03 13:47:00+05:30,24351.5,24364.4,24350.0,24351.0,39455.0,16911895.0
2026-07-03 13:48:00+05:30,24350.6,24364.3,24350.0,24350.0,49595.0,16954600.0
2026-07-03 13:49:00+05:30,24358.0,24365.0,24350.0,24364.8,20605.0,16954600.0
2026-07-03 13:50:00+05:30,24360.7,24369.0,24357.1,24363.1,17095.0,16970200.0
2026-07-03 13:51:00+05:30,24363.0,24369.0,24357.0,24361.9,16835.0,16982615.0
2026-07-03 13:52:00+05:30,24368.0,24369.0,24362.4,24363.1,6825.0,16988270.0
2026-07-03 13:53:00+05:30,24369.0,24369.0,24363.6,24368.2,2990.0,16976180.0
2026-07-03 13:54:00+05:30,24368.0,24368.0,24364.2,24367.4,2080.0,16976180.0
2026-07-03 13:55:00+05:30,24367.4,24375.0,24365.0,24365.0,7865.0,16975270.0
2026-07-03 13:56:00+05:30,24370.0,24370.0,24357.9,24359.2,11115.0,16980275.0
2026-07-03 13:57:00+05:30,24359.2,24364.0,24355.0,24355.0,2860.0,16985735.0
2026-07-03 13:58:00+05:30,24358.6,24362.0,24355.3,24362.0,2405.0,16939390.0
2026-07-03 13:59:00+05:30,24363.3,24363.3,24358.7,24360.0,2990.0,16939975.0
2026-07-03 14:00:00+05:30,24361.0,24361.0,24355.0,24355.0,3575.0,16941860.0
2026-07-03 14:01:00+05:30,24357.9,24357.9,24348.6,24352.7,11375.0,16942510.0
2026-07-03 14:02:00+05:30,24352.9,24365.0,24351.6,24363.0,10465.0,16952390.0
2026-07-03 14:03:00+05:30,24364.6,24368.0,24361.0,24368.0,1690.0,16952065.0
2026-07-03 14:04:00+05:30,24367.8,24367.8,24345.0,24348.3,17745.0,16952065.0
2026-07-03 14:05:00+05:30,24348.6,24359.0,24348.6,24357.0,13455.0,16972605.0
2026-07-03 14:06:00+05:30,24357.0,24369.0,24356.4,24369.0,4290.0,16975660.0
2026-07-03 14:07:00+05:30,24367.5,24367.6,24360.0,24367.5,910.0,16975725.0
2026-07-03 14:08:00+05:30,24367.0,24367.0,24361.0,24361.2,2340.0,16976050.0
2026-07-03 14:09:00+05:30,24361.2,24367.0,24361.0,24363.0,2080.0,16977480.0
2026-07-03 14:10:00+05:30,24365.0,24367.9,24353.7,24367.5,9945.0,16980860.0
2026-07-03 14:11:00+05:30,24357.6,24367.5,24357.6,24367.5,520.0,16981705.0
2026-07-03 14:12:00+05:30,24367.4,24368.0,24357.2,24359.6,3185.0,16982160.0
2026-07-03 14:13:00+05:30,24367.9,24370.0,24359.2,24360.0,3510.0,16983135.0
2026-07-03 14:14:00+05:30,24365.0,24368.1,24360.1,24367.5,1105.0,16984695.0
2026-07-03 14:15:00+05:30,24365.6,24365.6,24350.0,24351.2,8905.0,16987230.0
2026-07-03 14:16:00+05:30,24350.1,24360.0,24350.0,24359.8,1690.0,16989375.0
2026-07-03 14:17:00+05:30,24360.0,24363.3,24352.0,24363.3,1820.0,16989050.0
2026-07-03 14:18:00+05:30,24363.3,24364.0,24352.0,24352.0,2405.0,16989375.0
2026-07-03 14:19:00+05:30,24359.0,24360.0,24350.0,24350.0,4160.0,16989050.0
2026-07-03 14:20:00+05:30,24350.0,24350.5,24336.1,24340.0,18720.0,16988075.0
2026-07-03 14:21:00+05:30,24338.1,24345.0,24336.1,24339.3,9295.0,16986255.0
2026-07-03 14:22:00+05:30,24339.3,24345.0,24334.1,24339.2,23920.0,16996590.0
2026-07-03 14:23:00+05:30,24338.2,24345.0,24338.2,24341.0,5525.0,17007380.0
2026-07-03 14:24:00+05:30,24341.6,24354.7,24340.0,24352.7,6175.0,17007120.0
2026-07-03 14:25:00+05:30,24351.7,24352.3,24348.1,24350.8,5720.0,17005495.0
2026-07-03 14:26:00+05:30,24351.3,24353.0,24344.0,24345.0,7150.0,17004000.0
2026-07-03 14:27:00+05:30,24345.0,24350.0,24340.1,24350.0,3185.0,17003675.0
2026-07-03 14:28:00+05:30,24347.7,24349.8,24343.0,24345.0,1495.0,17003805.0
2026-07-03 14:29:00+05:30,24349.8,24349.8,24342.0,24342.0,1430.0,17004130.0
2026-07-03 14:30:00+05:30,24342.0,24348.0,24340.0,24345.0,4485.0,17004455.0
2026-07-03 14:31:00+05:30,24343.5,24350.5,24339.2,24339.9,9295.0,17003870.0
2026-07-03 14:32:00+05:30,24339.9,24357.2,24338.1,24343.0,12155.0,17010305.0
2026-07-03 14:33:00+05:30,24355.7,24366.7,24343.4,24353.0,13975.0,17016220.0
2026-07-03 14:34:00+05:30,24362.3,24366.4,24351.5,24357.0,10010.0,17022720.0
2026-07-03 14:35:00+05:30,24352.5,24366.0,24352.5,24355.5,7150.0,17024345.0
2026-07-03 14:36:00+05:30,24356.0,24366.0,24346.0,24346.4,19565.0,17032405.0
2026-07-03 14:37:00+05:30,24347.2,24357.9,24341.1,24343.1,36270.0,17060485.0
2026-07-03 14:38:00+05:30,24343.5,24355.0,24342.2,24345.0,21645.0,17078230.0
2026-07-03 14:39:00+05:30,24346.0,24356.0,24341.6,24354.0,13455.0,17090840.0
2026-07-03 14:40:00+05:30,24356.9,24357.9,24343.6,24356.9,3315.0,17093115.0
2026-07-03 14:41:00+05:30,24357.7,24357.7,24340.0,24349.4,10660.0,17090320.0
2026-07-03 14:42:00+05:30,24354.3,24354.3,24337.3,24337.4,33930.0,17101825.0
2026-07-03 14:43:00+05:30,24338.7,24350.0,24335.9,24336.5,14560.0,17124380.0
2026-07-03 14:44:00+05:30,24345.0,24352.0,24337.0,24348.0,3510.0,17126070.0
2026-07-03 14:45:00+05:30,24341.0,24349.0,24336.1,24336.1,2925.0,17127240.0
2026-07-03 14:46:00+05:30,24337.0,24345.7,24325.1,24326.2,40040.0,17125355.0
2026-07-03 14:47:00+05:30,24326.2,24345.6,24326.0,24345.3,9165.0,17134390.0
2026-07-03 14:48:00+05:30,24345.3,24356.4,24340.0,24354.7,3965.0,17125160.0
2026-07-03 14:49:00+05:30,24347.0,24356.0,24345.0,24350.0,1885.0,17124445.0
2026-07-03 14:50:00+05:30,24356.0,24359.0,24344.0,24350.0,6565.0,17126005.0
2026-07-03 14:51:00+05:30,24344.0,24351.9,24341.0,24349.2,6175.0,17124770.0
2026-07-03 14:52:00+05:30,24345.0,24347.9,24329.6,24330.0,9165.0,17125615.0
2026-07-03 14:53:00+05:30,24330.0,24337.5,24327.0,24334.6,4875.0,17124510.0
2026-07-03 14:54:00+05:30,24335.0,24345.9,24330.4,24333.3,1950.0,17124120.0
2026-07-03 14:55:00+05:30,24345.0,24346.1,24333.3,24335.1,3315.0,17122495.0
2026-07-03 14:56:00+05:30,24334.7,24345.0,24334.0,24335.0,3185.0,17122560.0
2026-07-03 14:57:00+05:30,24344.7,24345.0,24334.0,24344.5,2925.0,17123145.0
2026-07-03 14:58:00+05:30,24335.1,24344.0,24326.0,24328.3,8450.0,17123665.0
2026-07-03 14:59:00+05:30,24328.2,24339.9,24325.0,24327.9,7150.0,17123925.0
2026-07-03 15:00:00+05:30,24327.9,24354.0,24327.7,24338.1,10335.0,17124380.0
2026-07-03 15:01:00+05:30,24345.0,24354.0,24341.6,24354.0,3705.0,17124445.0
2026-07-03 15:02:00+05:30,24353.0,24367.5,24353.0,24363.0,12350.0,17123925.0
2026-07-03 15:03:00+05:30,24362.0,24365.0,24356.5,24360.0,7735.0,17124185.0
2026-07-03 15:04:00+05:30,24364.8,24365.0,24355.0,24355.0,4940.0,17122365.0
2026-07-03 15:05:00+05:30,24355.1,24365.0,24350.0,24355.0,7865.0,17122690.0
2026-07-03 15:06:00+05:30,24358.5,24366.9,24356.0,24356.0,11050.0,17123795.0
2026-07-03 15:07:00+05:30,24361.3,24363.1,24340.1,24350.0,13325.0,17121845.0
2026-07-03 15:08:00+05:30,24351.0,24359.7,24350.0,24359.0,4290.0,17121585.0
2026-07-03 15:09:00+05:30,24355.0,24356.9,24350.0,24351.0,2990.0,17121195.0
2026-07-03 15:10:00+05:30,24351.0,24360.0,24348.0,24358.0,7085.0,17120935.0
2026-07-03 15:11:00+05:30,24358.0,24360.0,24353.0,24355.0,5070.0,17120610.0
2026-07-03 15:12:00+05:30,24359.0,24360.0,24346.2,24346.2,10855.0,17118075.0
2026-07-03 15:13:00+05:30,24353.0,24355.0,24346.0,24348.0,3055.0,17117685.0
2026-07-03 15:14:00+05:30,24348.0,24353.6,24347.0,24353.0,4225.0,17117945.0
2026-07-03 15:15:00+05:30,24348.0,24355.0,24340.0,24345.9,10595.0,17117880.0
2026-07-03 15:16:00+05:30,24348.8,24351.6,24341.0,24346.0,6110.0,17118595.0
2026-07-03 15:17:00+05:30,24345.0,24348.9,24341.0,24348.9,5655.0,17118920.0
2026-07-03 15:18:00+05:30,24349.0,24355.0,24342.0,24353.4,4745.0,17118010.0
2026-07-03 15:19:00+05:30,24345.0,24355.0,24343.4,24354.5,6435.0,17117490.0
2026-07-03 15:20:00+05:30,24347.9,24360.0,24347.9,24355.4,13195.0,17112160.0
2026-07-03 15:21:00+05:30,24357.7,24364.6,24350.1,24360.0,12220.0,17115280.0
2026-07-03 15:22:00+05:30,24354.0,24360.0,24347.0,24347.0,16380.0,17113655.0
2026-07-03 15:23:00+05:30,24347.0,24349.5,24345.0,24345.0,6565.0,17114500.0
2026-07-03 15:24:00+05:30,24346.0,24350.0,24345.0,24350.0,10530.0,17116515.0
2026-07-03 15:25:00+05:30,24347.0,24355.0,24344.0,24349.4,18590.0,17116840.0
2026-07-03 15:26:00+05:30,24349.4,24354.7,24344.0,24350.0,12675.0,17113720.0
2026-07-03 15:27:00+05:30,24347.5,24353.8,24344.8,24353.8,15340.0,17111705.0
2026-07-03 15:28:00+05:30,24353.8,24355.0,24347.0,24355.0,16250.0,17111185.0
2026-07-03 15:29:00+05:30,24354.8,24363.0,24350.9,24351.1,33930.0,17110405.0
2026-07-06 09:15:00+05:30,24345.0,24385.0,24330.0,24378.8,49335.0,17054310.0
2026-07-06 09:16:00+05:30,24383.0,24400.0,24375.1,24398.8,26715.0,17051385.0
2026-07-06 09:17:00+05:30,24395.9,24400.1,24392.2,24396.7,29120.0,17048070.0
2026-07-06 09:18:00+05:30,24396.7,24408.9,24396.7,24405.5,29770.0,17044365.0
2026-07-06 09:19:00+05:30,24405.5,24413.0,24402.0,24404.8,20410.0,17032080.0
2026-07-06 09:20:00+05:30,24404.8,24406.0,24390.7,24390.7,17030.0,17023305.0
2026-07-06 09:21:00+05:30,24390.0,24405.0,24390.0,24405.0,12025.0,17019535.0
2026-07-06 09:22:00+05:30,24403.0,24410.0,24394.6,24399.9,14560.0,17014335.0
2026-07-06 09:23:00+05:30,24397.6,24404.0,24397.2,24400.0,16315.0,17014140.0
2026-07-06 09:24:00+05:30,24403.0,24409.0,24398.0,24404.1,7930.0,17015635.0
2026-07-06 09:25:00+05:30,24401.0,24408.0,24398.3,24401.6,6240.0,17018495.0
2026-07-06 09:26:00+05:30,24401.7,24403.6,24395.0,24395.0,11440.0,17019795.0
2026-07-06 09:27:00+05:30,24395.0,24402.0,24392.0,24402.0,10075.0,17019665.0
2026-07-06 09:28:00+05:30,24401.1,24410.0,24401.1,24405.1,6110.0,17022980.0
2026-07-06 09:29:00+05:30,24408.0,24410.0,24402.1,24408.4,5655.0,17023630.0
2026-07-06 09:30:00+05:30,24410.0,24421.0,24408.5,24421.0,13195.0,17025255.0
2026-07-06 09:31:00+05:30,24420.0,24425.0,24415.4,24424.0,7410.0,17020900.0
2026-07-06 09:32:00+05:30,24424.0,24425.0,24416.1,24419.0,10400.0,17021745.0
2026-07-06 09:33:00+05:30,24424.0,24425.0,24413.5,24420.0,6565.0,17022850.0
2026-07-06 09:34:00+05:30,24423.0,24429.0,24420.0,24428.0,10985.0,17023370.0
2026-07-06 09:35:00+05:30,24426.5,24441.0,24426.5,24436.0,21840.0,17022395.0
2026-07-06 09:36:00+05:30,24439.0,24444.0,24434.0,24435.0,11505.0,17017390.0
2026-07-06 09:37:00+05:30,24434.0,24437.0,24423.0,24430.0,6695.0,17016220.0
2026-07-06 09:38:00+05:30,24433.0,24438.0,24430.0,24435.0,6630.0,17018950.0
2026-07-06 09:39:00+05:30,24435.0,24437.2,24427.2,24430.0,6825.0,17021940.0
2026-07-06 09:40:00+05:30,24428.4,24434.0,24427.0,24432.0,8775.0,17020315.0
2026-07-06 09:41:00+05:30,24429.8,24432.0,24425.0,24425.1,10010.0,17022590.0
2026-07-06 09:42:00+05:30,24427.8,24434.0,24425.2,24430.0,9880.0,17021420.0
2026-07-06 09:43:00+05:30,24433.0,24433.0,24428.3,24430.1,3120.0,17015960.0
2026-07-06 09:44:00+05:30,24430.0,24430.0,24424.4,24428.0,5655.0,17016090.0
2026-07-06 09:45:00+05:30,24424.5,24438.0,24424.5,24438.0,10075.0,17016220.0
2026-07-06 09:46:00+05:30,24439.0,24447.0,24434.4,24447.0,16510.0,17010955.0
2026-07-06 09:47:00+05:30,24447.8,24449.6,24447.0,24449.6,16770.0,17007640.0
2026-07-06 09:48:00+05:30,24449.6,24450.0,24444.1,24447.0,19760.0,17005560.0
2026-07-06 09:49:00+05:30,24449.0,24449.6,24438.7,24444.0,15340.0,17006860.0
2026-07-06 09:50:00+05:30,24444.0,24449.5,24439.4,24449.0,10530.0,16999970.0
2026-07-06 09:51:00+05:30,24448.0,24449.9,24445.2,24445.7,10465.0,16998215.0
2026-07-06 09:52:00+05:30,24445.7,24452.0,24445.0,24445.0,21970.0,16988725.0
2026-07-06 09:53:00+05:30,24447.0,24447.1,24438.6,24441.5,22425.0,16987360.0
2026-07-06 09:54:00+05:30,24441.5,24445.0,24438.0,24439.0,17420.0,16977350.0
2026-07-06 09:55:00+05:30,24439.5,24447.1,24438.6,24441.4,9555.0,16969745.0
2026-07-06 09:56:00+05:30,24441.0,24445.0,24440.0,24440.0,7345.0,16965455.0
2026-07-06 09:57:00+05:30,24440.0,24441.2,24433.1,24440.0,12870.0,16965130.0
2026-07-06 09:58:00+05:30,24435.5,24444.0,24434.1,24442.7,8710.0,16961750.0
2026-07-06 09:59:00+05:30,24444.0,24450.0,24440.0,24450.0,10790.0,16961945.0
2026-07-06 10:00:00+05:30,24450.0,24452.0,24443.9,24452.0,9100.0,16961880.0
2026-07-06 10:01:00+05:30,24450.0,24452.0,24447.9,24452.0,4290.0,16962855.0
2026-07-06 10:02:00+05:30,24452.0,24452.9,24445.0,24445.0,5655.0,16962335.0
2026-07-06 10:03:00+05:30,24445.8,24450.0,24442.4,24449.0,8190.0,16961295.0
2026-07-06 10:04:00+05:30,24447.0,24450.0,24440.0,24441.5,6695.0,16958370.0
2026-07-06 10:05:00+05:30,24444.0,24445.1,24440.0,24443.0,4615.0,16957915.0
2026-07-06 10:06:00+05:30,24440.0,24443.0,24434.0,24436.3,3380.0,16957330.0
2026-07-06 10:07:00+05:30,24435.1,24442.9,24435.0,24437.0,3835.0,16957005.0
2026-07-06 10:08:00+05:30,24437.0,24440.0,24433.4,24439.9,7540.0,16957070.0
2026-07-06 10:09:00+05:30,24439.9,24441.0,24437.9,24440.0,5980.0,16954990.0
2026-07-06 10:10:00+05:30,24440.9,24441.8,24437.0,24437.0,4745.0,16953040.0
2026-07-06 10:11:00+05:30,24438.4,24441.8,24438.1,24440.8,4940.0,16952780.0
2026-07-06 10:12:00+05:30,24440.8,24440.8,24435.0,24436.9,6240.0,16952260.0
2026-07-06 10:13:00+05:30,24437.2,24439.0,24430.0,24433.6,5525.0,16949920.0
2026-07-06 10:14:00+05:30,24433.8,24438.7,24427.3,24430.6,4095.0,16949855.0
2026-07-06 10:15:00+05:30,24432.0,24440.0,24430.6,24440.0,7670.0,16950115.0
2026-07-06 10:16:00+05:30,24439.0,24440.0,24436.0,24436.0,2340.0,16949660.0
2026-07-06 10:17:00+05:30,24437.9,24440.0,24436.0,24440.0,2600.0,16950245.0
2026-07-06 10:18:00+05:30,24440.0,24444.0,24439.5,24444.0,2145.0,16951350.0
2026-07-06 10:19:00+05:30,24444.0,24448.0,24442.6,24447.0,4095.0,16952195.0
2026-07-06 10:20:00+05:30,24447.0,24460.0,24447.0,24459.4,24830.0,16952260.0
2026-07-06 10:21:00+05:30,24457.0,24462.0,24451.0,24460.2,16770.0,16953885.0
2026-07-06 10:22:00+05:30,24460.2,24470.0,24460.0,24468.9,18980.0,16955835.0
2026-07-06 10:23:00+05:30,24469.0,24470.0,24462.0,24466.0,13130.0,16960255.0
2026-07-06 10:24:00+05:30,24465.0,24465.0,24460.0,24460.0,7020.0,16959995.0
2026-07-06 10:25:00+05:30,24460.0,24465.0,24460.0,24460.0,5005.0,16961295.0
2026-07-06 10:26:00+05:30,24460.0,24465.0,24460.0,24464.0,3185.0,16962335.0
2026-07-06 10:27:00+05:30,24464.0,24469.2,24460.0,24466.0,11830.0,16951415.0
2026-07-06 10:28:00+05:30,24470.0,24475.0,24469.3,24474.3,30095.0,16953300.0
2026-07-06 10:29:00+05:30,24474.3,24474.4,24470.0,24472.1,52260.0,16977545.0
2026-07-06 10:30:00+05:30,24472.1,24473.7,24465.6,24470.0,8385.0,16986775.0
2026-07-06 10:31:00+05:30,24470.0,24470.0,24463.0,24465.1,5265.0,16986905.0
2026-07-06 10:32:00+05:30,24468.0,24468.0,24463.6,24467.0,4745.0,16979040.0
2026-07-06 10:33:00+05:30,24468.0,24470.0,24466.6,24466.6,2730.0,16979430.0
2026-07-06 10:34:00+05:30,24467.0,24470.0,24465.0,24469.0,7085.0,16978910.0
2026-07-06 10:35:00+05:30,24467.0,24469.0,24467.0,24467.0,5850.0,16982355.0
2026-07-06 10:36:00+05:30,24467.0,24467.3,24460.0,24460.0,6565.0,16985345.0
2026-07-06 10:37:00+05:30,24460.5,24461.0,24455.8,24456.2,9295.0,16964805.0
2026-07-06 10:38:00+05:30,24456.0,24459.9,24451.1,24451.1,3770.0,16966755.0
2026-07-06 10:39:00+05:30,24451.5,24459.0,24451.0,24454.3,5395.0,16965520.0
2026-07-06 10:40:00+05:30,24456.8,24458.0,24451.0,24458.0,4485.0,16964870.0
2026-07-06 10:41:00+05:30,24455.0,24466.0,24455.0,24459.9,3770.0,16965715.0
2026-07-06 10:42:00+05:30,24467.0,24467.0,24452.5,24466.1,2925.0,16964805.0
2026-07-06 10:43:00+05:30,24466.1,24467.0,24455.2,24465.0,1560.0,16964610.0
2026-07-06 10:44:00+05:30,24465.0,24465.0,24455.3,24464.0,1755.0,16964480.0
2026-07-06 10:45:00+05:30,24459.1,24465.0,24459.1,24459.5,2080.0,16964090.0
2026-07-06 10:46:00+05:30,24460.0,24470.0,24460.0,24470.0,5200.0,16964675.0
2026-07-06 10:47:00+05:30,24470.0,24471.0,24463.1,24470.0,1690.0,16964350.0
2026-07-06 10:48:00+05:30,24469.9,24473.7,24467.0,24473.7,9620.0,16964415.0
2026-07-06 10:49:00+05:30,24474.0,24475.0,24471.3,24474.9,4810.0,16965065.0
2026-07-06 10:50:00+05:30,24472.1,24479.0,24472.0,24477.0,10205.0,16965520.0
2026-07-06 10:51:00+05:30,24475.7,24479.0,24470.0,24476.4,4940.0,16968120.0
2026-07-06 10:52:00+05:30,24471.1,24475.0,24463.2,24466.1,5200.0,16969485.0
2026-07-06 10:53:00+05:30,24466.3,24471.0,24466.1,24470.0,4160.0,16971435.0
2026-07-06 10:54:00+05:30,24470.0,24470.0,24465.2,24465.2,3575.0,16973190.0
2026-07-06 10:55:00+05:30,24466.2,24469.8,24461.6,24469.7,5720.0,16977090.0
2026-07-06 10:56:00+05:30,24469.7,24472.0,24464.2,24468.0,5070.0,16978260.0
2026-07-06 10:57:00+05:30,24468.0,24475.0,24467.2,24471.0,3900.0,16980665.0
2026-07-06 10:58:00+05:30,24472.0,24478.0,24471.0,24478.0,3900.0,16982225.0
2026-07-06 10:59:00+05:30,24478.0,24478.8,24474.2,24478.8,4420.0,16983265.0
2026-07-06 11:00:00+05:30,24478.8,24480.0,24475.2,24480.0,12935.0,16985670.0
2026-07-06 11:01:00+05:30,24479.0,24480.5,24475.0,24478.0,7865.0,16986320.0
2026-07-06 11:02:00+05:30,24476.0,24478.0,24475.0,24475.0,3575.0,16985410.0
2026-07-06 11:03:00+05:30,24472.2,24472.2,24466.6,24466.6,2470.0,16986320.0
2026-07-06 11:04:00+05:30,24469.9,24474.9,24466.1,24470.9,4810.0,16986710.0
2026-07-06 11:05:00+05:30,24470.0,24474.8,24469.4,24474.0,1690.0,16987165.0
2026-07-06 11:06:00+05:30,24474.0,24475.9,24470.0,24470.0,1755.0,16986450.0
2026-07-06 11:07:00+05:30,24476.0,24476.0,24469.9,24473.5,4290.0,16985800.0
2026-07-06 11:08:00+05:30,24475.0,24475.0,24470.1,24473.0,975.0,16985800.0
2026-07-06 11:09:00+05:30,24471.0,24473.5,24470.7,24472.0,1430.0,16985865.0
2026-07-06 11:10:00+05:30,24471.0,24474.0,24469.8,24470.2,2990.0,16986645.0
2026-07-06 11:11:00+05:30,24472.0,24475.0,24469.9,24475.0,4745.0,16987555.0
2026-07-06 11:12:00+05:30,24473.1,24475.0,24469.6,24473.0,2145.0,16986840.0
2026-07-06 11:13:00+05:30,24470.0,24473.0,24466.6,24467.6,1430.0,16986775.0
2026-07-06 11:14:00+05:30,24470.0,24471.6,24467.1,24471.6,1040.0,16986970.0
2026-07-06 11:15:00+05:30,24466.1,24471.6,24463.1,24466.0,1690.0,16987685.0
2026-07-06 11:16:00+05:30,24463.0,24469.6,24463.0,24465.1,3185.0,16987685.0
2026-07-06 11:17:00+05:30,24465.1,24465.1,24462.0,24464.8,1300.0,16987295.0
2026-07-06 11:18:00+05:30,24463.0,24465.0,24459.6,24459.6,2925.0,16987815.0
2026-07-06 11:19:00+05:30,24460.0,24465.0,24459.6,24459.7,2600.0,16986905.0
2026-07-06 11:20:00+05:30,24459.7,24462.0,24458.0,24459.1,2990.0,16985865.0
2026-07-06 11:21:00+05:30,24459.9,24470.0,24459.1,24470.0,4680.0,16985410.0
2026-07-06 11:22:00+05:30,24470.0,24470.0,24465.9,24468.0,845.0,16985215.0
2026-07-06 11:23:00+05:30,24468.0,24475.0,24466.8,24471.0,5200.0,16985670.0
2026-07-06 11:24:00+05:30,24471.0,24475.0,24470.0,24472.1,3575.0,16983005.0
2026-07-06 11:25:00+05:30,24475.0,24478.5,24475.0,24478.0,3315.0,16983460.0
2026-07-06 11:26:00+05:30,24476.0,24479.2,24476.0,24476.0,2600.0,16983915.0
2026-07-06 11:27:00+05:30,24476.2,24477.0,24475.0,24476.9,1170.0,16983785.0
2026-07-06 11:28:00+05:30,24475.1,24476.8,24471.1,24471.4,2990.0,16983785.0
2026-07-06 11:29:00+05:30,24476.0,24476.8,24475.0,24475.0,1365.0,16982940.0
2026-07-06 11:30:00+05:30,24477.0,24477.0,24472.4,24472.7,3770.0,16984305.0
2026-07-06 11:31:00+05:30,24475.0,24479.0,24475.0,24475.0,3705.0,16986125.0
2026-07-06 11:32:00+05:30,24475.0,24475.0,24472.7,24474.6,2405.0,16986840.0
2026-07-06 11:33:00+05:30,24473.8,24475.0,24472.7,24472.7,2340.0,16987230.0
2026-07-06 11:34:00+05:30,24472.7,24475.0,24472.7,24474.8,975.0,16987945.0
2026-07-06 11:35:00+05:30,24472.7,24474.7,24470.2,24474.0,1950.0,16988010.0
2026-07-06 11:36:00+05:30,24474.0,24474.0,24470.0,24472.0,1755.0,16988400.0
2026-07-06 11:37:00+05:30,24470.1,24472.0,24470.0,24472.0,1495.0,16988985.0
2026-07-06 11:38:00+05:30,24470.6,24473.9,24470.0,24470.2,1755.0,16990090.0
2026-07-06 11:39:00+05:30,24472.0,24474.3,24470.2,24474.3,4355.0,16991585.0
2026-07-06 11:40:00+05:30,24474.0,24474.4,24468.1,24472.4,3380.0,16991520.0
2026-07-06 11:41:00+05:30,24468.0,24473.0,24468.0,24472.7,1950.0,16992105.0
2026-07-06 11:42:00+05:30,24467.5,24472.7,24465.5,24472.0,2080.0,16991780.0
2026-07-06 11:43:00+05:30,24467.0,24471.0,24467.0,24470.0,845.0,16992040.0
2026-07-06 11:44:00+05:30,24471.0,24472.0,24467.2,24471.9,975.0,16991910.0
2026-07-06 11:45:00+05:30,24471.9,24471.9,24467.2,24471.9,1430.0,16991975.0
2026-07-06 11:46:00+05:30,24468.6,24471.9,24468.6,24470.2,780.0,16991910.0
2026-07-06 11:47:00+05:30,24470.1,24472.0,24470.0,24472.0,1300.0,16992820.0
2026-07-06 11:48:00+05:30,24472.0,24475.0,24470.1,24475.0,2275.0,16993145.0
2026-07-06 11:49:00+05:30,24475.0,24475.0,24472.0,24474.9,2275.0,16994900.0
2026-07-06 11:50:00+05:30,24472.0,24475.0,24470.1,24470.5,1625.0,16995485.0
2026-07-06 11:51:00+05:30,24472.0,24475.0,24471.0,24472.1,1625.0,16996135.0
2026-07-06 11:52:00+05:30,24474.9,24474.9,24465.0,24465.0,7085.0,16998345.0
2026-07-06 11:53:00+05:30,24465.0,24469.9,24460.0,24460.2,2795.0,16998735.0
2026-07-06 11:54:00+05:30,24466.0,24466.0,24460.2,24465.0,1755.0,16999060.0
2026-07-06 11:55:00+05:30,24469.0,24471.0,24468.1,24469.2,2405.0,17000555.0
2026-07-06 11:56:00+05:30,24470.0,24474.0,24469.5,24474.0,1820.0,16999515.0
2026-07-06 11:57:00+05:30,24472.5,24477.0,24472.5,24477.0,3120.0,16999905.0
2026-07-06 11:58:00+05:30,24477.0,24478.0,24476.0,24476.0,1365.0,16996460.0
2026-07-06 11:59:00+05:30,24478.0,24478.8,24476.0,24476.2,2015.0,16997370.0
2026-07-06 12:00:00+05:30,24476.1,24489.0,24473.8,24489.0,14300.0,16998540.0
2026-07-06 12:01:00+05:30,24488.9,24489.0,24487.7,24487.7,6110.0,16997240.0
2026-07-06 12:02:00+05:30,24487.9,24487.9,24485.5,24485.7,4485.0,16996200.0
2026-07-06 12:03:00+05:30,24485.5,24485.7,24480.5,24481.3,6370.0,16995615.0
2026-07-06 12:04:00+05:30,24480.9,24481.9,24480.6,24481.1,17485.0,16990155.0
2026-07-06 12:05:00+05:30,24481.5,24482.9,24481.0,24481.6,12285.0,16992040.0
2026-07-06 12:06:00+05:30,24481.6,24481.6,24477.6,24478.0,4030.0,16990415.0
2026-07-06 12:07:00+05:30,24478.0,24482.9,24478.0,24481.7,4810.0,16989700.0
2026-07-06 12:08:00+05:30,24482.7,24482.7,24478.1,24479.9,1560.0,16989895.0
2026-07-06 12:09:00+05:30,24478.5,24480.4,24478.5,24480.4,8450.0,16990025.0
2026-07-06 12:10:00+05:30,24480.4,24480.9,24478.2,24478.5,9490.0,16988270.0
2026-07-06 12:11:00+05:30,24479.5,24480.0,24478.0,24478.0,3965.0,16983590.0
2026-07-06 12:12:00+05:30,24478.0,24487.9,24477.6,24487.9,6955.0,16977545.0
2026-07-06 12:13:00+05:30,24487.9,24497.0,24487.9,24496.9,19305.0,16979950.0
2026-07-06 12:14:00+05:30,24497.0,24505.0,24497.0,24500.0,46280.0,16984045.0
2026-07-06 12:15:00+05:30,24502.0,24503.0,24500.0,24500.5,9165.0,16983525.0
2026-07-06 12:16:00+05:30,24501.3,24502.0,24500.0,24500.0,5200.0,16975725.0
2026-07-06 12:17:00+05:30,24500.0,24501.3,24496.1,24496.1,5330.0,16976635.0
2026-07-06 12:18:00+05:30,24496.1,24499.9,24495.5,24495.6,6695.0,16977675.0
2026-07-06 12:19:00+05:30,24495.6,24497.1,24494.4,24494.4,2015.0,16978325.0
2026-07-06 12:20:00+05:30,24495.4,24497.0,24488.9,24495.9,6500.0,16976310.0
2026-07-06 12:21:00+05:30,24495.0,24500.0,24487.5,24492.5,4810.0,16971045.0
2026-07-06 12:22:00+05:30,24493.0,24499.2,24492.0,24499.0,2730.0,16971695.0
2026-07-06 12:23:00+05:30,24495.5,24499.0,24486.2,24498.9,7085.0,16973255.0
2026-07-06 12:24:00+05:30,24499.0,24499.0,24495.0,24496.0,2405.0,16973255.0
2026-07-06 12:25:00+05:30,24496.0,24498.0,24494.7,24496.0,3965.0,16973450.0
2026-07-06 12:26:00+05:30,24496.4,24499.9,24494.0,24497.0,3965.0,16974165.0
2026-07-06 12:27:00+05:30,24499.0,24500.0,24496.5,24500.0,5460.0,16960385.0
2026-07-06 12:28:00+05:30,24500.0,24500.0,24485.9,24494.5,6825.0,16963375.0
2026-07-06 12:29:00+05:30,24496.5,24496.5,24489.5,24494.0,2210.0,16961750.0
2026-07-06 12:30:00+05:30,24494.0,24499.0,24488.5,24496.5,19240.0,16962595.0
2026-07-06 12:31:00+05:30,24499.0,24505.0,24494.3,24501.9,3835.0,16959475.0
2026-07-06 12:32:00+05:30,24504.9,24505.0,24501.9,24504.1,5070.0,16959540.0
2026-07-06 12:33:00+05:30,24504.0,24504.0,24502.0,24502.5,8710.0,16954990.0
2026-07-06 12:34:00+05:30,24502.5,24509.6,24501.0,24509.3,6695.0,16953365.0
2026-07-06 12:35:00+05:30,24510.0,24510.0,24505.1,24509.0,14365.0,16951870.0
2026-07-06 12:36:00+05:30,24508.8,24509.0,24503.0,24507.9,5460.0,16950505.0
2026-07-06 12:37:00+05:30,24508.0,24509.0,24504.0,24506.5,4355.0,16948035.0
2026-07-06 12:38:00+05:30,24508.0,24508.0,24504.0,24505.5,8970.0,16949985.0
2026-07-06 12:39:00+05:30,24505.5,24506.0,24499.0,24499.5,6760.0,16939910.0
2026-07-06 12:40:00+05:30,24499.5,24499.5,24495.0,24499.0,10465.0,16941405.0
2026-07-06 12:41:00+05:30,24498.5,24500.0,24495.0,24495.0,14885.0,16942640.0
2026-07-06 12:42:00+05:30,24495.4,24499.0,24495.0,24499.0,11505.0,16944525.0
2026-07-06 12:43:00+05:30,24499.0,24499.0,24493.4,24498.0,6240.0,16940950.0
2026-07-06 12:44:00+05:30,24498.1,24500.0,24496.3,24498.0,4810.0,16940625.0
2026-07-06 12:45:00+05:30,24499.0,24500.0,24498.3,24499.6,10075.0,16940820.0
2026-07-06 12:46:00+05:30,24499.9,24499.9,24495.6,24495.6,3510.0,16941145.0
2026-07-06 12:47:00+05:30,24495.6,24499.0,24494.0,24496.4,9880.0,16941665.0
2026-07-06 12:48:00+05:30,24494.1,24496.0,24491.0,24491.1,6565.0,16942445.0
2026-07-06 12:49:00+05:30,24491.1,24495.5,24490.8,24493.9,15795.0,16896880.0
2026-07-06 12:50:00+05:30,24493.3,24497.0,24493.1,24496.1,7995.0,16902080.0
2026-07-06 12:51:00+05:30,24496.1,24497.0,24480.0,24481.8,8580.0,16902860.0
2026-07-06 12:52:00+05:30,24488.4,24489.0,24481.8,24484.9,15795.0,16902015.0
2026-07-06 12:53:00+05:30,24484.9,24487.0,24482.4,24486.0,8905.0,16910985.0
2026-07-06 12:54:00+05:30,24485.0,24486.0,24482.5,24482.7,8905.0,16910530.0
2026-07-06 12:55:00+05:30,24483.0,24486.0,24482.5,24486.0,12285.0,16902535.0
2026-07-06 12:56:00+05:30,24485.0,24487.0,24485.0,24486.6,5785.0,16904485.0
2026-07-06 12:57:00+05:30,24486.4,24489.0,24486.2,24487.5,7020.0,16880955.0
2026-07-06 12:58:00+05:30,24487.2,24488.9,24480.3,24488.4,6435.0,16878160.0
2026-07-06 12:59:00+05:30,24488.5,24492.0,24487.6,24490.4,5135.0,16878615.0
2026-07-06 13:00:00+05:30,24492.0,24495.0,24492.0,24493.2,2795.0,16879265.0
2026-07-06 13:01:00+05:30,24493.6,24495.0,24491.5,24491.7,3835.0,16864510.0
2026-07-06 13:02:00+05:30,24490.7,24493.0,24489.6,24490.7,5135.0,16847610.0
2026-07-06 13:03:00+05:30,24491.1,24496.0,24490.9,24494.7,5265.0,16848520.0
2026-07-06 13:04:00+05:30,24494.8,24499.0,24494.8,24497.9,2470.0,16838185.0
2026-07-06 13:05:00+05:30,24499.0,24500.0,24496.4,24498.7,2795.0,16839615.0
2026-07-06 13:06:00+05:30,24499.3,24500.0,24497.6,24498.4,3250.0,16840135.0
2026-07-06 13:07:00+05:30,24499.2,24500.0,24495.1,24496.7,2795.0,16831750.0
2026-07-06 13:08:00+05:30,24497.0,24500.0,24497.0,24498.5,3185.0,16827135.0
2026-07-06 13:09:00+05:30,24498.5,24500.0,24498.5,24499.8,14365.0,16829410.0
2026-07-06 13:10:00+05:30,24500.0,24508.9,24499.6,24508.7,18070.0,16849170.0
2026-07-06 13:11:00+05:30,24507.5,24508.0,24502.6,24506.2,5005.0,16850405.0
2026-07-06 13:12:00+05:30,24505.5,24507.4,24505.1,24505.5,3640.0,16846830.0
2026-07-06 13:13:00+05:30,24505.1,24508.2,24503.0,24506.6,5330.0,16848910.0
2026-07-06 13:14:00+05:30,24508.2,24509.0,24506.2,24507.0,3445.0,16850990.0
2026-07-06 13:15:00+05:30,24508.9,24509.4,24506.6,24507.6,2470.0,16852550.0
2026-07-06 13:16:00+05:30,24507.5,24507.5,24504.6,24504.9,5395.0,16853330.0
2026-07-06 13:17:00+05:30,24505.7,24506.6,24502.9,24503.8,2730.0,16851380.0
2026-07-06 13:18:00+05:30,24504.1,24507.5,24503.9,24504.0,3510.0,16853005.0
2026-07-06 13:19:00+05:30,24503.6,24506.2,24500.0,24500.0,3900.0,16847155.0
2026-07-06 13:20:00+05:30,24500.0,24500.0,24494.2,24494.2,3445.0,16849300.0
2026-07-06 13:21:00+05:30,24495.5,24500.0,24495.5,24499.4,5135.0,16849950.0
2026-07-06 13:22:00+05:30,24499.5,24502.1,24499.0,24499.5,2080.0,16830385.0
2026-07-06 13:23:00+05:30,24502.0,24502.1,24500.0,24501.0,2925.0,16831100.0
2026-07-06 13:24:00+05:30,24502.1,24506.0,24501.0,24501.0,3445.0,16827850.0
2026-07-06 13:25:00+05:30,24502.6,24502.6,24500.0,24502.1,2600.0,16826095.0
2026-07-06 13:26:00+05:30,24501.5,24503.2,24491.0,24500.0,7085.0,16825510.0
2026-07-06 13:27:00+05:30,24498.6,24503.0,24497.5,24500.0,4095.0,16815500.0
2026-07-06 13:28:00+05:30,24500.0,24500.1,24498.1,24499.0,5785.0,16816410.0
2026-07-06 13:29:00+05:30,24499.0,24503.0,24498.5,24503.0,1885.0,16817710.0
2026-07-06 13:30:00+05:30,24503.0,24505.0,24500.1,24500.6,3250.0,16816865.0
2026-07-06 13:31:00+05:30,24500.5,24508.0,24500.5,24507.0,3185.0,16813875.0
2026-07-06 13:32:00+05:30,24507.0,24509.9,24504.1,24504.1,3055.0,16812770.0
2026-07-06 13:33:00+05:30,24505.8,24505.8,24496.6,24497.0,4290.0,16813290.0
2026-07-06 13:34:00+05:30,24497.0,24498.9,24492.1,24495.5,3770.0,16807245.0
2026-07-06 13:35:00+05:30,24495.5,24504.1,24495.5,24504.0,3705.0,16807245.0
2026-07-06 13:36:00+05:30,24505.0,24509.0,24502.1,24504.1,2470.0,16807635.0
2026-07-06 13:37:00+05:30,24504.0,24505.0,24501.9,24505.0,1820.0,16801915.0
2026-07-06 13:38:00+05:30,24505.0,24515.0,24503.6,24512.1,12285.0,16802630.0
2026-07-06 13:39:00+05:30,24512.5,24514.0,24506.7,24506.7,2340.0,16798990.0
2026-07-06 13:40:00+05:30,24506.7,24510.0,24505.0,24507.0,1885.0,16798275.0
2026-07-06 13:41:00+05:30,24506.0,24509.0,24503.2,24503.2,1495.0,16795415.0
2026-07-06 13:42:00+05:30,24503.2,24503.2,24500.0,24500.0,1495.0,16791645.0
2026-07-06 13:43:00+05:30,24500.0,24500.0,24496.6,24497.9,3120.0,16789370.0
2026-07-06 13:44:00+05:30,24498.1,24500.0,24492.6,24492.6,4485.0,16790345.0
2026-07-06 13:45:00+05:30,24494.1,24495.5,24492.6,24495.5,5785.0,16784690.0
2026-07-06 13:46:00+05:30,24495.5,24496.0,24492.0,24492.0,2080.0,16785795.0
2026-07-06 13:47:00+05:30,24492.0,24496.8,24491.1,24493.0,5850.0,16781895.0
2026-07-06 13:48:00+05:30,24493.0,24494.9,24488.4,24491.1,8645.0,16783260.0
2026-07-06 13:49:00+05:30,24491.1,24495.0,24486.1,24489.1,4095.0,16784625.0
2026-07-06 13:50:00+05:30,24489.1,24494.0,24489.0,24489.0,2925.0,16782285.0
2026-07-06 13:51:00+05:30,24488.8,24489.3,24486.1,24487.1,4550.0,16782610.0
2026-07-06 13:52:00+05:30,24488.0,24488.0,24479.3,24479.9,7865.0,16777930.0
2026-07-06 13:53:00+05:30,24485.0,24485.0,24478.6,24484.0,5785.0,16778060.0
2026-07-06 13:54:00+05:30,24485.0,24485.0,24475.6,24475.6,3510.0,16779230.0
2026-07-06 13:55:00+05:30,24475.0,24480.0,24472.2,24476.1,5525.0,16779035.0
2026-07-06 13:56:00+05:30,24476.1,24476.1,24472.1,24472.2,3315.0,16778385.0
2026-07-06 13:57:00+05:30,24472.1,24478.0,24470.3,24476.2,9100.0,16767725.0
2026-07-06 13:58:00+05:30,24476.3,24477.9,24473.6,24473.7,2275.0,16771885.0
2026-07-06 13:59:00+05:30,24475.0,24478.3,24471.6,24471.6,4225.0,16772210.0
2026-07-06 14:00:00+05:30,24478.0,24478.0,24470.0,24471.5,4875.0,16770390.0
2026-07-06 14:01:00+05:30,24471.7,24473.0,24470.0,24470.0,2145.0,16772210.0
2026-07-06 14:02:00+05:30,24470.0,24473.0,24468.0,24473.0,4550.0,16763565.0
2026-07-06 14:03:00+05:30,24469.6,24478.4,24468.5,24475.1,3705.0,16764670.0
2026-07-06 14:04:00+05:30,24475.1,24478.0,24472.0,24472.0,2665.0,16765060.0
2026-07-06 14:05:00+05:30,24474.0,24485.0,24474.0,24479.8,5070.0,16763955.0
2026-07-06 14:06:00+05:30,24479.8,24479.8,24471.9,24472.0,4745.0,16762135.0
2026-07-06 14:07:00+05:30,24472.0,24475.0,24468.0,24468.0,3315.0,16753100.0
2026-07-06 14:08:00+05:30,24468.0,24469.0,24463.4,24467.0,9035.0,16749980.0
2026-07-06 14:09:00+05:30,24466.9,24469.9,24464.1,24464.1,3445.0,16748745.0
2026-07-06 14:10:00+05:30,24465.9,24478.0,24465.9,24472.0,3185.0,16748420.0
2026-07-06 14:11:00+05:30,24471.0,24472.0,24470.0,24470.9,3640.0,16748095.0
2026-07-06 14:12:00+05:30,24471.3,24471.3,24467.6,24471.2,4550.0,16748680.0
2026-07-06 14:13:00+05:30,24471.2,24471.2,24465.5,24466.0,3445.0,16749850.0
2026-07-06 14:14:00+05:30,24468.0,24468.0,24461.0,24462.0,4485.0,16750500.0
2026-07-06 14:15:00+05:30,24461.9,24465.0,24460.7,24464.7,4680.0,16751605.0
2026-07-06 14:16:00+05:30,24461.1,24467.0,24460.0,24465.0,7670.0,16751475.0
2026-07-06 14:17:00+05:30,24467.0,24470.0,24466.0,24468.0,3055.0,16751865.0
2026-07-06 14:18:00+05:30,24469.8,24470.0,24461.0,24463.1,3445.0,16752840.0
2026-07-06 14:19:00+05:30,24468.9,24470.1,24461.0,24462.3,1950.0,16752970.0
2026-07-06 14:20:00+05:30,24462.3,24469.1,24460.3,24460.3,2210.0,16752775.0
2026-07-06 14:21:00+05:30,24461.0,24465.0,24461.0,24463.0,2210.0,16752905.0
2026-07-06 14:22:00+05:30,24465.0,24465.0,24461.0,24462.0,2015.0,16752905.0
2026-07-06 14:23:00+05:30,24464.8,24470.0,24463.1,24463.7,2275.0,16753165.0
2026-07-06 14:24:00+05:30,24465.0,24471.3,24463.7,24466.0,1625.0,16753880.0
2026-07-06 14:25:00+05:30,24467.0,24475.0,24462.1,24468.0,5200.0,16754140.0
2026-07-06 14:26:00+05:30,24475.0,24479.0,24469.1,24472.0,2860.0,16754205.0
2026-07-06 14:27:00+05:30,24472.0,24478.4,24465.1,24476.2,3705.0,16752775.0
2026-07-06 14:28:00+05:30,24470.1,24473.5,24463.0,24463.9,4485.0,16752970.0
2026-07-06 14:29:00+05:30,24470.0,24470.0,24462.0,24466.9,3445.0,16753100.0
2026-07-06 14:30:00+05:30,24470.0,24470.0,24463.1,24470.0,2665.0,16753555.0
2026-07-06 14:31:00+05:30,24465.0,24470.0,24462.0,24470.0,1690.0,16754270.0
2026-07-06 14:32:00+05:30,24470.0,24470.0,24462.0,24469.0,1690.0,16754075.0
2026-07-06 14:33:00+05:30,24462.9,24470.0,24462.0,24463.0,1820.0,16754075.0
2026-07-06 14:34:00+05:30,24463.0,24470.0,24462.0,24463.1,1560.0,16754270.0
2026-07-06 14:35:00+05:30,24466.5,24474.4,24463.0,24465.1,1950.0,16754530.0
2026-07-06 14:36:00+05:30,24465.1,24479.0,24465.1,24472.0,2080.0,16754335.0
2026-07-06 14:37:00+05:30,24472.0,24482.5,24471.0,24471.8,5460.0,16754140.0
2026-07-06 14:38:00+05:30,24480.0,24480.0,24473.1,24473.1,1560.0,16757455.0
2026-07-06 14:39:00+05:30,24473.1,24478.0,24471.6,24471.6,3705.0,16758495.0
2026-07-06 14:40:00+05:30,24477.0,24477.0,24466.0,24466.0,2665.0,16759925.0
2026-07-06 14:41:00+05:30,24469.0,24469.0,24465.0,24465.0,2600.0,16760120.0
2026-07-06 14:42:00+05:30,24465.0,24469.0,24461.5,24462.0,17615.0,16758365.0
2026-07-06 14:43:00+05:30,24462.0,24467.0,24461.5,24461.5,8515.0,16757910.0
2026-07-06 14:44:00+05:30,24461.5,24461.7,24451.0,24452.0,21840.0,16739905.0
2026-07-06 14:45:00+05:30,24460.0,24460.0,24451.6,24454.2,5395.0,16740945.0
2026-07-06 14:46:00+05:30,24459.9,24460.0,24455.0,24456.0,1885.0,16741595.0
2026-07-06 14:47:00+05:30,24458.0,24464.3,24452.5,24452.5,7410.0,16744455.0
2026-07-06 14:48:00+05:30,24453.0,24457.5,24443.2,24445.0,18395.0,16743935.0
2026-07-06 14:49:00+05:30,24450.0,24450.0,24443.2,24444.0,3770.0,16744000.0
2026-07-06 14:50:00+05:30,24444.5,24455.0,24441.0,24450.0,9620.0,16741660.0
2026-07-06 14:51:00+05:30,24450.0,24460.0,24445.0,24450.6,7865.0,16740555.0
2026-07-06 14:52:00+05:30,24454.9,24457.0,24448.0,24453.0,4095.0,16739645.0
2026-07-06 14:53:00+05:30,24453.0,24468.0,24450.0,24460.0,4810.0,16741075.0
2026-07-06 14:54:00+05:30,24460.0,24469.0,24456.1,24460.0,5070.0,16742375.0
2026-07-06 14:55:00+05:30,24460.0,24463.4,24456.1,24456.5,3705.0,16743935.0
2026-07-06 14:56:00+05:30,24457.8,24465.0,24456.2,24463.8,4810.0,16746600.0
2026-07-06 14:57:00+05:30,24463.8,24470.0,24462.1,24463.2,7995.0,16751865.0
2026-07-06 14:58:00+05:30,24470.0,24474.8,24462.0,24465.0,18070.0,16763695.0
2026-07-06 14:59:00+05:30,24460.2,24465.6,24453.0,24455.9,15080.0,16768440.0
2026-07-06 15:00:00+05:30,24455.9,24475.0,24455.9,24473.6,11375.0,16774550.0
2026-07-06 15:01:00+05:30,24474.0,24479.0,24470.0,24472.3,8840.0,16775655.0
2026-07-06 15:02:00+05:30,24472.0,24478.0,24470.0,24472.0,4680.0,16777280.0
2026-07-06 15:03:00+05:30,24470.0,24479.1,24469.5,24473.5,6760.0,16779425.0
2026-07-06 15:04:00+05:30,24473.5,24484.2,24471.2,24480.0,8970.0,16781310.0
2026-07-06 15:05:00+05:30,24484.8,24484.8,24478.4,24480.1,2795.0,16780010.0
2026-07-06 15:06:00+05:30,24483.5,24490.0,24480.2,24485.0,8840.0,16777865.0
2026-07-06 15:07:00+05:30,24488.7,24490.0,24482.1,24490.0,14690.0,16771560.0
2026-07-06 15:08:00+05:30,24489.8,24496.0,24488.0,24493.1,8970.0,16772990.0
2026-07-06 15:09:00+05:30,24495.0,24499.0,24487.1,24490.0,17290.0,16770845.0
2026-07-06 15:10:00+05:30,24486.5,24490.0,24485.3,24486.2,8775.0,16769740.0
2026-07-06 15:11:00+05:30,24489.9,24490.0,24486.0,24490.0,7735.0,16771040.0
2026-07-06 15:12:00+05:30,24488.0,24495.0,24487.0,24493.9,6630.0,16772925.0
2026-07-06 15:13:00+05:30,24494.5,24495.0,24487.0,24487.1,9165.0,16776110.0
2026-07-06 15:14:00+05:30,24487.1,24490.0,24485.1,24485.2,8125.0,16776890.0
2026-07-06 15:15:00+05:30,24489.7,24489.7,24480.0,24484.0,14365.0,16778450.0
2026-07-06 15:16:00+05:30,24484.7,24485.7,24480.0,24485.0,8645.0,16781310.0
2026-07-06 15:17:00+05:30,24485.0,24485.7,24480.0,24485.0,9100.0,16782610.0
2026-07-06 15:18:00+05:30,24484.0,24485.2,24480.0,24483.0,8840.0,16782610.0
2026-07-06 15:19:00+05:30,24483.1,24484.8,24480.0,24484.6,9035.0,16781310.0
2026-07-06 15:20:00+05:30,24484.6,24485.2,24480.2,24481.7,16900.0,16784170.0
2026-07-06 15:21:00+05:30,24482.0,24485.0,24482.0,24482.0,9360.0,16788265.0
2026-07-06 15:22:00+05:30,24484.3,24484.5,24480.0,24484.0,10855.0,16788460.0
2026-07-06 15:23:00+05:30,24480.5,24484.6,24479.2,24480.1,17810.0,16794375.0
2026-07-06 15:24:00+05:30,24480.3,24484.8,24479.2,24484.0,20865.0,16797365.0
2026-07-06 15:25:00+05:30,24484.0,24485.0,24482.1,24484.9,21840.0,16800550.0
2026-07-06 15:26:00+05:30,24485.0,24485.0,24480.6,24481.1,15925.0,16799835.0
2026-07-06 15:27:00+05:30,24484.0,24485.0,24478.0,24479.6,33475.0,16812185.0
2026-07-06 15:28:00+05:30,24480.0,24480.4,24475.2,24480.4,18720.0,16809975.0
2026-07-06 15:29:00+05:30,24481.0,24482.9,24477.0,24479.9,20410.0,16806790.0
2026-07-07 09:15:00+05:30,24504.0,24510.0,24482.9,24504.0,60775.0,16634085.0
2026-07-07 09:16:00+05:30,24505.1,24508.0,24485.0,24490.0,29510.0,16637400.0
2026-07-07 09:17:00+05:30,24486.2,24500.0,24483.8,24500.0,56355.0,16640585.0
2026-07-07 09:18:00+05:30,24502.0,24510.0,24500.0,24504.2,31200.0,16679455.0
2026-07-07 09:19:00+05:30,24500.2,24505.7,24490.0,24497.0,18135.0,16679130.0
2026-07-07 09:20:00+05:30,24492.4,24515.0,24490.0,24509.5,19630.0,16680820.0
2026-07-07 09:21:00+05:30,24506.7,24515.0,24505.1,24509.0,26910.0,16682250.0
2026-07-07 09:22:00+05:30,24508.3,24510.0,24492.7,24499.2,19500.0,16679520.0
2026-07-07 09:23:00+05:30,24499.1,24500.0,24494.0,24498.5,11050.0,16679520.0
2026-07-07 09:24:00+05:30,24499.0,24505.2,24498.0,24504.4,11440.0,16676595.0
2026-07-07 09:25:00+05:30,24504.3,24504.8,24495.0,24500.8,27755.0,16676855.0
2026-07-07 09:26:00+05:30,24500.6,24500.6,24482.0,24482.1,18850.0,16674125.0
2026-07-07 09:27:00+05:30,24482.9,24485.0,24470.0,24473.8,31070.0,16673800.0
2026-07-07 09:28:00+05:30,24473.8,24492.0,24473.8,24491.6,14690.0,16661775.0
2026-07-07 09:29:00+05:30,24492.0,24501.0,24492.0,24497.6,13130.0,16659565.0
2026-07-07 09:30:00+05:30,24497.8,24498.1,24485.3,24490.0,11505.0,16656575.0
2026-07-07 09:31:00+05:30,24487.8,24488.0,24480.2,24483.0,13910.0,16657160.0
2026-07-07 09:32:00+05:30,24482.9,24484.0,24480.0,24480.0,9945.0,16659630.0
2026-07-07 09:33:00+05:30,24481.0,24481.1,24475.0,24476.8,19045.0,16662230.0
2026-07-07 09:34:00+05:30,24478.0,24481.1,24465.0,24472.0,21385.0,16662230.0
2026-07-07 09:35:00+05:30,24472.0,24491.2,24463.0,24485.0,45175.0,16666975.0
2026-07-07 09:36:00+05:30,24484.9,24497.7,24483.3,24495.6,7800.0,16640065.0
2026-07-07 09:37:00+05:30,24495.0,24497.7,24490.1,24491.4,6955.0,16638570.0
2026-07-07 09:38:00+05:30,24491.1,24495.0,24487.0,24489.6,7475.0,16637400.0
2026-07-07 09:39:00+05:30,24487.3,24488.2,24481.2,24484.5,5200.0,16640455.0
2026-07-07 09:40:00+05:30,24484.9,24496.9,24481.0,24490.0,13585.0,16640650.0
2026-07-07 09:41:00+05:30,24490.0,24496.0,24488.0,24492.1,4030.0,16638635.0
2026-07-07 09:42:00+05:30,24492.1,24505.0,24492.0,24502.6,12740.0,16636815.0
2026-07-07 09:43:00+05:30,24505.0,24506.0,24500.0,24500.1,11700.0,16632915.0
2026-07-07 09:44:00+05:30,24500.1,24504.4,24497.9,24504.4,5395.0,16633825.0
2026-07-07 09:45:00+05:30,24504.6,24504.6,24499.8,24500.2,5655.0,16634475.0
2026-07-07 09:46:00+05:30,24500.7,24510.0,24500.5,24510.0,7605.0,16634475.0
2026-07-07 09:47:00+05:30,24510.0,24510.0,24497.3,24497.3,4095.0,16631810.0
2026-07-07 09:48:00+05:30,24498.1,24504.9,24493.2,24501.4,9230.0,16631550.0
2026-07-07 09:49:00+05:30,24504.0,24509.8,24501.7,24506.0,4030.0,16630380.0
2026-07-07 09:50:00+05:30,24509.8,24513.9,24500.8,24500.8,9880.0,16627130.0
2026-07-07 09:51:00+05:30,24500.1,24510.0,24500.0,24508.0,5200.0,16628300.0
2026-07-07 09:52:00+05:30,24510.0,24510.0,24500.0,24500.0,15080.0,16629080.0
2026-07-07 09:53:00+05:30,24507.2,24509.3,24500.1,24503.6,14495.0,16630640.0
2026-07-07 09:54:00+05:30,24504.2,24509.0,24501.6,24501.9,3250.0,16630575.0
2026-07-07 09:55:00+05:30,24501.9,24510.0,24501.8,24506.5,8255.0,16631680.0
2026-07-07 09:56:00+05:30,24506.5,24510.0,24504.7,24505.1,2925.0,16630965.0
2026-07-07 09:57:00+05:30,24507.0,24510.0,24502.1,24510.0,4030.0,16630445.0
2026-07-07 09:58:00+05:30,24509.0,24514.0,24506.3,24514.0,9425.0,16631680.0
2026-07-07 09:59:00+05:30,24514.0,24515.0,24510.5,24511.1,7215.0,16631420.0
2026-07-07 10:00:00+05:30,24511.2,24520.0,24511.2,24513.0,14625.0,16629860.0
2026-07-07 10:01:00+05:30,24517.9,24528.8,24513.5,24528.2,22165.0,16627845.0
2026-07-07 10:02:00+05:30,24522.2,24528.0,24520.4,24525.0,5980.0,16619720.0
2026-07-07 10:03:00+05:30,24526.0,24530.0,24525.0,24528.0,10400.0,16619525.0
2026-07-07 10:04:00+05:30,24526.1,24528.9,24520.3,24525.0,5525.0,16620305.0
2026-07-07 10:05:00+05:30,24520.5,24525.0,24516.5,24520.8,4290.0,16619460.0
2026-07-07 10:06:00+05:30,24519.5,24519.9,24513.1,24516.1,2340.0,16619070.0
2026-07-07 10:07:00+05:30,24513.0,24523.0,24513.0,24521.9,6955.0,16619395.0
2026-07-07 10:08:00+05:30,24524.0,24532.9,24522.0,24525.7,13910.0,16618875.0
2026-07-07 10:09:00+05:30,24529.9,24531.0,24525.6,24530.0,3900.0,16616015.0
2026-07-07 10:10:00+05:30,24527.3,24534.0,24521.5,24533.0,14105.0,16614845.0
2026-07-07 10:11:00+05:30,24533.0,24533.1,24529.8,24531.4,3380.0,16612635.0
2026-07-07 10:12:00+05:30,24530.5,24533.0,24528.0,24530.1,7800.0,16612700.0
2026-07-07 10:13:00+05:30,24532.0,24535.0,24529.2,24534.0,7475.0,16614390.0
2026-07-07 10:14:00+05:30,24534.0,24535.6,24525.0,24525.0,11570.0,16611530.0
2026-07-07 10:15:00+05:30,24525.0,24528.0,24521.2,24522.8,7540.0,16612115.0
2026-07-07 10:16:00+05:30,24522.8,24530.0,24522.8,24529.4,5850.0,16614130.0
2026-07-07 10:17:00+05:30,24527.9,24538.0,24526.7,24534.0,9620.0,16611335.0
2026-07-07 10:18:00+05:30,24535.0,24537.6,24530.1,24536.4,3965.0,16610685.0
2026-07-07 10:19:00+05:30,24536.4,24539.8,24532.5,24533.6,15275.0,16611530.0
2026-07-07 10:20:00+05:30,24539.0,24539.0,24533.1,24537.0,2535.0,16604120.0
2026-07-07 10:21:00+05:30,24533.6,24540.0,24533.0,24539.8,10075.0,16604705.0
2026-07-07 10:22:00+05:30,24539.8,24540.0,24534.4,24540.0,7020.0,16604055.0
2026-07-07 10:23:00+05:30,24540.0,24540.0,24536.7,24538.1,9490.0,16604965.0
2026-07-07 10:24:00+05:30,24538.3,24539.9,24533.0,24533.1,7150.0,16607370.0
2026-07-07 10:25:00+05:30,24533.1,24535.0,24530.0,24530.0,4485.0,16607435.0
2026-07-07 10:26:00+05:30,24530.0,24533.0,24524.5,24530.0,9100.0,16608670.0
2026-07-07 10:27:00+05:30,24529.7,24540.0,24527.5,24533.6,10790.0,16607760.0
2026-07-07 10:28:00+05:30,24536.3,24537.0,24527.7,24532.0,5005.0,16609060.0
2026-07-07 10:29:00+05:30,24528.3,24532.0,24524.6,24525.6,5135.0,16609125.0
2026-07-07 10:30:00+05:30,24528.8,24532.0,24525.6,24530.2,4290.0,16610035.0
2026-07-07 10:31:00+05:30,24528.6,24532.9,24525.1,24529.9,2275.0,16610750.0
2026-07-07 10:32:00+05:30,24528.5,24528.5,24521.2,24525.0,4810.0,16609450.0
2026-07-07 10:33:00+05:30,24528.0,24529.0,24522.2,24525.0,2665.0,16608215.0
2026-07-07 10:34:00+05:30,24529.0,24529.5,24524.0,24529.5,2665.0,16608735.0
2026-07-07 10:35:00+05:30,24529.7,24529.9,24523.8,24523.8,1820.0,16608670.0
2026-07-07 10:36:00+05:30,24526.0,24531.3,24524.3,24531.3,4940.0,16608930.0
2026-07-07 10:37:00+05:30,24530.0,24530.0,24526.6,24530.0,4875.0,16607110.0
2026-07-07 10:38:00+05:30,24528.6,24530.1,24528.4,24529.1,2340.0,16607695.0
2026-07-07 10:39:00+05:30,24529.8,24531.9,24529.0,24529.0,1755.0,16608215.0
2026-07-07 10:40:00+05:30,24527.0,24527.0,24515.0,24515.0,5330.0,16608800.0
2026-07-07 10:41:00+05:30,24517.0,24519.3,24509.0,24515.0,12935.0,16609970.0
2026-07-07 10:42:00+05:30,24515.0,24530.0,24509.1,24520.0,29770.0,16603600.0
2026-07-07 10:43:00+05:30,24522.1,24531.9,24518.5,24518.5,13845.0,16617445.0
2026-07-07 10:44:00+05:30,24518.5,24525.0,24508.0,24515.0,8060.0,16618680.0
2026-07-07 10:45:00+05:30,24509.0,24515.0,24505.0,24510.0,12090.0,16621735.0
2026-07-07 10:46:00+05:30,24508.8,24515.0,24507.8,24513.9,4225.0,16623360.0
2026-07-07 10:47:00+05:30,24513.9,24515.0,24511.1,24514.9,2730.0,16623880.0
2026-07-07 10:48:00+05:30,24515.0,24530.0,24512.6,24530.0,6370.0,16624335.0
2026-07-07 10:49:00+05:30,24527.8,24530.0,24522.6,24522.6,1820.0,16623945.0
2026-07-07 10:50:00+05:30,24523.5,24523.5,24512.7,24512.8,2730.0,16624270.0
2026-07-07 10:51:00+05:30,24515.1,24523.0,24515.0,24520.0,2860.0,16623815.0
2026-07-07 10:52:00+05:30,24523.0,24523.0,24518.5,24520.9,1755.0,16624140.0
2026-07-07 10:53:00+05:30,24518.9,24519.6,24511.2,24512.0,2665.0,16624140.0
2026-07-07 10:54:00+05:30,24511.2,24523.0,24511.2,24521.0,3965.0,16623685.0
2026-07-07 10:55:00+05:30,24521.0,24522.0,24509.2,24510.0,10985.0,16624725.0
2026-07-07 10:56:00+05:30,24509.2,24515.0,24509.0,24509.0,12805.0,16620825.0
2026-07-07 10:57:00+05:30,24509.5,24515.0,24506.0,24510.7,5850.0,16623815.0
2026-07-07 10:58:00+05:30,24511.2,24515.0,24510.0,24512.0,2405.0,16622775.0
2026-07-07 10:59:00+05:30,24513.0,24515.0,24510.0,24515.0,6175.0,16623425.0
2026-07-07 11:00:00+05:30,24515.0,24525.0,24515.0,24523.6,4095.0,16621735.0
2026-07-07 11:01:00+05:30,24525.0,24525.0,24519.3,24524.5,2275.0,16621735.0
2026-07-07 11:02:00+05:30,24521.0,24521.1,24517.2,24521.1,2275.0,16621605.0
2026-07-07 11:03:00+05:30,24524.0,24524.5,24522.0,24523.2,6435.0,16619265.0
2026-07-07 11:04:00+05:30,24524.5,24530.0,24524.1,24529.1,3770.0,16618680.0
2026-07-07 11:05:00+05:30,24529.1,24538.9,24529.1,24538.5,10660.0,16619070.0
2026-07-07 11:06:00+05:30,24539.0,24545.0,24536.7,24545.0,14690.0,16613480.0
2026-07-07 11:07:00+05:30,24541.8,24544.9,24535.1,24537.8,12090.0,16614650.0
2026-07-07 11:08:00+05:30,24535.1,24540.0,24535.1,24538.0,5200.0,16614260.0
2026-07-07 11:09:00+05:30,24538.0,24539.8,24537.3,24539.8,3835.0,16614390.0
2026-07-07 11:10:00+05:30,24539.7,24540.0,24536.6,24540.0,4940.0,16612635.0
2026-07-07 11:11:00+05:30,24540.0,24545.0,24538.7,24544.9,9425.0,16616080.0
2026-07-07 11:12:00+05:30,24545.0,24549.0,24542.9,24549.0,10530.0,16616860.0
2026-07-07 11:13:00+05:30,24549.0,24549.7,24547.0,24549.5,6435.0,16615885.0
2026-07-07 11:14:00+05:30,24547.4,24549.9,24547.0,24547.0,4290.0,16614065.0
2026-07-07 11:15:00+05:30,24547.0,24549.0,24543.2,24544.0,8515.0,16614650.0
2026-07-07 11:16:00+05:30,24547.0,24549.9,24543.3,24544.6,7280.0,16610555.0
2026-07-07 11:17:00+05:30,24544.0,24548.8,24541.1,24541.1,6045.0,16608605.0
2026-07-07 11:18:00+05:30,24548.0,24548.0,24541.1,24542.0,3575.0,16606655.0
2026-07-07 11:19:00+05:30,24542.0,24546.9,24541.0,24541.0,5850.0,16605030.0
2026-07-07 11:20:00+05:30,24541.0,24545.0,24541.0,24544.0,1560.0,16600090.0
2026-07-07 11:21:00+05:30,24544.0,24548.0,24541.5,24546.4,5005.0,16599115.0
2026-07-07 11:22:00+05:30,24546.8,24555.0,24546.7,24554.3,30030.0,16586180.0
2026-07-07 11:23:00+05:30,24554.3,24555.0,24545.7,24545.7,7930.0,16584295.0
2026-07-07 11:24:00+05:30,24545.7,24550.0,24545.7,24547.2,2665.0,16582930.0
2026-07-07 11:25:00+05:30,24547.3,24555.0,24547.1,24555.0,4615.0,16582995.0
2026-07-07 11:26:00+05:30,24553.0,24560.0,24553.0,24559.9,9685.0,16580135.0
2026-07-07 11:27:00+05:30,24560.0,24560.0,24551.1,24555.0,13260.0,16580135.0
2026-07-07 11:28:00+05:30,24553.6,24557.5,24552.0,24556.0,4160.0,16579810.0
2026-07-07 11:29:00+05:30,24557.0,24561.1,24549.7,24560.8,19435.0,16577275.0
2026-07-07 11:30:00+05:30,24559.7,24564.0,24555.0,24555.0,16835.0,16588910.0
2026-07-07 11:31:00+05:30,24558.0,24560.9,24553.3,24553.3,8385.0,16592355.0
2026-07-07 11:32:00+05:30,24556.0,24559.7,24552.7,24559.3,4485.0,16592745.0
2026-07-07 11:33:00+05:30,24555.9,24559.1,24555.7,24559.1,2860.0,16592225.0
2026-07-07 11:34:00+05:30,24555.8,24559.0,24550.1,24550.2,4745.0,16592030.0
2026-07-07 11:35:00+05:30,24550.2,24557.0,24548.0,24555.0,5980.0,16592940.0
2026-07-07 11:36:00+05:30,24554.2,24554.2,24545.0,24548.6,6955.0,16591640.0
2026-07-07 11:37:00+05:30,24545.2,24550.0,24545.2,24548.7,2795.0,16591640.0
2026-07-07 11:38:00+05:30,24545.4,24550.0,24545.4,24547.6,4095.0,16591640.0
2026-07-07 11:39:00+05:30,24550.0,24550.0,24546.4,24549.0,1690.0,16588650.0
2026-07-07 11:40:00+05:30,24547.4,24549.9,24546.0,24547.5,5525.0,16589950.0
2026-07-07 11:41:00+05:30,24547.5,24547.5,24543.4,24546.0,4615.0,16588910.0
2026-07-07 11:42:00+05:30,24545.4,24547.5,24542.1,24542.5,7150.0,16589300.0
2026-07-07 11:43:00+05:30,24542.5,24544.1,24542.1,24542.8,8450.0,16580135.0
2026-07-07 11:44:00+05:30,24544.0,24545.0,24542.6,24544.1,7865.0,16586960.0
2026-07-07 11:45:00+05:30,24545.0,24547.5,24542.2,24547.5,2470.0,16586830.0
2026-07-07 11:46:00+05:30,24546.4,24550.0,24546.4,24549.3,4160.0,16585790.0
2026-07-07 11:47:00+05:30,24550.0,24550.0,24543.2,24543.2,3185.0,16587025.0
2026-07-07 11:48:00+05:30,24543.1,24549.0,24542.3,24549.0,2665.0,16583515.0
2026-07-07 11:49:00+05:30,24549.0,24549.3,24542.3,24542.5,3185.0,16582475.0
2026-07-07 11:50:00+05:30,24542.4,24550.0,24540.0,24549.9,5850.0,16581110.0
2026-07-07 11:51:00+05:30,24549.5,24550.0,24548.6,24550.0,780.0,16581110.0
2026-07-07 11:52:00+05:30,24548.8,24549.9,24546.8,24548.6,3510.0,16577990.0
2026-07-07 11:53:00+05:30,24548.8,24556.0,24547.8,24552.2,7995.0,16577990.0
2026-07-07 11:54:00+05:30,24552.1,24555.0,24552.1,24552.6,5720.0,16575520.0
2026-07-07 11:55:00+05:30,24552.6,24560.0,24552.5,24557.2,6890.0,16571685.0
2026-07-07 11:56:00+05:30,24559.9,24560.0,24555.9,24560.0,3640.0,16572010.0
2026-07-07 11:57:00+05:30,24560.0,24562.0,24557.3,24558.1,2340.0,16571685.0
2026-07-07 11:58:00+05:30,24558.5,24558.9,24556.0,24558.9,1625.0,16570320.0
2026-07-07 11:59:00+05:30,24559.9,24560.0,24557.2,24559.0,3510.0,16572985.0
2026-07-07 12:00:00+05:30,24559.9,24565.0,24559.9,24564.6,5265.0,16573830.0
2026-07-07 12:01:00+05:30,24564.7,24565.0,24562.0,24564.0,5850.0,16573115.0
2026-07-07 12:02:00+05:30,24563.0,24565.0,24560.0,24560.0,6305.0,16574805.0
2026-07-07 12:03:00+05:30,24561.0,24563.6,24557.6,24558.6,8710.0,16569020.0
2026-07-07 12:04:00+05:30,24558.4,24563.0,24558.4,24560.0,2275.0,16568110.0
2026-07-07 12:05:00+05:30,24561.7,24563.4,24560.1,24561.0,2405.0,16568110.0
2026-07-07 12:06:00+05:30,24561.0,24565.3,24560.0,24560.0,13000.0,16563820.0
2026-07-07 12:07:00+05:30,24560.0,24562.9,24557.0,24557.0,3510.0,16563040.0
2026-07-07 12:08:00+05:30,24557.1,24560.0,24555.1,24557.5,3185.0,16563040.0
2026-07-07 12:09:00+05:30,24559.0,24560.0,24557.4,24560.0,3835.0,16560960.0
2026-07-07 12:10:00+05:30,24560.0,24561.6,24556.5,24558.0,2080.0,16560830.0
2026-07-07 12:11:00+05:30,24557.0,24559.0,24554.6,24554.6,2015.0,16561415.0
2026-07-07 12:12:00+05:30,24554.6,24554.6,24551.2,24551.2,4940.0,16561415.0
2026-07-07 12:13:00+05:30,24551.2,24554.0,24543.6,24545.0,4875.0,16560505.0
2026-07-07 12:14:00+05:30,24543.0,24549.6,24540.0,24543.1,7670.0,16560505.0
2026-07-07 12:15:00+05:30,24548.0,24552.8,24543.0,24548.4,7670.0,16561545.0
2026-07-07 12:16:00+05:30,24543.6,24545.0,24530.0,24530.0,11440.0,16562325.0
2026-07-07 12:17:00+05:30,24534.9,24535.0,24524.0,24531.1,21905.0,16558490.0
2026-07-07 12:18:00+05:30,24532.0,24535.0,24525.0,24526.5,15340.0,16547700.0
2026-07-07 12:19:00+05:30,24527.0,24530.0,24524.8,24530.0,10140.0,16542175.0
2026-07-07 12:20:00+05:30,24525.2,24530.0,24524.0,24527.0,4745.0,16542175.0
2026-07-07 12:21:00+05:30,24530.0,24535.0,24527.4,24534.0,2860.0,16544320.0
2026-07-07 12:22:00+05:30,24534.0,24534.0,24529.4,24529.9,1755.0,16545035.0
2026-07-07 12:23:00+05:30,24533.0,24540.0,24530.0,24534.0,2665.0,16546075.0
2026-07-07 12:24:00+05:30,24531.1,24534.0,24530.0,24530.2,1105.0,16519555.0
2026-07-07 12:25:00+05:30,24534.0,24540.0,24530.0,24535.1,3055.0,16519880.0
2026-07-07 12:26:00+05:30,24535.3,24538.0,24531.8,24532.5,2600.0,16520920.0
2026-07-07 12:27:00+05:30,24532.1,24534.0,24526.7,24530.0,6760.0,16523000.0
2026-07-07 12:28:00+05:30,24530.0,24540.0,24530.0,24532.6,3250.0,16525730.0
2026-07-07 12:29:00+05:30,24540.0,24540.0,24530.0,24530.0,1105.0,16525015.0
2026-07-07 12:30:00+05:30,24530.0,24532.0,24523.4,24523.4,5135.0,16525015.0
2026-07-07 12:31:00+05:30,24524.0,24524.0,24520.8,24523.0,4810.0,16524885.0
2026-07-07 12:32:00+05:30,24521.1,24521.1,24505.0,24510.9,17095.0,16525665.0
2026-07-07 12:33:00+05:30,24510.6,24518.8,24501.0,24501.0,13650.0,16527550.0
2026-07-07 12:34:00+05:30,24503.0,24521.0,24501.0,24519.0,15665.0,16520140.0
2026-07-07 12:35:00+05:30,24518.5,24518.5,24505.6,24509.9,4095.0,16520400.0
2026-07-07 12:36:00+05:30,24509.9,24516.0,24508.0,24509.5,6370.0,16521505.0
2026-07-07 12:37:00+05:30,24511.0,24511.0,24502.5,24504.8,6630.0,16521180.0
2026-07-07 12:38:00+05:30,24502.9,24505.0,24495.0,24498.0,13910.0,16521765.0
2026-07-07 12:39:00+05:30,24495.6,24509.0,24491.0,24509.0,10855.0,16520270.0
2026-07-07 12:40:00+05:30,24508.5,24509.0,24500.1,24509.0,8775.0,16516110.0
2026-07-07 12:41:00+05:30,24505.0,24509.1,24501.0,24502.0,2730.0,16513900.0
2026-07-07 12:42:00+05:30,24502.0,24507.0,24502.0,24507.0,1625.0,16513185.0
2026-07-07 12:43:00+05:30,24507.0,24515.0,24507.0,24512.0,3575.0,16512795.0
2026-07-07 12:44:00+05:30,24515.0,24515.0,24508.6,24510.0,4485.0,16505515.0
2026-07-07 12:45:00+05:30,24510.0,24515.0,24508.6,24508.6,6175.0,16505450.0
2026-07-07 12:46:00+05:30,24508.0,24510.0,24503.0,24510.0,1950.0,16506295.0
2026-07-07 12:47:00+05:30,24510.8,24515.0,24504.6,24514.9,1170.0,16506425.0
2026-07-07 12:48:00+05:30,24515.0,24515.0,24507.0,24507.1,780.0,16505775.0
2026-07-07 12:49:00+05:30,24513.0,24516.0,24507.6,24509.6,2925.0,16497650.0
2026-07-07 12:50:00+05:30,24514.8,24517.0,24509.6,24515.2,3575.0,16497325.0
2026-07-07 12:51:00+05:30,24517.0,24517.0,24512.0,24512.0,1690.0,16496090.0
2026-07-07 12:52:00+05:30,24512.0,24514.0,24507.6,24507.9,2080.0,16496805.0
2026-07-07 12:53:00+05:30,24511.4,24511.4,24503.0,24503.0,2145.0,16497455.0
2026-07-07 12:54:00+05:30,24503.1,24506.0,24500.0,24502.3,8125.0,16493945.0
2026-07-07 12:55:00+05:30,24505.0,24505.0,24500.0,24500.0,4095.0,16496155.0
2026-07-07 12:56:00+05:30,24500.0,24505.0,24495.0,24504.6,6045.0,16497195.0
2026-07-07 12:57:00+05:30,24503.1,24503.1,24495.0,24499.8,4355.0,16499535.0
2026-07-07 12:58:00+05:30,24500.0,24509.0,24500.0,24503.0,5265.0,16502720.0
2026-07-07 12:59:00+05:30,24509.0,24509.4,24504.0,24506.2,2145.0,16501875.0
2026-07-07 13:00:00+05:30,24506.3,24510.0,24502.0,24508.2,5330.0,16501940.0
2026-07-07 13:01:00+05:30,24505.0,24507.6,24496.4,24501.0,5395.0,16500705.0
2026-07-07 13:02:00+05:30,24500.0,24506.0,24500.0,24502.6,3315.0,16501615.0
2026-07-07 13:03:00+05:30,24506.6,24506.6,24496.8,24503.0,2535.0,16502200.0
2026-07-07 13:04:00+05:30,24503.0,24506.4,24496.7,24506.4,1105.0,16492060.0
2026-07-07 13:05:00+05:30,24504.2,24507.2,24500.0,24500.0,4615.0,16491995.0
2026-07-07 13:06:00+05:30,24500.0,24502.0,24496.8,24498.0,1040.0,16490175.0
2026-07-07 13:07:00+05:30,24500.0,24504.0,24495.7,24504.0,2145.0,16490370.0
2026-07-07 13:08:00+05:30,24502.0,24503.5,24493.0,24494.5,2600.0,16490630.0
2026-07-07 13:09:00+05:30,24493.0,24494.8,24490.0,24494.0,8125.0,16489395.0
2026-07-07 13:10:00+05:30,24495.0,24499.9,24490.0,24496.8,3250.0,16488225.0
2026-07-07 13:11:00+05:30,24491.0,24495.2,24478.0,24480.0,16835.0,16487510.0
2026-07-07 13:12:00+05:30,24483.1,24487.5,24475.0,24478.0,13260.0,16479710.0
2026-07-07 13:13:00+05:30,24481.0,24481.4,24475.9,24480.0,7280.0,16475160.0
2026-07-07 13:14:00+05:30,24477.6,24491.4,24477.6,24489.4,7150.0,16474575.0
2026-07-07 13:15:00+05:30,24489.6,24489.6,24476.0,24480.0,7670.0,16474055.0
2026-07-07 13:16:00+05:30,24479.5,24479.5,24476.0,24476.5,6370.0,16473795.0
2026-07-07 13:17:00+05:30,24478.9,24479.0,24475.1,24475.1,3185.0,16472690.0
2026-07-07 13:18:00+05:30,24477.9,24479.0,24475.0,24475.0,6370.0,16473145.0
2026-07-07 13:19:00+05:30,24475.0,24476.1,24470.9,24475.0,7475.0,16471715.0
2026-07-07 13:20:00+05:30,24473.0,24476.3,24470.0,24474.1,11180.0,16469960.0
2026-07-07 13:21:00+05:30,24475.0,24475.0,24469.8,24470.0,3380.0,16470285.0
2026-07-07 13:22:00+05:30,24475.0,24477.6,24470.0,24474.6,2925.0,16469505.0
2026-07-07 13:23:00+05:30,24476.0,24479.0,24470.2,24479.0,5980.0,16468595.0
2026-07-07 13:24:00+05:30,24472.0,24480.0,24471.1,24480.0,5005.0,16466125.0
2026-07-07 13:25:00+05:30,24475.0,24490.1,24472.0,24489.9,6045.0,16464305.0
2026-07-07 13:26:00+05:30,24485.1,24493.9,24482.0,24491.8,5200.0,16461445.0
2026-07-07 13:27:00+05:30,24491.8,24493.7,24483.6,24492.1,6305.0,16462160.0
2026-07-07 13:28:00+05:30,24490.7,24493.7,24483.0,24492.5,4485.0,16461120.0
2026-07-07 13:29:00+05:30,24492.3,24492.3,24485.0,24492.3,1885.0,16459885.0
2026-07-07 13:30:00+05:30,24490.0,24492.7,24482.0,24484.7,4940.0,16459560.0
2026-07-07 13:31:00+05:30,24485.2,24485.2,24480.6,24481.0,1495.0,16458455.0
2026-07-07 13:32:00+05:30,24483.5,24483.9,24480.0,24482.0,1950.0,16457025.0
2026-07-07 13:33:00+05:30,24482.0,24482.0,24481.0,24482.0,2080.0,16457610.0
2026-07-07 13:34:00+05:30,24481.0,24485.9,24480.0,24483.6,2340.0,16458520.0
2026-07-07 13:35:00+05:30,24480.0,24484.0,24475.1,24484.0,3770.0,16460405.0
2026-07-07 13:36:00+05:30,24477.0,24480.1,24475.0,24478.2,1690.0,16460340.0
2026-07-07 13:37:00+05:30,24478.8,24479.9,24475.1,24476.0,1430.0,16459365.0
2026-07-07 13:38:00+05:30,24475.1,24479.9,24473.0,24473.0,3575.0,16458520.0
2026-07-07 13:39:00+05:30,24473.0,24476.0,24472.0,24475.0,17615.0,16450265.0
2026-07-07 13:40:00+05:30,24472.0,24477.9,24472.0,24477.9,4095.0,16442920.0
2026-07-07 13:41:00+05:30,24477.0,24477.0,24475.1,24475.2,2405.0,16432325.0
2026-07-07 13:42:00+05:30,24477.0,24490.0,24475.2,24488.0,4160.0,16431870.0
2026-07-07 13:43:00+05:30,24489.5,24495.0,24477.1,24490.0,7345.0,16432780.0
2026-07-07 13:44:00+05:30,24494.5,24495.0,24490.0,24493.7,1950.0,16431090.0
2026-07-07 13:45:00+05:30,24493.5,24494.3,24490.0,24492.1,5265.0,16430375.0
2026-07-07 13:46:00+05:30,24492.9,24498.0,24492.9,24495.0,4225.0,16429725.0
2026-07-07 13:47:00+05:30,24499.0,24499.0,24490.0,24495.0,2535.0,16428620.0
2026-07-07 13:48:00+05:30,24490.0,24495.0,24484.0,24484.1,5070.0,16429075.0
2026-07-07 13:49:00+05:30,24484.0,24492.0,24481.0,24489.7,3835.0,16429465.0
2026-07-07 13:50:00+05:30,24485.0,24485.7,24481.0,24485.7,585.0,16428685.0
2026-07-07 13:51:00+05:30,24485.0,24492.0,24481.0,24490.0,1365.0,16428230.0
2026-07-07 13:52:00+05:30,24490.0,24494.0,24488.0,24494.0,1105.0,16428035.0
2026-07-07 13:53:00+05:30,24494.0,24495.0,24492.0,24493.0,1365.0,16428035.0
2026-07-07 13:54:00+05:30,24493.0,24494.1,24485.0,24485.0,1365.0,16428555.0
2026-07-07 13:55:00+05:30,24492.0,24495.0,24490.0,24494.0,845.0,16428555.0
2026-07-07 13:56:00+05:30,24495.6,24498.0,24488.1,24490.0,1690.0,16428490.0
2026-07-07 13:57:00+05:30,24490.0,24491.0,24485.2,24491.0,1105.0,16428815.0
2026-07-07 13:58:00+05:30,24490.0,24500.0,24486.0,24500.0,1365.0,16428750.0
2026-07-07 13:59:00+05:30,24500.0,24500.0,24494.2,24499.9,2340.0,16428555.0
2026-07-07 14:00:00+05:30,24499.9,24500.0,24490.3,24500.0,2925.0,16429595.0
2026-07-07 14:01:00+05:30,24490.3,24497.1,24490.2,24497.1,1755.0,16430050.0
2026-07-07 14:02:00+05:30,24499.9,24500.0,24490.4,24497.1,2080.0,16430505.0
2026-07-07 14:03:00+05:30,24497.1,24500.0,24492.0,24500.0,4745.0,16430245.0
2026-07-07 14:04:00+05:30,24500.0,24506.9,24498.2,24502.9,13650.0,16432520.0
2026-07-07 14:05:00+05:30,24500.1,24507.7,24495.1,24500.0,3640.0,16437785.0
2026-07-07 14:06:00+05:30,24505.9,24505.9,24495.1,24504.5,910.0,16437655.0
2026-07-07 14:07:00+05:30,24500.0,24506.0,24496.1,24504.0,1950.0,16436680.0
2026-07-07 14:08:00+05:30,24504.7,24505.8,24500.0,24501.0,3965.0,16435055.0
2026-07-07 14:09:00+05:30,24500.0,24506.1,24497.0,24500.0,3510.0,16435835.0
2026-07-07 14:10:00+05:30,24500.0,24507.0,24500.0,24506.6,3055.0,16436940.0
2026-07-07 14:11:00+05:30,24506.6,24508.7,24501.0,24504.0,4485.0,16436290.0
2026-07-07 14:12:00+05:30,24505.3,24508.2,24500.0,24500.0,4550.0,16436160.0
2026-07-07 14:13:00+05:30,24502.0,24507.0,24500.0,24504.0,1495.0,16436420.0
2026-07-07 14:14:00+05:30,24506.7,24506.7,24497.1,24500.0,1755.0,16437720.0
2026-07-07 14:15:00+05:30,24498.0,24505.0,24498.0,24505.0,3640.0,16438110.0
2026-07-07 14:16:00+05:30,24498.6,24502.0,24491.0,24491.1,8580.0,16443440.0
2026-07-07 14:17:00+05:30,24492.0,24495.0,24491.1,24494.9,1430.0,16444350.0
2026-07-07 14:18:00+05:30,24491.1,24499.8,24490.2,24495.0,1690.0,16444090.0
2026-07-07 14:19:00+05:30,24490.2,24500.0,24490.2,24499.2,910.0,16444545.0
2026-07-07 14:20:00+05:30,24499.6,24500.0,24490.4,24491.6,1300.0,16444480.0
2026-07-07 14:21:00+05:30,24499.0,24499.0,24488.0,24488.3,1885.0,16444220.0
2026-07-07 14:22:00+05:30,24488.0,24495.0,24485.0,24495.0,2990.0,16445910.0
2026-07-07 14:23:00+05:30,24495.0,24499.0,24491.1,24497.0,2210.0,16446430.0
2026-07-07 14:24:00+05:30,24495.0,24495.0,24485.0,24485.0,2015.0,16447470.0
2026-07-07 14:25:00+05:30,24485.1,24495.0,24483.4,24495.0,2665.0,16446885.0
2026-07-07 14:26:00+05:30,24490.0,24490.1,24490.0,24490.0,1755.0,16447015.0
2026-07-07 14:27:00+05:30,24495.0,24495.0,24491.0,24491.0,1495.0,16445195.0
2026-07-07 14:28:00+05:30,24491.0,24503.9,24490.0,24499.6,2080.0,16443895.0
2026-07-07 14:29:00+05:30,24504.0,24504.0,24490.0,24490.0,1170.0,16444415.0
2026-07-07 14:30:00+05:30,24490.0,24504.6,24490.0,24504.6,1950.0,16445325.0
2026-07-07 14:31:00+05:30,24492.1,24504.7,24492.1,24500.0,1040.0,16444805.0
2026-07-07 14:32:00+05:30,24502.2,24502.2,24495.2,24495.2,1430.0,16445520.0
2026-07-07 14:33:00+05:30,24496.0,24500.0,24495.2,24500.0,1365.0,16445715.0
2026-07-07 14:34:00+05:30,24500.0,24500.0,24493.1,24493.2,2275.0,16446885.0
2026-07-07 14:35:00+05:30,24493.1,24500.0,24493.1,24496.0,3770.0,16446820.0
2026-07-07 14:36:00+05:30,24495.1,24506.1,24495.1,24506.1,2860.0,16448640.0
2026-07-07 14:37:00+05:30,24506.4,24510.0,24502.1,24505.7,3380.0,16448965.0
2026-07-07 14:38:00+05:30,24506.7,24509.0,24502.0,24503.0,2730.0,16448120.0
2026-07-07 14:39:00+05:30,24505.7,24508.0,24500.0,24500.0,2210.0,16448510.0
2026-07-07 14:40:00+05:30,24501.0,24501.0,24490.1,24495.0,10075.0,16445910.0
2026-07-07 14:41:00+05:30,24492.3,24494.2,24490.1,24493.8,1365.0,16446105.0
2026-07-07 14:42:00+05:30,24490.3,24504.0,24490.3,24500.1,3640.0,16446430.0
2026-07-07 14:43:00+05:30,24504.0,24508.0,24498.0,24498.6,5330.0,16449810.0
2026-07-07 14:44:00+05:30,24500.1,24505.0,24498.0,24499.1,2080.0,16448705.0
2026-07-07 14:45:00+05:30,24502.0,24507.0,24498.0,24505.1,7475.0,16449420.0
2026-07-07 14:46:00+05:30,24499.1,24505.7,24499.0,24501.9,2990.0,16450070.0
2026-07-07 14:47:00+05:30,24499.2,24506.2,24497.9,24499.0,4550.0,16450850.0
2026-07-07 14:48:00+05:30,24499.1,24504.2,24492.0,24492.0,6695.0,16453385.0
2026-07-07 14:49:00+05:30,24492.3,24499.1,24492.2,24498.1,3900.0,16454035.0
2026-07-07 14:50:00+05:30,24497.3,24499.1,24497.2,24498.1,2210.0,16452670.0
2026-07-07 14:51:00+05:30,24499.1,24500.0,24497.5,24498.4,2665.0,16452345.0
2026-07-07 14:52:00+05:30,24498.5,24500.0,24498.1,24499.4,2730.0,16452995.0
2026-07-07 14:53:00+05:30,24499.9,24505.0,24499.9,24503.6,3575.0,16452410.0
2026-07-07 14:54:00+05:30,24504.0,24505.0,24501.2,24503.9,2600.0,16451955.0
2026-07-07 14:55:00+05:30,24503.9,24508.3,24503.0,24507.4,5785.0,16453125.0
2026-07-07 14:56:00+05:30,24504.1,24507.5,24501.0,24501.9,3965.0,16452930.0
2026-07-07 14:57:00+05:30,24501.9,24507.3,24500.0,24501.9,3315.0,16452215.0
2026-07-07 14:58:00+05:30,24501.9,24507.0,24494.5,24494.8,11765.0,16450200.0
2026-07-07 14:59:00+05:30,24494.7,24497.7,24490.0,24491.0,6045.0,16446560.0
2026-07-07 15:00:00+05:30,24495.0,24495.0,24480.0,24481.1,13845.0,16447990.0
2026-07-07 15:01:00+05:30,24481.0,24485.0,24475.1,24475.1,7670.0,16449810.0
2026-07-07 15:02:00+05:30,24480.0,24480.0,24451.0,24457.4,63375.0,16437980.0
2026-07-07 15:03:00+05:30,24457.7,24478.2,24456.5,24474.3,10920.0,16435380.0
2026-07-07 15:04:00+05:30,24467.6,24471.5,24465.0,24465.2,4225.0,16435705.0
2026-07-07 15:05:00+05:30,24465.1,24470.5,24465.0,24465.0,5850.0,16434275.0
2026-07-07 15:06:00+05:30,24465.0,24468.9,24458.0,24461.0,9490.0,16433040.0
2026-07-07 15:07:00+05:30,24466.5,24466.5,24460.0,24460.0,10530.0,16429790.0
2026-07-07 15:08:00+05:30,24460.0,24468.2,24459.0,24460.0,19305.0,16428815.0
2026-07-07 15:09:00+05:30,24461.4,24462.0,24453.1,24453.1,15730.0,16422185.0
2026-07-07 15:10:00+05:30,24455.0,24456.0,24444.0,24446.0,55120.0,16410745.0
2026-07-07 15:11:00+05:30,24446.0,24448.0,24440.0,24446.0,23465.0,16413605.0
2026-07-07 15:12:00+05:30,24443.0,24448.8,24440.0,24440.0,14625.0,16412630.0
2026-07-07 15:13:00+05:30,24440.0,24448.1,24440.0,24445.0,16250.0,16409575.0
2026-07-07 15:14:00+05:30,24445.0,24448.9,24440.0,24448.7,14560.0,16410290.0
2026-07-07 15:15:00+05:30,24445.1,24450.0,24443.0,24445.1,14950.0,16404765.0
2026-07-07 15:16:00+05:30,24446.0,24449.8,24440.6,24443.2,25090.0,16404830.0
2026-07-07 15:17:00+05:30,24441.0,24442.1,24435.0,24438.8,44005.0,16415555.0
2026-07-07 15:18:00+05:30,24435.0,24438.9,24428.8,24435.0,36790.0,16414775.0
2026-07-07 15:19:00+05:30,24435.0,24440.6,24431.0,24440.0,14885.0,16418220.0
2026-07-07 15:20:00+05:30,24439.3,24439.3,24430.6,24434.0,14235.0,16421665.0
2026-07-07 15:21:00+05:30,24433.9,24433.9,24430.0,24430.0,15535.0,16421340.0
2026-07-07 15:22:00+05:30,24430.0,24432.4,24424.0,24429.0,15405.0,16421665.0
2026-07-07 15:23:00+05:30,24429.0,24429.3,24422.8,24429.3,12935.0,16424850.0
2026-07-07 15:24:00+05:30,24429.3,24430.0,24424.0,24428.2,10335.0,16426670.0
2026-07-07 15:25:00+05:30,24428.2,24428.2,24421.0,24423.0,35100.0,16436875.0
2026-07-07 15:26:00+05:30,24422.9,24423.6,24411.1,24416.0,39910.0,16451500.0
2026-07-07 15:27:00+05:30,24413.0,24418.0,24410.4,24414.8,19175.0,16452670.0
2026-07-07 15:28:00+05:30,24410.2,24415.0,24409.2,24411.0,27430.0,16460600.0
2026-07-07 15:29:00+05:30,24413.8,24414.5,24405.9,24410.0,36985.0,16467230.0
2026-07-08 09:15:00+05:30,24290.0,24315.3,24275.0,24310.0,143780.0,16294005.0
2026-07-08 09:16:00+05:30,24305.1,24319.0,24292.0,24311.1,45630.0,16290625.0
2026-07-08 09:17:00+05:30,24311.0,24320.0,24306.4,24310.0,49530.0,16316690.0
2026-07-08 09:18:00+05:30,24310.0,24318.9,24305.1,24315.2,23855.0,16317275.0
2026-07-08 09:19:00+05:30,24315.1,24315.1,24309.2,24309.2,22035.0,16317275.0
2026-07-08 09:20:00+05:30,24309.1,24315.0,24305.3,24311.6,31330.0,16323060.0
2026-07-08 09:21:00+05:30,24310.8,24311.8,24301.4,24304.9,22490.0,16327155.0
2026-07-08 09:22:00+05:30,24304.9,24305.0,24287.2,24287.5,35555.0,16336190.0
2026-07-08 09:23:00+05:30,24287.2,24291.2,24280.0,24281.1,24180.0,16346785.0
2026-07-08 09:24:00+05:30,24281.0,24281.0,24271.2,24271.2,44135.0,16351140.0
2026-07-08 09:25:00+05:30,24271.7,24274.9,24262.0,24271.6,31785.0,16355495.0
2026-07-08 09:26:00+05:30,24273.9,24274.7,24265.0,24268.1,28145.0,16357965.0
2026-07-08 09:27:00+05:30,24266.4,24272.3,24262.0,24266.5,33865.0,16364010.0
2026-07-08 09:28:00+05:30,24266.8,24267.2,24260.0,24261.4,16835.0,16371485.0
2026-07-08 09:29:00+05:30,24264.1,24268.0,24256.0,24265.0,22360.0,16362320.0
2026-07-08 09:30:00+05:30,24266.0,24266.0,24244.0,24248.5,63440.0,16366935.0
2026-07-08 09:31:00+05:30,24246.7,24250.7,24245.7,24250.7,19110.0,16363685.0
2026-07-08 09:32:00+05:30,24254.0,24258.0,24249.0,24254.8,21515.0,16364920.0
2026-07-08 09:33:00+05:30,24254.8,24261.0,24246.8,24250.2,21775.0,16361995.0
2026-07-08 09:34:00+05:30,24249.4,24250.9,24241.0,24244.0,15665.0,16364595.0
2026-07-08 09:35:00+05:30,24243.0,24251.1,24240.3,24247.1,20995.0,16366870.0
2026-07-08 09:36:00+05:30,24247.1,24247.4,24238.0,24240.7,21125.0,16377530.0
2026-07-08 09:37:00+05:30,24241.6,24242.4,24235.0,24238.7,49465.0,16382730.0
2026-07-08 09:38:00+05:30,24239.8,24250.0,24235.0,24248.0,21255.0,16384875.0
2026-07-08 09:39:00+05:30,24248.9,24250.1,24237.5,24245.3,16835.0,16383705.0
2026-07-08 09:40:00+05:30,24244.5,24251.7,24241.0,24249.5,21905.0,16391245.0
2026-07-08 09:41:00+05:30,24247.1,24263.7,24247.0,24260.0,17290.0,16402360.0
2026-07-08 09:42:00+05:30,24259.5,24261.5,24249.7,24252.0,22945.0,16409770.0
2026-07-08 09:43:00+05:30,24256.0,24259.1,24252.0,24259.1,11440.0,16425695.0
2026-07-08 09:44:00+05:30,24257.3,24258.3,24251.6,24255.0,7475.0,16428490.0
2026-07-08 09:45:00+05:30,24258.0,24258.0,24252.0,24257.9,6370.0,16430570.0
2026-07-08 09:46:00+05:30,24258.0,24268.3,24257.2,24266.0,8515.0,16429790.0
2026-07-08 09:47:00+05:30,24267.0,24270.0,24260.2,24270.0,9685.0,16430570.0
2026-07-08 09:48:00+05:30,24266.6,24273.2,24265.1,24271.6,9490.0,16431675.0
2026-07-08 09:49:00+05:30,24271.0,24280.0,24268.0,24275.2,11115.0,16434275.0
2026-07-08 09:50:00+05:30,24275.2,24282.9,24272.1,24278.0,16315.0,16432195.0
2026-07-08 09:51:00+05:30,24273.6,24278.3,24271.4,24271.4,9945.0,16429725.0
2026-07-08 09:52:00+05:30,24275.8,24285.0,24272.0,24285.0,8255.0,16433365.0
2026-07-08 09:53:00+05:30,24284.0,24289.4,24280.1,24289.4,10465.0,16434210.0
2026-07-08 09:54:00+05:30,24289.4,24292.8,24273.0,24273.0,16120.0,16432065.0
2026-07-08 09:55:00+05:30,24273.0,24286.9,24272.0,24280.2,7735.0,16434665.0
2026-07-08 09:56:00+05:30,24284.2,24288.5,24280.8,24282.1,4940.0,16434145.0
2026-07-08 09:57:00+05:30,24285.4,24285.4,24270.0,24274.1,9555.0,16435250.0
2026-07-08 09:58:00+05:30,24274.6,24275.0,24270.0,24270.4,5720.0,16436160.0
2026-07-08 09:59:00+05:30,24270.4,24283.0,24270.4,24276.1,5200.0,16436160.0
2026-07-08 10:00:00+05:30,24278.5,24283.4,24270.1,24270.1,7215.0,16437525.0
2026-07-08 10:01:00+05:30,24270.0,24273.7,24263.4,24265.4,7345.0,16438890.0
2026-07-08 10:02:00+05:30,24268.0,24277.0,24265.7,24272.1,4680.0,16439215.0
2026-07-08 10:03:00+05:30,24273.0,24273.5,24265.1,24270.0,5330.0,16438435.0
2026-07-08 10:04:00+05:30,24265.2,24271.8,24265.1,24267.0,6045.0,16438760.0
2026-07-08 10:05:00+05:30,24267.8,24270.0,24263.8,24265.0,13065.0,16439735.0
2026-07-08 10:06:00+05:30,24264.0,24270.0,24260.0,24270.0,7475.0,16441750.0
2026-07-08 10:07:00+05:30,24262.6,24272.9,24262.6,24272.0,2925.0,16444090.0
2026-07-08 10:08:00+05:30,24271.0,24272.0,24262.6,24263.0,3055.0,16443310.0
2026-07-08 10:09:00+05:30,24263.0,24272.5,24261.6,24272.5,3900.0,16442985.0
2026-07-08 10:10:00+05:30,24272.0,24280.0,24265.0,24280.0,4225.0,16443570.0
2026-07-08 10:11:00+05:30,24280.0,24286.0,24280.0,24280.0,11960.0,16442400.0
2026-07-08 10:12:00+05:30,24280.1,24286.0,24280.1,24282.5,7215.0,16440320.0
2026-07-08 10:13:00+05:30,24280.1,24281.8,24265.1,24269.6,4615.0,16442465.0
2026-07-08 10:14:00+05:30,24270.8,24272.0,24265.0,24265.0,4875.0,16441815.0
2026-07-08 10:15:00+05:30,24265.1,24265.1,24252.0,24260.0,14820.0,16440580.0
2026-07-08 10:16:00+05:30,24255.4,24260.0,24255.4,24260.0,2730.0,16442790.0
2026-07-08 10:17:00+05:30,24260.0,24270.0,24259.1,24266.0,4485.0,16443375.0
2026-07-08 10:18:00+05:30,24266.0,24273.4,24265.0,24273.0,7540.0,16444935.0
2026-07-08 10:19:00+05:30,24270.0,24281.9,24269.5,24280.5,2405.0,16447665.0
2026-07-08 10:20:00+05:30,24280.4,24280.4,24270.1,24270.1,4875.0,16446430.0
2026-07-08 10:21:00+05:30,24271.7,24274.2,24271.1,24272.6,5460.0,16446170.0
2026-07-08 10:22:00+05:30,24271.1,24273.1,24268.6,24269.9,3770.0,16446300.0
2026-07-08 10:23:00+05:30,24268.4,24272.1,24265.0,24267.0,1885.0,16446625.0
2026-07-08 10:24:00+05:30,24265.0,24267.0,24255.0,24257.1,7670.0,16447145.0
2026-07-08 10:25:00+05:30,24255.0,24258.4,24251.6,24258.4,5200.0,16447600.0
2026-07-08 10:26:00+05:30,24259.4,24266.6,24255.0,24261.1,2080.0,16449420.0
2026-07-08 10:27:00+05:30,24266.9,24271.7,24263.0,24271.4,7605.0,16448380.0
2026-07-08 10:28:00+05:30,24271.1,24277.0,24268.9,24277.0,2535.0,16446365.0
2026-07-08 10:29:00+05:30,24270.1,24280.0,24270.1,24275.2,2340.0,16446365.0
2026-07-08 10:30:00+05:30,24279.7,24289.0,24277.1,24289.0,7475.0,16446170.0
2026-07-08 10:31:00+05:30,24289.0,24295.0,24287.0,24294.0,7280.0,16440580.0
2026-07-08 10:32:00+05:30,24294.0,24295.0,24286.0,24288.0,6500.0,16440645.0
2026-07-08 10:33:00+05:30,24288.0,24288.9,24280.0,24285.0,5265.0,16443765.0
2026-07-08 10:34:00+05:30,24282.4,24284.9,24281.0,24284.0,2080.0,16444025.0
2026-07-08 10:35:00+05:30,24281.0,24288.6,24281.0,24287.1,2600.0,16443635.0
2026-07-08 10:36:00+05:30,24288.0,24297.0,24287.1,24297.0,8125.0,16443310.0
2026-07-08 10:37:00+05:30,24297.6,24305.0,24295.0,24305.0,14560.0,16445065.0
2026-07-08 10:38:00+05:30,24305.0,24315.0,24300.0,24311.4,16185.0,16443830.0
2026-07-08 10:39:00+05:30,24308.6,24311.1,24308.0,24310.0,6630.0,16440645.0
2026-07-08 10:40:00+05:30,24308.4,24313.0,24300.2,24307.7,10790.0,16439800.0
2026-07-08 10:41:00+05:30,24307.7,24318.0,24301.6,24317.9,9685.0,16435900.0
2026-07-08 10:42:00+05:30,24318.8,24325.8,24317.0,24324.0,32630.0,16431090.0
2026-07-08 10:43:00+05:30,24324.0,24325.8,24320.0,24320.0,9620.0,16423225.0
2026-07-08 10:44:00+05:30,24322.9,24324.8,24310.1,24314.9,11245.0,16422250.0
2026-07-08 10:45:00+05:30,24310.1,24315.0,24310.1,24310.6,5200.0,16422445.0
2026-07-08 10:46:00+05:30,24312.0,24315.0,24303.1,24303.1,4420.0,16422445.0
2026-07-08 10:47:00+05:30,24304.8,24310.0,24301.2,24301.2,4680.0,16421860.0
2026-07-08 10:48:00+05:30,24304.2,24305.0,24300.0,24305.0,2600.0,16420820.0
2026-07-08 10:49:00+05:30,24306.8,24308.0,24301.1,24301.1,1755.0,16421860.0
2026-07-08 10:50:00+05:30,24302.7,24308.7,24300.1,24305.4,4680.0,16421990.0
2026-07-08 10:51:00+05:30,24302.3,24310.0,24301.6,24308.0,3055.0,16422575.0
2026-07-08 10:52:00+05:30,24301.8,24310.0,24300.0,24304.0,6240.0,16423940.0
2026-07-08 10:53:00+05:30,24303.1,24306.6,24303.0,24303.0,1170.0,16407560.0
2026-07-08 10:54:00+05:30,24305.7,24305.7,24295.0,24295.0,7085.0,16408600.0
2026-07-08 10:55:00+05:30,24295.0,24305.0,24292.4,24300.4,3965.0,16406130.0
2026-07-08 10:56:00+05:30,24305.0,24313.0,24305.0,24313.0,2600.0,16405415.0
2026-07-08 10:57:00+05:30,24309.2,24317.9,24309.1,24317.9,2990.0,16405480.0
2026-07-08 10:58:00+05:30,24315.0,24319.0,24306.8,24319.0,4420.0,16404635.0
2026-07-08 10:59:00+05:30,24315.1,24320.0,24315.0,24318.3,2925.0,16404635.0
2026-07-08 11:00:00+05:30,24315.5,24323.0,24315.5,24320.0,4420.0,16404310.0
2026-07-08 11:01:00+05:30,24320.0,24322.5,24318.0,24321.4,4940.0,16402620.0
2026-07-08 11:02:00+05:30,24322.0,24326.7,24318.1,24324.8,7475.0,16401190.0
2026-07-08 11:03:00+05:30,24325.0,24325.0,24318.0,24319.4,4225.0,16401970.0
2026-07-08 11:04:00+05:30,24319.0,24320.0,24315.0,24318.0,1950.0,16402165.0
2026-07-08 11:05:00+05:30,24318.0,24323.1,24318.0,24321.4,4030.0,16400995.0
2026-07-08 11:06:00+05:30,24320.0,24320.0,24311.8,24311.8,5330.0,16400345.0
2026-07-08 11:07:00+05:30,24313.0,24314.9,24306.6,24313.7,2730.0,16399695.0
2026-07-08 11:08:00+05:30,24309.8,24315.0,24309.5,24315.0,2795.0,16399500.0
2026-07-08 11:09:00+05:30,24316.9,24323.4,24316.9,24318.1,11960.0,16401125.0
2026-07-08 11:10:00+05:30,24319.0,24319.0,24310.2,24310.3,3510.0,16403855.0
2026-07-08 11:11:00+05:30,24314.8,24317.0,24310.2,24317.0,2600.0,16403010.0
2026-07-08 11:12:00+05:30,24319.0,24326.7,24316.9,24321.7,6175.0,16401450.0
2026-07-08 11:13:00+05:30,24326.7,24330.0,24322.3,24325.4,16120.0,16397355.0
2026-07-08 11:14:00+05:30,24325.6,24326.4,24320.0,24320.2,3380.0,16398135.0
2026-07-08 11:15:00+05:30,24320.3,24321.1,24302.1,24310.0,8255.0,16398525.0
2026-07-08 11:16:00+05:30,24305.2,24310.0,24304.7,24304.8,3250.0,16395015.0
2026-07-08 11:17:00+05:30,24309.0,24314.0,24305.1,24309.2,2080.0,16394690.0
2026-07-08 11:18:00+05:30,24309.2,24316.7,24307.0,24307.0,1885.0,16391245.0
2026-07-08 11:19:00+05:30,24306.0,24314.2,24305.5,24310.5,2990.0,16391635.0
2026-07-08 11:20:00+05:30,24311.9,24315.0,24305.0,24314.6,3185.0,16392090.0
2026-07-08 11:21:00+05:30,24310.0,24314.0,24305.0,24307.0,3445.0,16392935.0
2026-07-08 11:22:00+05:30,24305.0,24307.0,24301.0,24301.0,2795.0,16392740.0
2026-07-08 11:23:00+05:30,24301.0,24308.5,24301.0,24301.0,3120.0,16390335.0
2026-07-08 11:24:00+05:30,24304.8,24314.0,24301.9,24310.3,3445.0,16390205.0
2026-07-08 11:25:00+05:30,24315.0,24322.0,24315.0,24320.0,2665.0,16388905.0
2026-07-08 11:26:00+05:30,24322.0,24322.1,24314.0,24314.0,1495.0,16388320.0
2026-07-08 11:27:00+05:30,24318.0,24323.0,24315.1,24321.0,2665.0,16388385.0
2026-07-08 11:28:00+05:30,24321.0,24323.0,24310.6,24317.5,2015.0,16387865.0
2026-07-08 11:29:00+05:30,24313.5,24315.0,24310.5,24313.7,2145.0,16387930.0
2026-07-08 11:30:00+05:30,24310.6,24315.7,24310.5,24310.6,10335.0,16386695.0
2026-07-08 11:31:00+05:30,24310.5,24314.9,24310.5,24311.8,5070.0,16384810.0
2026-07-08 11:32:00+05:30,24312.0,24312.8,24302.0,24302.0,5655.0,16385070.0
2026-07-08 11:33:00+05:30,24302.0,24302.1,24292.0,24292.0,5915.0,16384940.0
2026-07-08 11:34:00+05:30,24291.3,24300.0,24291.3,24300.0,6695.0,16385525.0
2026-07-08 11:35:00+05:30,24294.0,24300.0,24283.0,24283.0,10530.0,16381885.0
2026-07-08 11:36:00+05:30,24282.4,24300.0,24282.4,24299.0,3900.0,16380000.0
2026-07-08 11:37:00+05:30,24290.0,24295.0,24290.0,24295.0,1235.0,16380325.0
2026-07-08 11:38:00+05:30,24295.0,24298.0,24287.0,24297.2,2730.0,16380325.0
2026-07-08 11:39:00+05:30,24297.0,24297.0,24287.0,24295.0,1495.0,16380715.0
2026-07-08 11:40:00+05:30,24291.0,24295.0,24287.1,24287.1,2795.0,16381170.0
2026-07-08 11:41:00+05:30,24287.1,24294.1,24285.0,24285.0,2275.0,16382405.0
2026-07-08 11:42:00+05:30,24285.0,24290.0,24285.0,24288.0,1105.0,16382535.0
2026-07-08 11:43:00+05:30,24288.0,24292.0,24281.1,24281.1,4160.0,16383380.0
2026-07-08 11:44:00+05:30,24289.8,24292.5,24280.0,24292.5,2600.0,16383380.0
2026-07-08 11:45:00+05:30,24286.7,24292.5,24281.1,24284.8,2730.0,16384355.0
2026-07-08 11:46:00+05:30,24284.6,24292.8,24277.3,24279.0,8970.0,16387605.0
2026-07-08 11:47:00+05:30,24279.0,24292.6,24275.0,24280.9,8255.0,16389880.0
2026-07-08 11:48:00+05:30,24284.2,24292.0,24281.9,24291.8,1235.0,16390660.0
2026-07-08 11:49:00+05:30,24284.8,24293.2,24281.0,24281.2,2145.0,16390790.0
2026-07-08 11:50:00+05:30,24281.1,24291.9,24277.1,24281.6,1430.0,16390790.0
2026-07-08 11:51:00+05:30,24285.0,24289.6,24276.1,24278.3,6175.0,16393130.0
2026-07-08 11:52:00+05:30,24278.4,24288.9,24278.3,24285.0,1170.0,16393390.0
2026-07-08 11:53:00+05:30,24280.0,24288.0,24279.0,24279.0,1430.0,16393390.0
2026-07-08 11:54:00+05:30,24287.3,24287.3,24277.0,24287.0,2275.0,16394170.0
2026-07-08 11:55:00+05:30,24280.0,24292.0,24280.0,24292.0,2730.0,16394755.0
2026-07-08 11:56:00+05:30,24285.0,24292.7,24271.2,24272.0,5070.0,16396185.0
2026-07-08 11:57:00+05:30,24272.0,24272.0,24259.0,24265.0,16770.0,16400215.0
2026-07-08 11:58:00+05:30,24265.0,24284.2,24262.0,24283.9,1495.0,16400800.0
2026-07-08 11:59:00+05:30,24274.0,24288.0,24274.0,24287.5,975.0,16401190.0
2026-07-08 12:00:00+05:30,24286.1,24287.0,24280.0,24280.0,4745.0,16402425.0
2026-07-08 12:01:00+05:30,24280.0,24280.0,24265.0,24265.5,3705.0,16406715.0
2026-07-08 12:02:00+05:30,24265.0,24278.4,24264.4,24275.6,3250.0,16407755.0
2026-07-08 12:03:00+05:30,24270.0,24278.5,24270.0,24270.0,1365.0,16408470.0
2026-07-08 12:04:00+05:30,24270.0,24273.2,24261.7,24262.0,3055.0,16409315.0
2026-07-08 12:05:00+05:30,24261.6,24273.0,24261.6,24273.0,1300.0,16410030.0
2026-07-08 12:06:00+05:30,24274.0,24274.6,24265.1,24272.8,2535.0,16410225.0
2026-07-08 12:07:00+05:30,24272.8,24272.8,24265.0,24265.8,910.0,16410615.0
2026-07-08 12:08:00+05:30,24270.0,24270.0,24263.0,24263.0,1170.0,16411330.0
2026-07-08 12:09:00+05:30,24262.1,24265.4,24260.0,24260.0,7475.0,16414645.0
2026-07-08 12:10:00+05:30,24260.1,24260.4,24255.0,24255.0,6955.0,16419845.0
2026-07-08 12:11:00+05:30,24255.6,24265.0,24255.0,24260.0,3250.0,16420560.0
2026-07-08 12:12:00+05:30,24260.0,24264.0,24256.0,24263.4,6045.0,16425760.0
2026-07-08 12:13:00+05:30,24263.4,24264.5,24255.1,24255.1,4550.0,16427450.0
2026-07-08 12:14:00+05:30,24259.7,24259.9,24251.0,24251.0,12090.0,16425565.0
2026-07-08 12:15:00+05:30,24251.8,24254.9,24250.0,24250.0,13195.0,16431870.0
2026-07-08 12:16:00+05:30,24250.1,24250.4,24243.5,24244.1,17160.0,16435575.0
2026-07-08 12:17:00+05:30,24244.1,24248.0,24240.0,24248.0,18655.0,16435575.0
2026-07-08 12:18:00+05:30,24248.3,24263.9,24248.3,24263.0,3835.0,16437395.0
2026-07-08 12:19:00+05:30,24260.0,24265.0,24260.0,24261.0,4550.0,16439215.0
2026-07-08 12:20:00+05:30,24261.0,24265.0,24260.0,24260.0,4940.0,16441230.0
2026-07-08 12:21:00+05:30,24260.0,24260.0,24252.1,24258.0,8905.0,16443765.0
2026-07-08 12:22:00+05:30,24256.0,24257.8,24250.0,24250.3,2600.0,16444545.0
2026-07-08 12:23:00+05:30,24250.0,24250.9,24244.0,24244.9,5200.0,16447990.0
2026-07-08 12:24:00+05:30,24244.0,24244.0,24225.2,24225.2,36855.0,16458650.0
2026-07-08 12:25:00+05:30,24229.0,24240.0,24225.0,24232.0,23985.0,16451370.0
2026-07-08 12:26:00+05:30,24237.0,24245.9,24229.0,24240.0,19630.0,16457935.0
2026-07-08 12:27:00+05:30,24239.6,24245.9,24230.5,24235.0,9945.0,16459170.0
2026-07-08 12:28:00+05:30,24239.9,24239.9,24232.0,24233.6,4680.0,16462875.0
2026-07-08 12:29:00+05:30,24234.0,24238.9,24230.0,24238.9,5720.0,16465280.0
2026-07-08 12:30:00+05:30,24236.0,24236.0,24230.0,24232.1,5265.0,16468855.0
2026-07-08 12:31:00+05:30,24232.0,24232.0,24220.0,24220.0,22815.0,16479255.0
2026-07-08 12:32:00+05:30,24220.8,24230.9,24220.0,24221.0,10985.0,16483610.0
2026-07-08 12:33:00+05:30,24222.0,24229.5,24220.1,24225.0,13065.0,16489980.0
2026-07-08 12:34:00+05:30,24227.4,24232.0,24220.0,24228.0,6760.0,16493100.0
2026-07-08 12:35:00+05:30,24230.0,24230.0,24215.3,24230.0,6500.0,16495115.0
2026-07-08 12:36:00+05:30,24229.4,24230.0,24220.0,24227.7,4225.0,16497260.0
2026-07-08 12:37:00+05:30,24221.0,24227.8,24215.1,24217.0,6370.0,16497260.0
2026-07-08 12:38:00+05:30,24217.0,24228.9,24217.0,24225.8,4030.0,16501160.0
2026-07-08 12:39:00+05:30,24224.0,24224.2,24215.5,24220.1,6630.0,16501160.0
2026-07-08 12:40:00+05:30,24220.1,24226.0,24215.0,24216.0,7410.0,16504670.0
2026-07-08 12:41:00+05:30,24220.0,24230.9,24216.0,24229.9,9100.0,16509090.0
2026-07-08 12:42:00+05:30,24227.4,24231.4,24222.0,24224.8,11700.0,16515395.0
2026-07-08 12:43:00+05:30,24224.8,24227.0,24216.0,24227.0,6955.0,16520140.0
2026-07-08 12:44:00+05:30,24227.0,24239.1,24222.0,24227.2,6955.0,16524560.0
2026-07-08 12:45:00+05:30,24235.0,24241.0,24226.1,24236.7,8320.0,16529110.0
2026-07-08 12:46:00+05:30,24236.7,24240.4,24230.0,24240.0,5460.0,16534505.0
2026-07-08 12:47:00+05:30,24230.0,24244.9,24228.0,24242.4,4940.0,16519035.0
2026-07-08 12:48:00+05:30,24241.9,24244.0,24235.0,24235.0,4030.0,16521440.0
2026-07-08 12:49:00+05:30,24235.0,24243.0,24231.5,24239.2,1885.0,16523130.0
2026-07-08 12:50:00+05:30,24239.3,24250.0,24239.3,24250.0,16185.0,16524495.0
2026-07-08 12:51:00+05:30,24250.0,24254.0,24245.1,24254.0,21255.0,16531190.0
2026-07-08 12:52:00+05:30,24251.6,24255.1,24250.0,24250.0,27755.0,16545100.0
2026-07-08 12:53:00+05:30,24250.0,24254.3,24240.1,24250.0,5785.0,16571165.0
2026-07-08 12:54:00+05:30,24254.0,24260.8,24250.0,24260.0,7735.0,16573960.0
2026-07-08 12:55:00+05:30,24260.0,24264.0,24256.0,24256.1,10205.0,16561740.0
2026-07-08 12:56:00+05:30,24257.9,24260.0,24256.0,24256.0,5525.0,16563755.0
2026-07-08 12:57:00+05:30,24258.9,24260.0,24255.0,24255.0,4810.0,16565120.0
2026-07-08 12:58:00+05:30,24255.0,24263.9,24255.0,24257.0,3640.0,16568045.0
2026-07-08 12:59:00+05:30,24256.4,24260.0,24255.0,24255.0,2145.0,16569215.0
2026-07-08 13:00:00+05:30,24255.0,24260.0,24255.0,24260.0,2340.0,16570320.0
2026-07-08 13:01:00+05:30,24256.0,24264.0,24255.0,24264.0,6435.0,16571230.0
2026-07-08 13:02:00+05:30,24264.0,24269.8,24262.0,24269.8,4875.0,16571815.0
2026-07-08 13:03:00+05:30,24267.1,24270.0,24264.0,24270.0,3250.0,16571100.0
2026-07-08 13:04:00+05:30,24270.0,24271.8,24264.0,24270.0,4420.0,16572075.0
2026-07-08 13:05:00+05:30,24270.0,24271.8,24264.0,24265.0,2470.0,16574285.0
2026-07-08 13:06:00+05:30,24265.0,24273.0,24265.0,24272.0,3120.0,16574415.0
2026-07-08 13:07:00+05:30,24273.9,24275.0,24268.9,24268.9,5720.0,16573505.0
2026-07-08 13:08:00+05:30,24268.9,24268.9,24264.0,24264.0,3445.0,16574155.0
2026-07-08 13:09:00+05:30,24264.0,24264.0,24252.9,24252.9,7280.0,16573895.0
2026-07-08 13:10:00+05:30,24252.9,24258.6,24250.0,24251.8,22685.0,16573180.0
2026-07-08 13:11:00+05:30,24251.5,24256.8,24250.0,24252.6,9360.0,16559270.0
2026-07-08 13:12:00+05:30,24252.6,24258.0,24251.3,24253.0,7475.0,16552770.0
2026-07-08 13:13:00+05:30,24255.0,24255.0,24251.2,24251.5,1300.0,16552120.0
2026-07-08 13:14:00+05:30,24251.5,24255.0,24250.0,24250.0,3185.0,16553420.0
2026-07-08 13:15:00+05:30,24250.0,24259.0,24250.0,24256.5,1365.0,16554135.0
2026-07-08 13:16:00+05:30,24250.0,24250.0,24245.0,24245.9,2210.0,16554525.0
2026-07-08 13:17:00+05:30,24245.0,24253.0,24245.0,24250.0,2080.0,16555500.0
2026-07-08 13:18:00+05:30,24247.8,24257.1,24247.8,24250.2,1235.0,16556865.0
2026-07-08 13:19:00+05:30,24251.0,24260.0,24247.5,24255.7,3575.0,16557385.0
2026-07-08 13:20:00+05:30,24262.0,24269.0,24255.7,24263.0,9035.0,16558815.0
2026-07-08 13:21:00+05:30,24263.0,24263.4,24250.0,24250.2,6760.0,16567395.0
2026-07-08 13:22:00+05:30,24250.2,24258.0,24250.2,24258.0,1560.0,16567330.0
2026-07-08 13:23:00+05:30,24258.0,24258.0,24247.0,24248.6,3445.0,16569410.0
2026-07-08 13:24:00+05:30,24251.8,24260.0,24248.6,24260.0,1820.0,16569865.0
2026-07-08 13:25:00+05:30,24260.0,24260.5,24250.1,24252.2,2015.0,16571230.0
2026-07-08 13:26:00+05:30,24253.0,24260.0,24252.0,24252.3,2470.0,16572595.0
2026-07-08 13:27:00+05:30,24252.3,24259.7,24245.1,24245.1,2080.0,16573895.0
2026-07-08 13:28:00+05:30,24245.1,24252.0,24245.0,24246.5,4940.0,16574090.0
2026-07-08 13:29:00+05:30,24246.5,24252.0,24245.0,24245.1,1625.0,16572205.0
2026-07-08 13:30:00+05:30,24246.1,24251.9,24245.1,24245.1,780.0,16572855.0
2026-07-08 13:31:00+05:30,24245.0,24245.1,24242.0,24242.1,2600.0,16573570.0
2026-07-08 13:32:00+05:30,24243.0,24245.0,24241.0,24242.0,1820.0,16574610.0
2026-07-08 13:33:00+05:30,24242.0,24245.0,24242.0,24242.2,1885.0,16575260.0
2026-07-08 13:34:00+05:30,24242.1,24244.9,24241.1,24242.0,1950.0,16575910.0
2026-07-08 13:35:00+05:30,24241.1,24245.0,24240.0,24240.0,3510.0,16577405.0
2026-07-08 13:36:00+05:30,24240.1,24245.0,24240.1,24245.0,1040.0,16577795.0
2026-07-08 13:37:00+05:30,24241.0,24245.0,24239.4,24239.4,2210.0,16578445.0
2026-07-08 13:38:00+05:30,24245.0,24247.2,24236.8,24236.8,1495.0,16580135.0
2026-07-08 13:39:00+05:30,24236.8,24250.0,24236.8,24245.7,1885.0,16580200.0
2026-07-08 13:40:00+05:30,24245.0,24250.0,24245.0,24245.7,2275.0,16580330.0
2026-07-08 13:41:00+05:30,24245.7,24250.0,24245.7,24246.4,1235.0,16580590.0
2026-07-08 13:42:00+05:30,24252.0,24252.0,24246.0,24247.0,1560.0,16581240.0
2026-07-08 13:43:00+05:30,24246.0,24255.0,24235.0,24235.0,2145.0,16581435.0
2026-07-08 13:44:00+05:30,24246.9,24247.0,24235.0,24236.3,975.0,16582215.0
2026-07-08 13:45:00+05:30,24245.0,24245.0,24236.6,24236.6,1235.0,16582280.0
2026-07-08 13:46:00+05:30,24237.0,24244.4,24208.0,24208.0,37505.0,16583255.0
2026-07-08 13:47:00+05:30,24208.0,24209.1,24147.0,24147.0,145015.0,16615105.0
2026-07-08 13:48:00+05:30,24150.7,24156.9,24123.7,24152.4,110370.0,16659695.0
2026-07-08 13:49:00+05:30,24155.0,24156.9,24136.9,24150.0,39975.0,16684655.0
2026-07-08 13:50:00+05:30,24145.0,24155.0,24114.4,24118.2,50960.0,16696030.0
2026-07-08 13:51:00+05:30,24120.0,24132.9,24111.0,24132.4,37310.0,16715660.0
2026-07-08 13:52:00+05:30,24130.0,24132.1,24111.0,24113.9,34580.0,16722030.0
2026-07-08 13:53:00+05:30,24123.0,24124.0,24101.2,24104.0,69095.0,16739320.0
2026-07-08 13:54:00+05:30,24102.0,24104.4,24071.8,24083.4,82615.0,16738280.0
2026-07-08 13:55:00+05:30,24085.2,24097.7,24075.1,24080.0,48230.0,16757260.0
2026-07-08 13:56:00+05:30,24080.0,24107.8,24070.0,24105.1,58175.0,16793335.0
2026-07-08 13:57:00+05:30,24095.1,24104.9,24070.0,24080.0,43160.0,16802565.0
2026-07-08 13:58:00+05:30,24070.0,24081.6,24049.8,24055.0,109980.0,16833895.0
2026-07-08 13:59:00+05:30,24050.0,24055.0,24030.0,24035.0,64285.0,16862040.0
2026-07-08 14:00:00+05:30,24035.0,24050.9,24033.0,24043.0,47515.0,16871985.0
2026-07-08 14:01:00+05:30,24043.0,24043.0,24019.0,24025.0,59020.0,16891875.0
2026-07-08 14:02:00+05:30,24025.0,24030.0,24000.0,24008.1,98410.0,16897595.0
2026-07-08 14:03:00+05:30,24018.8,24025.0,24008.0,24019.3,92300.0,16952910.0
2026-07-08 14:04:00+05:30,24015.0,24019.3,24000.0,24000.5,70850.0,16970265.0
2026-07-08 14:05:00+05:30,24000.5,24013.0,23962.6,23964.6,109915.0,16984955.0
2026-07-08 14:06:00+05:30,23962.7,23975.0,23955.0,23970.6,67210.0,17005625.0
2026-07-08 14:07:00+05:30,23975.0,24000.0,23970.6,23991.9,76700.0,17008160.0
2026-07-08 14:08:00+05:30,23992.0,23998.0,23981.5,23981.5,52390.0,17034160.0
2026-07-08 14:09:00+05:30,23985.0,23985.0,23950.0,23951.0,63245.0,17067180.0
2026-07-08 14:10:00+05:30,23950.1,23955.5,23932.0,23939.2,56680.0,17078230.0
2026-07-08 14:11:00+05:30,23935.0,23960.0,23932.1,23948.8,92950.0,17079270.0
2026-07-08 14:12:00+05:30,23948.8,23948.8,23920.0,23929.4,77090.0,17105465.0
2026-07-08 14:13:00+05:30,23929.4,23940.0,23920.0,23922.3,53820.0,17128150.0
2026-07-08 14:14:00+05:30,23922.4,23935.0,23910.0,23925.2,49075.0,17108715.0
2026-07-08 14:15:00+05:30,23929.0,23935.9,23921.2,23925.8,42705.0,17155840.0
2026-07-08 14:16:00+05:30,23931.4,23960.0,23923.5,23960.0,96655.0,17155840.0
2026-07-08 14:17:00+05:30,23960.0,23995.0,23955.2,23970.4,100100.0,17198935.0
2026-07-08 14:18:00+05:30,23970.4,23979.3,23955.2,23968.0,36920.0,17205500.0
2026-07-08 14:19:00+05:30,23968.0,23968.0,23937.0,23955.0,32695.0,17213560.0
2026-07-08 14:20:00+05:30,23951.0,23972.0,23946.0,23965.2,52455.0,17229485.0
2026-07-08 14:21:00+05:30,23965.7,23965.7,23940.0,23951.2,35490.0,17255355.0
2026-07-08 14:22:00+05:30,23940.0,23953.1,23937.0,23941.9,26390.0,17264975.0
2026-07-08 14:23:00+05:30,23945.0,23966.4,23935.0,23966.4,32435.0,17275050.0
2026-07-08 14:24:00+05:30,23965.9,23966.4,23946.0,23946.4,22750.0,17283435.0
2026-07-08 14:25:00+05:30,23950.0,23965.0,23941.0,23943.0,20280.0,17290715.0
2026-07-08 14:26:00+05:30,23941.0,23949.8,23935.0,23935.9,13130.0,17300465.0
2026-07-08 14:27:00+05:30,23945.0,23945.0,23930.0,23932.1,18525.0,17292925.0
2026-07-08 14:28:00+05:30,23931.0,23945.7,23928.6,23941.0,19890.0,17302480.0
2026-07-08 14:29:00+05:30,23941.3,23941.3,23907.9,23907.9,47970.0,17308005.0
2026-07-08 14:30:00+05:30,23909.7,23940.0,23905.5,23937.4,39065.0,17293965.0
2026-07-08 14:31:00+05:30,23937.1,23953.7,23930.0,23949.4,25740.0,17292015.0
2026-07-08 14:32:00+05:30,23949.4,23960.0,23938.0,23945.9,47450.0,17310020.0
2026-07-08 14:33:00+05:30,23937.0,23943.8,23925.0,23930.0,9035.0,17327180.0
2026-07-08 14:34:00+05:30,23930.0,23934.9,23925.0,23934.0,16640.0,17331470.0
2026-07-08 14:35:00+05:30,23934.0,23940.0,23921.0,23926.0,32630.0,17342650.0
2026-07-08 14:36:00+05:30,23928.4,23933.9,23901.0,23906.0,44460.0,17353895.0
2026-07-08 14:37:00+05:30,23906.0,23911.9,23900.0,23905.0,46085.0,17360330.0
2026-07-08 14:38:00+05:30,23905.1,23928.0,23904.5,23911.0,24635.0,17372160.0
2026-07-08 14:39:00+05:30,23911.4,23916.6,23901.0,23903.5,21255.0,17383405.0
2026-07-08 14:40:00+05:30,23903.9,23916.0,23900.0,23905.0,16120.0,17393220.0
2026-07-08 14:41:00+05:30,23904.9,23919.9,23900.0,23904.0,14040.0,17396860.0
2026-07-08 14:42:00+05:30,23909.4,23916.8,23885.3,23916.8,67015.0,17395430.0
2026-07-08 14:43:00+05:30,23913.4,23917.0,23896.8,23910.1,20735.0,17381845.0
2026-07-08 14:44:00+05:30,23911.4,23916.9,23905.0,23910.0,8580.0,17388995.0
2026-07-08 14:45:00+05:30,23908.0,23908.0,23886.0,23895.0,26130.0,17398680.0
2026-07-08 14:46:00+05:30,23886.4,23911.6,23882.4,23895.6,27235.0,17407780.0
2026-07-08 14:47:00+05:30,23900.0,23904.4,23880.0,23885.0,26910.0,17419350.0
2026-07-08 14:48:00+05:30,23884.9,23896.3,23880.0,23888.8,17875.0,17427865.0
2026-07-08 14:49:00+05:30,23889.6,23890.0,23883.0,23888.9,11115.0,17432935.0
2026-07-08 14:50:00+05:30,23888.9,23894.4,23868.6,23872.6,68900.0,17436055.0
2026-07-08 14:51:00+05:30,23876.8,23879.4,23841.7,23851.1,104065.0,17432480.0
2026-07-08 14:52:00+05:30,23850.1,23866.6,23849.0,23856.0,43030.0,17404530.0
2026-07-08 14:53:00+05:30,23860.0,23879.0,23855.0,23879.0,15405.0,17407390.0
2026-07-08 14:54:00+05:30,23879.0,23883.4,23870.0,23874.4,29640.0,17416945.0
2026-07-08 14:55:00+05:30,23870.0,23874.4,23865.0,23866.0,10920.0,17423770.0
2026-07-08 14:56:00+05:30,23866.0,23880.0,23865.0,23879.0,13195.0,17429425.0
2026-07-08 14:57:00+05:30,23879.0,23883.3,23870.0,23873.9,16640.0,17439435.0
2026-07-08 14:58:00+05:30,23870.7,23872.8,23861.2,23868.0,12090.0,17442165.0
2026-07-08 14:59:00+05:30,23868.0,23885.0,23860.0,23875.0,21125.0,17448080.0
2026-07-08 15:00:00+05:30,23871.0,23918.9,23870.0,23911.7,47905.0,17449055.0
2026-07-08 15:01:00+05:30,23911.7,23915.1,23879.1,23884.3,25610.0,17456790.0
2026-07-08 15:02:00+05:30,23888.0,23920.0,23884.3,23910.0,17940.0,17466410.0
2026-07-08 15:03:00+05:30,23910.0,23926.8,23903.8,23907.8,32370.0,17471155.0
2026-07-08 15:04:00+05:30,23913.3,23918.7,23895.0,23895.0,32110.0,17487210.0
2026-07-08 15:05:00+05:30,23895.0,23907.4,23891.0,23896.2,24570.0,17500340.0
2026-07-08 15:06:00+05:30,23895.5,23900.0,23885.0,23885.4,20865.0,17507815.0
2026-07-08 15:07:00+05:30,23887.2,23897.4,23885.0,23886.6,14625.0,17514575.0
2026-07-08 15:08:00+05:30,23889.4,23904.5,23886.6,23900.4,31135.0,17529785.0
2026-07-08 15:09:00+05:30,23903.4,23908.0,23900.4,23904.4,22490.0,17544410.0
2026-07-08 15:10:00+05:30,23904.4,23910.1,23901.0,23903.0,27755.0,17556370.0
2026-07-08 15:11:00+05:30,23903.0,23917.0,23898.1,23910.0,24895.0,17564235.0
2026-07-08 15:12:00+05:30,23911.8,23919.9,23910.0,23916.8,26715.0,17570800.0
2026-07-08 15:13:00+05:30,23912.5,23916.8,23905.5,23906.0,23660.0,17579965.0
2026-07-08 15:14:00+05:30,23905.9,23919.0,23905.9,23918.2,16640.0,17586205.0
2026-07-08 15:15:00+05:30,23917.6,23935.0,23915.0,23932.9,41860.0,17592315.0
2026-07-08 15:16:00+05:30,23932.0,23933.3,23920.0,23923.8,23400.0,17590755.0
2026-07-08 15:17:00+05:30,23923.8,23930.0,23918.0,23925.2,29120.0,17597385.0
2026-07-08 15:18:00+05:30,23930.0,23943.0,23926.0,23941.1,22620.0,17597255.0
2026-07-08 15:19:00+05:30,23942.9,23942.9,23929.0,23935.1,18655.0,17598555.0
2026-07-08 15:20:00+05:30,23930.0,23940.0,23926.4,23940.0,34580.0,17602975.0
2026-07-08 15:21:00+05:30,23939.2,23944.0,23932.0,23937.1,35620.0,17610385.0
2026-07-08 15:22:00+05:30,23937.5,23939.9,23927.0,23930.2,26650.0,17611685.0
2026-07-08 15:23:00+05:30,23933.1,23936.0,23926.4,23926.5,24960.0,17625595.0
2026-07-08 15:24:00+05:30,23928.4,23928.4,23919.4,23922.1,25350.0,17635670.0
2026-07-08 15:25:00+05:30,23922.1,23922.7,23905.0,23906.7,32110.0,17637425.0
2026-07-08 15:26:00+05:30,23909.0,23909.8,23905.0,23905.6,14040.0,17637490.0
2026-07-08 15:27:00+05:30,23906.6,23909.0,23902.1,23906.2,66560.0,17651660.0
2026-07-08 15:28:00+05:30,23907.3,23908.0,23900.1,23903.5,60515.0,17676100.0
2026-07-08 15:29:00+05:30,23903.5,23903.5,23891.3,23892.7,73320.0,17710030.0
2026-07-09 09:15:00+05:30,23965.1,23999.0,23965.1,23989.9,87750.0,17177875.0
2026-07-09 09:16:00+05:30,23989.9,24009.9,23980.9,24004.0,59930.0,17178915.0
2026-07-09 09:17:00+05:30,24004.0,24021.1,23995.2,24019.3,182000.0,17130100.0
2026-07-09 09:18:00+05:30,24022.0,24040.0,24020.2,24025.0,99125.0,17138030.0
2026-07-09 09:19:00+05:30,24025.0,24030.0,24019.3,24022.8,50375.0,17158180.0
2026-07-09 09:20:00+05:30,24023.4,24044.0,24021.9,24030.5,33605.0,17154670.0
2026-07-09 09:21:00+05:30,24035.2,24045.0,24025.3,24025.6,18395.0,17160130.0
2026-07-09 09:22:00+05:30,24030.0,24032.0,24014.9,24025.4,29770.0,17161300.0
2026-07-09 09:23:00+05:30,24020.1,24043.2,24020.1,24042.0,30550.0,17149665.0
2026-07-09 09:24:00+05:30,24039.5,24060.0,24035.7,24060.0,54470.0,17119180.0
2026-07-09 09:25:00+05:30,24059.8,24061.0,24045.1,24046.3,25480.0,17120415.0
2026-07-09 09:26:00+05:30,24055.0,24055.0,24048.7,24052.0,10985.0,17120415.0
2026-07-09 09:27:00+05:30,24052.0,24053.0,24041.0,24044.0,10725.0,17104035.0
2026-07-09 09:28:00+05:30,24044.0,24071.0,24044.0,24071.0,46345.0,17100395.0
2026-07-09 09:29:00+05:30,24070.0,24075.3,24070.0,24070.5,55250.0,17072770.0
2026-07-09 09:30:00+05:30,24070.0,24075.0,24060.0,24075.0,59540.0,17082195.0
2026-07-09 09:31:00+05:30,24075.0,24080.4,24063.0,24063.0,39065.0,17070885.0
2026-07-09 09:32:00+05:30,24066.9,24067.0,24043.4,24048.9,19630.0,17075955.0
2026-07-09 09:33:00+05:30,24049.4,24061.8,24042.9,24061.0,23530.0,17076735.0
2026-07-09 09:34:00+05:30,24061.8,24084.1,24053.5,24076.5,31720.0,17068545.0
2026-07-09 09:35:00+05:30,24078.0,24085.0,24070.0,24070.1,12155.0,17059055.0
2026-07-09 09:36:00+05:30,24071.7,24075.1,24054.5,24075.1,20800.0,17059055.0
2026-07-09 09:37:00+05:30,24074.0,24075.0,24055.0,24060.0,35100.0,17052165.0
2026-07-09 09:38:00+05:30,24060.9,24065.0,24049.0,24058.0,30615.0,17039750.0
2026-07-09 09:39:00+05:30,24060.0,24084.9,24058.7,24079.1,26975.0,17021355.0
2026-07-09 09:40:00+05:30,24084.8,24098.0,24075.5,24095.9,57720.0,17013880.0
2026-07-09 09:41:00+05:30,24095.0,24096.9,24070.0,24070.5,13845.0,17004325.0
2026-07-09 09:42:00+05:30,24071.0,24080.0,24061.3,24069.7,8710.0,17010630.0
2026-07-09 09:43:00+05:30,24069.7,24079.0,24065.1,24075.0,11180.0,16997955.0
2026-07-09 09:44:00+05:30,24077.0,24085.0,24070.0,24080.0,11765.0,16992495.0
2026-07-09 09:45:00+05:30,24084.8,24085.0,24070.0,24072.0,8320.0,16991195.0
2026-07-09 09:46:00+05:30,24072.0,24093.9,24069.8,24093.9,15015.0,16991260.0
2026-07-09 09:47:00+05:30,24091.9,24098.0,24080.9,24095.0,18070.0,16987295.0
2026-07-09 09:48:00+05:30,24095.0,24108.0,24080.0,24080.0,45240.0,16984890.0
2026-07-09 09:49:00+05:30,24089.9,24091.5,24071.1,24073.2,10855.0,16952000.0
2026-07-09 09:50:00+05:30,24073.4,24084.8,24070.2,24080.0,9035.0,16952780.0
2026-07-09 09:51:00+05:30,24083.0,24089.9,24070.3,24089.6,19435.0,16954015.0
2026-07-09 09:52:00+05:30,24089.6,24090.0,24070.1,24083.6,4875.0,16948945.0
2026-07-09 09:53:00+05:30,24074.9,24086.4,24068.7,24070.0,13845.0,16944655.0
2026-07-09 09:54:00+05:30,24069.2,24084.7,24069.2,24084.0,4355.0,16949920.0
2026-07-09 09:55:00+05:30,24073.9,24085.0,24073.8,24084.0,6175.0,16950245.0
2026-07-09 09:56:00+05:30,24082.0,24090.0,24076.0,24076.0,11310.0,16950115.0
2026-07-09 09:57:00+05:30,24076.0,24080.8,24065.0,24065.0,11895.0,16947450.0
2026-07-09 09:58:00+05:30,24067.0,24074.0,24059.0,24065.0,21970.0,16943810.0
2026-07-09 09:59:00+05:30,24065.0,24075.0,24062.8,24065.5,10855.0,16941470.0
2026-07-09 10:00:00+05:30,24075.0,24092.0,24066.5,24090.0,13065.0,16940950.0
2026-07-09 10:01:00+05:30,24090.0,24105.0,24088.7,24104.0,18005.0,16940300.0
2026-07-09 10:02:00+05:30,24104.0,24107.0,24091.5,24100.0,7085.0,16931525.0
2026-07-09 10:03:00+05:30,24093.0,24100.0,24091.1,24095.1,4290.0,16930160.0
2026-07-09 10:04:00+05:30,24093.0,24097.9,24082.0,24082.9,4290.0,16929315.0
2026-07-09 10:05:00+05:30,24085.0,24089.9,24080.9,24082.0,5590.0,16928860.0
2026-07-09 10:06:00+05:30,24084.9,24090.0,24078.4,24088.9,16510.0,16927690.0
2026-07-09 10:07:00+05:30,24088.9,24093.0,24080.5,24089.0,3315.0,16924635.0
2026-07-09 10:08:00+05:30,24094.0,24100.0,24092.1,24092.9,4420.0,16924765.0
2026-07-09 10:09:00+05:30,24092.8,24103.5,24091.1,24102.0,8125.0,16923205.0
2026-07-09 10:10:00+05:30,24103.5,24105.5,24090.3,24090.4,6500.0,16923205.0
2026-07-09 10:11:00+05:30,24090.4,24099.0,24083.5,24088.2,4095.0,16922035.0
2026-07-09 10:12:00+05:30,24097.9,24097.9,24085.0,24085.1,5720.0,16921775.0
2026-07-09 10:13:00+05:30,24090.0,24092.9,24081.8,24081.8,3120.0,16921060.0
2026-07-09 10:14:00+05:30,24081.2,24088.0,24078.0,24078.0,2925.0,16921450.0
2026-07-09 10:15:00+05:30,24078.3,24090.0,24077.2,24084.3,5070.0,16918850.0
2026-07-09 10:16:00+05:30,24084.3,24090.0,24078.4,24083.3,3380.0,16918265.0
2026-07-09 10:17:00+05:30,24083.3,24085.0,24078.0,24078.1,2210.0,16918460.0
2026-07-09 10:18:00+05:30,24078.1,24088.6,24077.0,24077.0,2080.0,16918655.0
2026-07-09 10:19:00+05:30,24078.0,24078.0,24072.5,24072.5,5655.0,16917160.0
2026-07-09 10:20:00+05:30,24072.5,24080.0,24070.0,24080.0,8515.0,16917225.0
2026-07-09 10:21:00+05:30,24073.2,24088.0,24073.2,24076.4,2080.0,16918265.0
2026-07-09 10:22:00+05:30,24080.0,24082.0,24074.0,24074.0,4095.0,16918135.0
2026-07-09 10:23:00+05:30,24080.0,24086.0,24080.0,24085.0,2860.0,16915860.0
2026-07-09 10:24:00+05:30,24085.1,24086.2,24070.1,24086.0,4225.0,16915405.0
2026-07-09 10:25:00+05:30,24088.0,24088.5,24085.0,24085.0,2405.0,16913650.0
2026-07-09 10:26:00+05:30,24080.1,24085.0,24076.5,24080.0,2210.0,16912350.0
2026-07-09 10:27:00+05:30,24080.0,24085.0,24072.4,24076.6,2145.0,16912350.0
2026-07-09 10:28:00+05:30,24080.0,24080.0,24065.0,24065.0,10465.0,16912610.0
2026-07-09 10:29:00+05:30,24066.0,24075.0,24065.0,24066.3,6175.0,16917485.0
2026-07-09 10:30:00+05:30,24066.3,24077.2,24066.3,24077.0,1755.0,16917095.0
2026-07-09 10:31:00+05:30,24073.4,24080.0,24068.6,24070.0,2925.0,16917225.0
2026-07-09 10:32:00+05:30,24069.1,24080.0,24068.0,24068.0,3055.0,16916510.0
2026-07-09 10:33:00+05:30,24069.0,24075.0,24062.6,24064.6,6890.0,16917875.0
2026-07-09 10:34:00+05:30,24063.0,24073.0,24063.0,24068.2,4355.0,16917680.0
2026-07-09 10:35:00+05:30,24068.2,24074.0,24055.0,24055.0,11570.0,16916900.0
2026-07-09 10:36:00+05:30,24055.0,24065.0,24045.0,24045.6,10010.0,16920085.0
2026-07-09 10:37:00+05:30,24045.0,24055.1,24031.3,24046.0,21775.0,16919825.0
2026-07-09 10:38:00+05:30,24046.0,24055.5,24038.4,24050.0,7540.0,16913910.0
2026-07-09 10:39:00+05:30,24051.0,24075.0,24045.3,24065.4,12285.0,16915015.0
2026-07-09 10:40:00+05:30,24074.9,24075.0,24062.9,24070.0,5135.0,16911635.0
2026-07-09 10:41:00+05:30,24069.0,24150.0,24067.9,24150.0,111800.0,16880240.0
2026-07-09 10:42:00+05:30,24150.0,24180.9,24148.8,24161.2,95875.0,16880240.0
2026-07-09 10:43:00+05:30,24161.2,24164.0,24121.0,24129.9,27885.0,16885115.0
2026-07-09 10:44:00+05:30,24126.0,24128.5,24105.7,24120.0,16705.0,16887975.0
2026-07-09 10:45:00+05:30,24123.4,24128.9,24102.1,24115.0,32240.0,16891940.0
2026-07-09 10:46:00+05:30,24115.0,24115.0,24076.0,24076.0,27365.0,16911050.0
2026-07-09 10:47:00+05:30,24077.8,24090.0,24068.0,24090.0,16640.0,16925025.0
2026-07-09 10:48:00+05:30,24090.0,24094.4,24066.1,24084.5,22750.0,16935295.0
2026-07-09 10:49:00+05:30,24084.0,24084.0,24045.0,24056.9,45565.0,16950050.0
2026-07-09 10:50:00+05:30,24055.5,24066.5,24052.9,24066.5,8840.0,16959800.0
2026-07-09 10:51:00+05:30,24060.5,24072.0,24058.0,24071.1,9945.0,16961035.0
2026-07-09 10:52:00+05:30,24069.7,24069.7,24045.0,24045.5,16835.0,16965585.0
2026-07-09 10:53:00+05:30,24046.8,24060.0,24043.8,24060.0,6695.0,16969745.0
2026-07-09 10:54:00+05:30,24060.0,24075.0,24053.0,24074.1,9815.0,16969290.0
2026-07-09 10:55:00+05:30,24070.0,24075.0,24058.0,24058.0,5785.0,16968900.0
2026-07-09 10:56:00+05:30,24058.0,24058.0,24050.0,24052.0,5525.0,16970655.0
2026-07-09 10:57:00+05:30,24052.1,24058.0,24050.0,24054.9,7800.0,16969875.0
2026-07-09 10:58:00+05:30,24054.9,24072.7,24054.9,24060.0,5135.0,16966495.0
2026-07-09 10:59:00+05:30,24058.0,24062.1,24051.0,24051.0,3705.0,16965585.0
2026-07-09 11:00:00+05:30,24057.4,24057.8,24036.0,24036.0,20995.0,16966560.0
2026-07-09 11:01:00+05:30,24036.0,24040.0,24028.0,24030.0,10465.0,16975400.0
2026-07-09 11:02:00+05:30,24032.0,24038.0,24025.6,24038.0,8905.0,16973255.0
2026-07-09 11:03:00+05:30,24034.4,24053.0,24034.4,24046.2,5720.0,16973125.0
2026-07-09 11:04:00+05:30,24050.0,24060.8,24047.3,24051.5,7540.0,16972670.0
2026-07-09 11:05:00+05:30,24054.0,24058.0,24050.8,24058.0,2405.0,16970850.0
2026-07-09 11:06:00+05:30,24058.0,24058.0,24047.1,24047.1,2990.0,16971565.0
2026-07-09 11:07:00+05:30,24046.1,24050.0,24040.4,24045.0,3770.0,16972150.0
2026-07-09 11:08:00+05:30,24052.5,24055.0,24045.0,24050.3,1820.0,16974425.0
2026-07-09 11:09:00+05:30,24050.0,24055.0,24045.0,24054.3,3120.0,16975335.0
2026-07-09 11:10:00+05:30,24054.3,24055.0,24045.0,24055.0,2275.0,16976115.0
2026-07-09 11:11:00+05:30,24050.0,24054.9,24048.0,24052.0,520.0,16976830.0
2026-07-09 11:12:00+05:30,24052.0,24054.0,24045.0,24045.0,1235.0,16977220.0
2026-07-09 11:13:00+05:30,24045.4,24054.0,24045.0,24054.0,1300.0,16977610.0
2026-07-09 11:14:00+05:30,24054.0,24055.2,24048.8,24050.0,2860.0,16977740.0
2026-07-09 11:15:00+05:30,24055.0,24067.6,24054.0,24065.3,4095.0,16976635.0
2026-07-09 11:16:00+05:30,24065.7,24066.7,24054.6,24054.6,1820.0,16976895.0
2026-07-09 11:17:00+05:30,24056.0,24060.0,24054.0,24054.0,1170.0,16976505.0
2026-07-09 11:18:00+05:30,24060.0,24060.0,24052.5,24059.0,2340.0,16976895.0
2026-07-09 11:19:00+05:30,24059.0,24074.7,24054.0,24074.7,2600.0,16977480.0
2026-07-09 11:20:00+05:30,24075.0,24076.4,24060.0,24068.0,11570.0,16977155.0
2026-07-09 11:21:00+05:30,24069.0,24080.0,24065.0,24073.6,5720.0,16978455.0
2026-07-09 11:22:00+05:30,24074.6,24080.0,24070.0,24075.8,1495.0,16977480.0
2026-07-09 11:23:00+05:30,24074.0,24080.0,24068.5,24079.8,2210.0,16978260.0
2026-07-09 11:24:00+05:30,24077.5,24089.0,24075.5,24083.0,3965.0,16978130.0
2026-07-09 11:25:00+05:30,24085.4,24095.0,24076.6,24095.0,5135.0,16977610.0
2026-07-09 11:26:00+05:30,24095.0,24120.0,24091.0,24117.0,17420.0,16973905.0
2026-07-09 11:27:00+05:30,24117.0,24130.0,24115.0,24125.0,12870.0,16969550.0
2026-07-09 11:28:00+05:30,24125.0,24139.0,24125.0,24139.0,18460.0,16959410.0
2026-07-09 11:29:00+05:30,24135.5,24142.3,24130.0,24130.0,15405.0,16951480.0
2026-07-09 11:30:00+05:30,24127.8,24134.2,24127.4,24129.2,7800.0,16946930.0
2026-07-09 11:31:00+05:30,24130.0,24132.4,24102.1,24109.2,10270.0,16942380.0
2026-07-09 11:32:00+05:30,24108.2,24124.0,24105.0,24118.0,4160.0,16942185.0
2026-07-09 11:33:00+05:30,24118.0,24118.0,24110.0,24115.0,2145.0,16941340.0
2026-07-09 11:34:00+05:30,24115.0,24118.0,24105.0,24112.0,7605.0,16938480.0
2026-07-09 11:35:00+05:30,24106.8,24115.9,24103.0,24110.3,7150.0,16932565.0
2026-07-09 11:36:00+05:30,24103.5,24107.1,24100.0,24104.0,3965.0,16932695.0
2026-07-09 11:37:00+05:30,24100.0,24106.5,24098.0,24098.0,2210.0,16933215.0
2026-07-09 11:38:00+05:30,24097.0,24107.0,24095.0,24106.0,2730.0,16934645.0
2026-07-09 11:39:00+05:30,24100.0,24107.0,24095.0,24104.1,2795.0,16934775.0
2026-07-09 11:40:00+05:30,24103.4,24105.0,24095.0,24100.5,1430.0,16934970.0
2026-07-09 11:41:00+05:30,24095.0,24102.0,24093.0,24095.1,1365.0,16934840.0
2026-07-09 11:42:00+05:30,24099.0,24105.9,24095.1,24100.0,2795.0,16935750.0
2026-07-09 11:43:00+05:30,24100.0,24107.0,24095.0,24100.0,2860.0,16935750.0
2026-07-09 11:44:00+05:30,24100.0,24111.5,24095.0,24111.5,2275.0,16935815.0
2026-07-09 11:45:00+05:30,24104.1,24109.0,24100.0,24107.4,2275.0,16935945.0
2026-07-09 11:46:00+05:30,24107.1,24107.1,24095.0,24095.0,2210.0,16935685.0
2026-07-09 11:47:00+05:30,24095.0,24102.1,24085.0,24089.0,8515.0,16935555.0
2026-07-09 11:48:00+05:30,24100.0,24102.1,24089.8,24101.6,5200.0,16935555.0
2026-07-09 11:49:00+05:30,24098.3,24102.8,24090.1,24094.5,1625.0,16936725.0
2026-07-09 11:50:00+05:30,24094.5,24100.0,24090.0,24100.0,2730.0,16937245.0
2026-07-09 11:51:00+05:30,24099.0,24103.0,24089.0,24099.7,15860.0,16937440.0
2026-07-09 11:52:00+05:30,24099.7,24101.7,24088.9,24099.0,7085.0,16933020.0
2026-07-09 11:53:00+05:30,24088.2,24100.0,24086.5,24088.4,3770.0,16935035.0
2026-07-09 11:54:00+05:30,24099.0,24100.0,24088.4,24095.0,1235.0,16935490.0
2026-07-09 11:55:00+05:30,24095.0,24100.0,24091.0,24100.0,1625.0,16936465.0
2026-07-09 11:56:00+05:30,24100.0,24108.0,24092.0,24096.0,2015.0,16934775.0
2026-07-09 11:57:00+05:30,24099.0,24107.8,24096.1,24105.0,2145.0,16935295.0
2026-07-09 11:58:00+05:30,24106.9,24106.9,24089.4,24095.0,7345.0,16936985.0
2026-07-09 11:59:00+05:30,24096.2,24100.0,24096.2,24100.0,975.0,16936270.0
2026-07-09 12:00:00+05:30,24100.0,24105.0,24095.3,24099.5,1495.0,16936465.0
2026-07-09 12:01:00+05:30,24100.0,24100.2,24098.0,24099.0,1690.0,16936270.0
2026-07-09 12:02:00+05:30,24098.0,24108.8,24098.0,24107.0,2470.0,16936530.0
2026-07-09 12:03:00+05:30,24108.0,24120.0,24108.0,24120.0,10790.0,16936010.0
2026-07-09 12:04:00+05:30,24116.0,24120.0,24103.3,24117.0,2470.0,16934580.0
2026-07-09 12:05:00+05:30,24117.0,24124.0,24117.0,24117.0,2080.0,16935490.0
2026-07-09 12:06:00+05:30,24118.5,24124.0,24112.0,24112.0,1495.0,16935425.0
2026-07-09 12:07:00+05:30,24112.0,24112.0,24111.0,24112.0,520.0,16935425.0
2026-07-09 12:08:00+05:30,24117.9,24117.9,24109.0,24109.0,2015.0,16933475.0
2026-07-09 12:09:00+05:30,24115.0,24118.5,24110.0,24110.0,1430.0,16933475.0
2026-07-09 12:10:00+05:30,24110.2,24119.9,24108.9,24119.9,3055.0,16933345.0
2026-07-09 12:11:00+05:30,24113.5,24113.5,24105.0,24105.0,845.0,16933215.0
2026-07-09 12:12:00+05:30,24111.3,24112.5,24102.5,24112.0,1495.0,16933540.0
2026-07-09 12:13:00+05:30,24113.1,24118.0,24106.7,24108.0,650.0,16933865.0
2026-07-09 12:14:00+05:30,24110.0,24119.9,24103.1,24110.0,8125.0,16928990.0
2026-07-09 12:15:00+05:30,24111.0,24111.0,24108.2,24108.2,1170.0,16929185.0
2026-07-09 12:16:00+05:30,24113.0,24119.6,24108.3,24115.0,1625.0,16929380.0
2026-07-09 12:17:00+05:30,24115.0,24116.5,24110.0,24112.0,1495.0,16928535.0
2026-07-09 12:18:00+05:30,24112.0,24112.0,24103.0,24105.2,1365.0,16926650.0
2026-07-09 12:19:00+05:30,24102.6,24109.8,24102.6,24108.0,1105.0,16927105.0
2026-07-09 12:20:00+05:30,24103.0,24108.0,24101.0,24108.0,1495.0,16927365.0
2026-07-09 12:21:00+05:30,24108.0,24108.0,24101.0,24106.5,455.0,16927690.0
2026-07-09 12:22:00+05:30,24106.8,24110.0,24106.8,24110.0,3640.0,16926715.0
2026-07-09 12:23:00+05:30,24109.0,24113.0,24109.0,24112.0,1040.0,16926650.0
2026-07-09 12:24:00+05:30,24112.0,24117.9,24111.7,24117.9,4355.0,16925155.0
2026-07-09 12:25:00+05:30,24116.4,24117.9,24106.7,24117.9,2080.0,16924635.0
2026-07-09 12:26:00+05:30,24117.9,24120.0,24107.7,24119.1,2340.0,16924310.0
2026-07-09 12:27:00+05:30,24119.8,24124.0,24107.1,24117.0,4550.0,16922230.0
2026-07-09 12:28:00+05:30,24117.0,24117.4,24106.2,24116.0,13780.0,16917940.0
2026-07-09 12:29:00+05:30,24115.3,24115.3,24103.0,24112.5,4810.0,16918395.0
2026-07-09 12:30:00+05:30,24112.5,24112.5,24104.1,24105.4,1885.0,16918785.0
2026-07-09 12:31:00+05:30,24108.0,24112.0,24104.0,24111.8,1690.0,16919305.0
2026-07-09 12:32:00+05:30,24111.8,24116.0,24111.8,24111.8,3250.0,16918590.0
2026-07-09 12:33:00+05:30,24112.0,24113.9,24104.9,24107.9,2405.0,16918785.0
2026-07-09 12:34:00+05:30,24106.2,24108.4,24091.1,24094.4,7605.0,16915990.0
2026-07-09 12:35:00+05:30,24091.1,24098.0,24084.3,24097.0,2405.0,16915535.0
2026-07-09 12:36:00+05:30,24085.0,24097.0,24083.6,24084.5,3445.0,16915015.0
2026-07-09 12:37:00+05:30,24083.5,24092.0,24080.1,24085.0,5330.0,16914495.0
2026-07-09 12:38:00+05:30,24088.8,24092.0,24080.0,24080.3,2080.0,16914625.0
2026-07-09 12:39:00+05:30,24081.4,24088.0,24080.0,24080.0,1625.0,16914625.0
2026-07-09 12:40:00+05:30,24080.0,24084.0,24065.2,24080.0,9295.0,16917095.0
2026-07-09 12:41:00+05:30,24078.3,24079.0,24062.0,24071.3,3445.0,16915470.0
2026-07-09 12:42:00+05:30,24063.0,24079.9,24057.4,24066.0,12350.0,16913585.0
2026-07-09 12:43:00+05:30,24076.2,24076.2,24061.0,24061.0,2405.0,16913585.0
2026-07-09 12:44:00+05:30,24068.8,24068.8,24057.0,24059.8,2925.0,16912935.0
2026-07-09 12:45:00+05:30,24064.0,24070.2,24057.7,24069.9,2795.0,16912480.0
2026-07-09 12:46:00+05:30,24061.8,24074.8,24061.8,24069.0,1690.0,16912220.0
2026-07-09 12:47:00+05:30,24069.0,24075.0,24065.0,24075.0,5525.0,16912220.0
2026-07-09 12:48:00+05:30,24075.0,24078.1,24070.0,24072.5,2600.0,16912740.0
2026-07-09 12:49:00+05:30,24070.2,24078.1,24066.1,24075.0,1690.0,16912025.0
2026-07-09 12:50:00+05:30,24078.7,24078.8,24068.0,24070.0,2340.0,16912025.0
2026-07-09 12:51:00+05:30,24077.0,24077.0,24068.9,24068.9,715.0,16912545.0
2026-07-09 12:52:00+05:30,24068.9,24078.0,24065.3,24066.7,1430.0,16913260.0
2026-07-09 12:53:00+05:30,24068.2,24083.0,24068.2,24083.0,1950.0,16913780.0
2026-07-09 12:54:00+05:30,24083.0,24098.0,24083.0,24098.0,3055.0,16913975.0
2026-07-09 12:55:00+05:30,24098.0,24099.5,24091.0,24093.5,1560.0,16913975.0
2026-07-09 12:56:00+05:30,24095.0,24100.0,24080.3,24080.5,8710.0,16913455.0
2026-07-09 12:57:00+05:30,24089.0,24093.7,24085.1,24086.0,715.0,16911635.0
2026-07-09 12:58:00+05:30,24089.5,24093.0,24085.0,24085.0,455.0,16911635.0
2026-07-09 12:59:00+05:30,24085.0,24091.4,24081.0,24086.7,1105.0,16911895.0
2026-07-09 13:00:00+05:30,24081.1,24081.1,24070.0,24070.0,2665.0,16912350.0
2026-07-09 13:01:00+05:30,24074.0,24075.0,24070.2,24075.0,1105.0,16911050.0
2026-07-09 13:02:00+05:30,24077.0,24093.0,24077.0,24080.9,2730.0,16911115.0
2026-07-09 13:03:00+05:30,24087.8,24090.0,24087.8,24088.4,390.0,16910595.0
2026-07-09 13:04:00+05:30,24089.0,24090.0,24080.8,24080.8,1625.0,16910660.0
2026-07-09 13:05:00+05:30,24090.0,24097.4,24089.8,24089.8,1170.0,16910270.0
2026-07-09 13:06:00+05:30,24090.0,24090.0,24073.2,24073.2,2080.0,16909945.0
2026-07-09 13:07:00+05:30,24075.7,24075.7,24070.0,24075.0,2925.0,16910140.0
2026-07-09 13:08:00+05:30,24084.3,24088.7,24075.0,24088.7,845.0,16909490.0
2026-07-09 13:09:00+05:30,24085.0,24088.0,24076.1,24079.9,975.0,16909750.0
2026-07-09 13:10:00+05:30,24089.7,24092.0,24086.1,24087.7,975.0,16910270.0
2026-07-09 13:11:00+05:30,24093.0,24095.0,24090.1,24090.2,1235.0,16910465.0
2026-07-09 13:12:00+05:30,24094.0,24094.0,24090.2,24092.4,1950.0,16910335.0
2026-07-09 13:13:00+05:30,24090.2,24090.2,24080.0,24090.0,910.0,16910270.0
2026-07-09 13:14:00+05:30,24092.0,24095.0,24090.0,24095.0,780.0,16910595.0
2026-07-09 13:15:00+05:30,24095.0,24099.7,24090.0,24096.0,3510.0,16910725.0
2026-07-09 13:16:00+05:30,24099.0,24102.0,24089.8,24102.0,2080.0,16909035.0
2026-07-09 13:17:00+05:30,24100.4,24105.7,24100.4,24103.0,5135.0,16909165.0
2026-07-09 13:18:00+05:30,24101.9,24103.3,24098.0,24101.7,1820.0,16909100.0
2026-07-09 13:19:00+05:30,24100.8,24101.5,24092.0,24100.5,2730.0,16908970.0
2026-07-09 13:20:00+05:30,24101.0,24101.7,24093.7,24100.9,2340.0,16907670.0
2026-07-09 13:21:00+05:30,24095.4,24102.1,24095.4,24102.1,1365.0,16907605.0
2026-07-09 13:22:00+05:30,24102.9,24103.0,24098.5,24102.0,390.0,16907995.0
2026-07-09 13:23:00+05:30,24099.4,24099.4,24080.0,24080.0,2470.0,16908060.0
2026-07-09 13:24:00+05:30,24080.0,24089.6,24080.0,24088.0,455.0,16905980.0
2026-07-09 13:25:00+05:30,24080.0,24081.8,24075.0,24081.0,2730.0,16905980.0
2026-07-09 13:26:00+05:30,24077.9,24086.3,24077.9,24086.3,780.0,16905460.0
2026-07-09 13:27:00+05:30,24088.2,24091.0,24075.7,24090.0,2600.0,16902405.0
2026-07-09 13:28:00+05:30,24085.5,24089.9,24075.0,24083.8,2080.0,16902730.0
2026-07-09 13:29:00+05:30,24075.0,24084.9,24075.0,24076.0,1365.0,16902470.0
2026-07-09 13:30:00+05:30,24077.0,24085.0,24077.0,24085.0,520.0,16902665.0
2026-07-09 13:31:00+05:30,24085.0,24088.5,24082.5,24088.5,1040.0,16902860.0
2026-07-09 13:32:00+05:30,24088.8,24105.0,24088.5,24105.0,2665.0,16903250.0
2026-07-09 13:33:00+05:30,24097.2,24109.0,24097.2,24106.0,2925.0,16900455.0
2026-07-09 13:34:00+05:30,24106.0,24112.3,24106.0,24109.8,4420.0,16899155.0
2026-07-09 13:35:00+05:30,24109.8,24114.0,24100.0,24114.0,3705.0,16898440.0
2026-07-09 13:36:00+05:30,24114.6,24122.8,24108.0,24108.0,3835.0,16898440.0
2026-07-09 13:37:00+05:30,24110.5,24115.2,24104.0,24113.0,2145.0,16898765.0
2026-07-09 13:38:00+05:30,24113.0,24125.0,24110.0,24116.4,5525.0,16897595.0
2026-07-09 13:39:00+05:30,24124.9,24128.0,24115.0,24120.1,6500.0,16897010.0
2026-07-09 13:40:00+05:30,24120.0,24120.1,24111.0,24112.8,3120.0,16894020.0
2026-07-09 13:41:00+05:30,24112.6,24112.8,24110.0,24110.0,1625.0,16892850.0
2026-07-09 13:42:00+05:30,24112.0,24116.7,24110.1,24115.0,1885.0,16893630.0
2026-07-09 13:43:00+05:30,24111.0,24115.0,24110.1,24113.1,1040.0,16891030.0
2026-07-09 13:44:00+05:30,24110.0,24112.9,24106.0,24112.9,780.0,16891680.0
2026-07-09 13:45:00+05:30,24110.0,24115.0,24105.2,24114.0,3055.0,16892005.0
2026-07-09 13:46:00+05:30,24108.1,24110.0,24102.6,24110.0,1040.0,16893500.0
2026-07-09 13:47:00+05:30,24108.0,24114.0,24108.0,24114.0,1560.0,16893890.0
2026-07-09 13:48:00+05:30,24110.1,24110.8,24105.0,24105.0,1365.0,16893955.0
2026-07-09 13:49:00+05:30,24100.1,24109.9,24097.0,24109.0,2665.0,16893240.0
2026-07-09 13:50:00+05:30,24101.2,24101.4,24090.1,24095.0,3575.0,16891160.0
2026-07-09 13:51:00+05:30,24095.1,24098.0,24090.1,24093.0,1625.0,16891290.0
2026-07-09 13:52:00+05:30,24098.0,24098.0,24095.3,24098.0,780.0,16891420.0
2026-07-09 13:53:00+05:30,24098.0,24100.0,24098.0,24098.0,910.0,16891615.0
2026-07-09 13:54:00+05:30,24100.0,24100.0,24091.5,24091.6,1300.0,16892070.0
2026-07-09 13:55:00+05:30,24098.2,24100.0,24091.5,24092.0,845.0,16892265.0
2026-07-09 13:56:00+05:30,24091.7,24093.0,24087.0,24089.8,2015.0,16892395.0
2026-07-09 13:57:00+05:30,24088.1,24094.9,24087.0,24087.0,1105.0,16892785.0
2026-07-09 13:58:00+05:30,24087.1,24098.0,24087.1,24098.0,1300.0,16893500.0
2026-07-09 13:59:00+05:30,24095.1,24098.9,24094.3,24094.3,2990.0,16893045.0
2026-07-09 14:00:00+05:30,24092.8,24095.0,24092.0,24095.0,1170.0,16894280.0
2026-07-09 14:01:00+05:30,24093.5,24095.0,24082.1,24082.1,2535.0,16894475.0
2026-07-09 14:02:00+05:30,24082.1,24093.8,24082.1,24093.7,4485.0,16895060.0
2026-07-09 14:03:00+05:30,24094.4,24096.2,24085.0,24091.9,3055.0,16897010.0
2026-07-09 14:04:00+05:30,24092.4,24092.4,24075.0,24075.5,6695.0,16895905.0
2026-07-09 14:05:00+05:30,24083.7,24089.1,24077.0,24079.0,715.0,16893890.0
2026-07-09 14:06:00+05:30,24078.1,24087.0,24078.0,24078.1,1820.0,16893890.0
2026-07-09 14:07:00+05:30,24087.6,24087.6,24075.0,24085.9,3185.0,16895580.0
2026-07-09 14:08:00+05:30,24085.9,24086.9,24076.1,24076.1,845.0,16892980.0
2026-07-09 14:09:00+05:30,24086.8,24086.8,24080.0,24080.0,4550.0,16893175.0
2026-07-09 14:10:00+05:30,24080.0,24080.8,24065.0,24069.8,17485.0,16898180.0
2026-07-09 14:11:00+05:30,24069.3,24084.6,24066.0,24083.9,3510.0,16906305.0
2026-07-09 14:12:00+05:30,24078.1,24083.9,24072.0,24081.9,1170.0,16905590.0
2026-07-09 14:13:00+05:30,24080.0,24085.8,24078.1,24085.0,910.0,16905655.0
2026-07-09 14:14:00+05:30,24085.0,24093.0,24083.1,24089.1,6890.0,16905330.0
2026-07-09 14:15:00+05:30,24090.4,24098.4,24080.1,24080.1,4615.0,16906500.0
2026-07-09 14:16:00+05:30,24088.5,24090.0,24080.0,24084.0,6435.0,16907800.0
2026-07-09 14:17:00+05:30,24084.0,24084.0,24080.0,24080.0,1105.0,16908515.0
2026-07-09 14:18:00+05:30,24082.8,24082.8,24075.0,24080.0,3055.0,16909685.0
2026-07-09 14:19:00+05:30,24083.8,24083.8,24075.6,24082.9,390.0,16909880.0
2026-07-09 14:20:00+05:30,24082.0,24082.5,24080.0,24081.0,1040.0,16909880.0
2026-07-09 14:21:00+05:30,24081.5,24082.4,24070.0,24070.0,3770.0,16909685.0
2026-07-09 14:22:00+05:30,24072.4,24078.9,24068.1,24076.8,910.0,16911050.0
2026-07-09 14:23:00+05:30,24070.1,24085.0,24068.1,24082.7,1755.0,16910595.0
2026-07-09 14:24:00+05:30,24085.4,24094.7,24080.5,24094.7,1690.0,16910920.0
2026-07-09 14:25:00+05:30,24090.3,24099.0,24090.3,24095.5,10010.0,16910270.0
2026-07-09 14:26:00+05:30,24095.0,24095.3,24085.0,24092.6,2600.0,16911635.0
2026-07-09 14:27:00+05:30,24092.0,24092.0,24080.5,24080.5,2145.0,16911960.0
2026-07-09 14:28:00+05:30,24086.0,24087.0,24084.8,24084.8,910.0,16912415.0
2026-07-09 14:29:00+05:30,24086.4,24096.5,24086.4,24096.5,1300.0,16912415.0
2026-07-09 14:30:00+05:30,24096.5,24099.0,24085.4,24094.6,3185.0,16912480.0
2026-07-09 14:31:00+05:30,24090.1,24097.1,24090.0,24090.1,2405.0,16912415.0
2026-07-09 14:32:00+05:30,24090.1,24099.9,24089.9,24099.1,3965.0,16913260.0
2026-07-09 14:33:00+05:30,24100.0,24109.9,24099.1,24109.9,2925.0,16912740.0
2026-07-09 14:34:00+05:30,24110.0,24114.0,24101.2,24107.0,6890.0,16910530.0
2026-07-09 14:35:00+05:30,24109.0,24109.0,24101.1,24103.1,1300.0,16907215.0
2026-07-09 14:36:00+05:30,24103.0,24105.4,24097.1,24100.2,5655.0,16907280.0
2026-07-09 14:37:00+05:30,24100.2,24100.2,24085.1,24088.0,3055.0,16907670.0
2026-07-09 14:38:00+05:30,24088.0,24090.0,24085.0,24085.1,910.0,16907930.0
2026-07-09 14:39:00+05:30,24085.1,24089.4,24080.0,24080.0,1690.0,16907540.0
2026-07-09 14:40:00+05:30,24080.0,24083.9,24052.0,24052.0,17095.0,16908580.0
2026-07-09 14:41:00+05:30,24051.1,24080.0,24050.1,24073.8,7930.0,16907150.0
2026-07-09 14:42:00+05:30,24073.8,24078.2,24061.7,24070.1,1950.0,16907150.0
2026-07-09 14:43:00+05:30,24072.0,24072.3,24061.1,24064.6,6240.0,16907280.0
2026-07-09 14:44:00+05:30,24064.6,24067.0,24061.0,24065.0,1625.0,16907085.0
2026-07-09 14:45:00+05:30,24063.3,24067.0,24055.0,24055.0,6695.0,16907995.0
2026-07-09 14:46:00+05:30,24059.0,24063.2,24051.3,24059.0,3640.0,16909360.0
2026-07-09 14:47:00+05:30,24059.0,24062.4,24055.0,24061.8,1690.0,16908905.0
2026-07-09 14:48:00+05:30,24055.2,24065.0,24055.0,24065.0,1885.0,16909230.0
2026-07-09 14:49:00+05:30,24065.0,24067.0,24060.0,24060.0,4420.0,16909100.0
2026-07-09 14:50:00+05:30,24058.0,24065.0,24057.1,24057.1,2275.0,16909880.0
2026-07-09 14:51:00+05:30,24067.0,24075.0,24064.0,24072.9,3510.0,16910530.0
2026-07-09 14:52:00+05:30,24073.9,24075.4,24065.1,24075.2,1365.0,16909490.0
2026-07-09 14:53:00+05:30,24075.2,24075.2,24065.3,24068.0,2080.0,16909685.0
2026-07-09 14:54:00+05:30,24074.5,24075.7,24068.0,24073.9,1950.0,16910465.0
2026-07-09 14:55:00+05:30,24071.6,24075.0,24061.0,24061.0,4225.0,16910205.0
2026-07-09 14:56:00+05:30,24067.0,24070.9,24062.2,24070.4,1885.0,16909490.0
2026-07-09 14:57:00+05:30,24069.6,24071.6,24060.0,24060.0,2990.0,16908645.0
2026-07-09 14:58:00+05:30,24069.0,24075.0,24060.1,24069.0,3055.0,16910010.0
2026-07-09 14:59:00+05:30,24069.0,24075.0,24063.6,24069.1,4355.0,16910985.0
2026-07-09 15:00:00+05:30,24061.1,24066.0,24040.1,24040.8,37375.0,16916770.0
2026-07-09 15:01:00+05:30,24040.8,24054.9,24031.0,24039.0,26000.0,16924895.0
2026-07-09 15:02:00+05:30,24038.1,24046.0,24021.0,24021.0,21840.0,16924895.0
2026-07-09 15:03:00+05:30,24021.0,24028.3,24003.0,24018.0,39780.0,16919565.0
2026-07-09 15:04:00+05:30,24019.8,24020.0,24003.7,24008.0,12610.0,16919760.0
2026-07-09 15:05:00+05:30,24010.5,24013.1,23988.0,23993.1,53950.0,16921450.0
2026-07-09 15:06:00+05:30,23993.1,24000.0,23970.5,23970.5,36140.0,16923920.0
2026-07-09 15:07:00+05:30,23970.3,23978.3,23960.0,23970.1,29770.0,16922230.0
2026-07-09 15:08:00+05:30,23970.1,23993.0,23968.0,23980.7,18265.0,16923595.0
2026-07-09 15:09:00+05:30,23980.7,23999.0,23975.6,23999.0,21060.0,16925220.0
2026-07-09 15:10:00+05:30,23997.1,23999.0,23988.0,23989.9,12870.0,16934125.0
2026-07-09 15:11:00+05:30,23987.8,23990.0,23975.1,23982.2,18980.0,16944200.0
2026-07-09 15:12:00+05:30,23989.9,23990.0,23978.3,23983.5,16900.0,16950505.0
2026-07-09 15:13:00+05:30,23981.0,23988.0,23975.0,23984.9,33345.0,16964220.0
2026-07-09 15:14:00+05:30,23985.0,23985.5,23968.0,23970.0,38155.0,16988270.0
2026-07-09 15:15:00+05:30,23968.5,23985.0,23967.3,23980.8,21710.0,16999645.0
2026-07-09 15:16:00+05:30,23981.0,23995.0,23977.2,23987.0,16835.0,17007965.0
2026-07-09 15:17:00+05:30,23987.0,23997.9,23981.6,23983.0,16445.0,17009850.0
2026-07-09 15:18:00+05:30,23984.8,23992.9,23982.7,23989.8,10660.0,17022785.0
2026-07-09 15:19:00+05:30,23989.8,23989.8,23985.0,23988.5,11765.0,17030195.0
2026-07-09 15:20:00+05:30,23988.5,24000.0,23988.5,23998.0,23465.0,17036435.0
2026-07-09 15:21:00+05:30,23996.8,24011.9,23990.0,24011.0,54015.0,17056065.0
2026-07-09 15:22:00+05:30,24010.9,24015.0,24002.9,24006.1,20020.0,17072900.0
2026-07-09 15:23:00+05:30,24005.1,24009.8,24003.3,24005.0,26975.0,17091100.0
2026-07-09 15:24:00+05:30,24005.0,24005.4,24000.4,24000.8,17810.0,17092010.0
2026-07-09 15:25:00+05:30,24000.1,24011.5,24000.0,24009.3,18980.0,17094740.0
2026-07-09 15:26:00+05:30,24009.3,24012.0,24003.1,24006.4,11180.0,17093245.0
2026-07-09 15:27:00+05:30,24006.4,24009.0,24004.2,24005.1,17875.0,17095455.0
2026-07-09 15:28:00+05:30,24005.0,24010.0,24003.7,24010.0,13715.0,17098900.0
2026-07-09 15:29:00+05:30,24010.0,24012.0,24004.9,24007.6,22425.0,17103515.0
2026-07-10 09:15:00+05:30,24140.1,24188.0,24140.1,24188.0,202410.0,16867435.0
2026-07-10 09:16:00+05:30,24184.8,24199.7,24182.5,24199.7,76895.0,16867175.0
2026-07-10 09:17:00+05:30,24199.8,24219.9,24198.8,24203.8,72540.0,16861455.0
2026-07-10 09:18:00+05:30,24204.5,24210.0,24200.0,24201.3,32110.0,16868280.0
2026-07-10 09:19:00+05:30,24200.1,24202.0,24193.0,24194.7,27820.0,16856450.0
2026-07-10 09:20:00+05:30,24195.1,24200.0,24188.5,24191.0,25220.0,16853525.0
2026-07-10 09:21:00+05:30,24191.3,24200.0,24190.6,24199.9,17745.0,16851445.0
2026-07-10 09:22:00+05:30,24195.2,24202.2,24192.7,24193.2,17745.0,16850080.0
2026-07-10 09:23:00+05:30,24193.5,24209.6,24192.4,24200.0,13715.0,16844555.0
2026-07-10 09:24:00+05:30,24209.0,24214.0,24200.0,24212.0,20605.0,16844685.0
2026-07-10 09:25:00+05:30,24205.8,24215.0,24205.0,24212.3,28535.0,16841370.0
2026-07-10 09:26:00+05:30,24210.0,24215.0,24192.4,24192.4,19045.0,16837600.0
2026-07-10 09:27:00+05:30,24192.4,24209.9,24185.4,24207.1,18460.0,16837795.0
2026-07-10 09:28:00+05:30,24203.3,24215.0,24200.0,24211.0,32500.0,16837600.0
2026-07-10 09:29:00+05:30,24211.0,24213.0,24200.0,24207.0,18980.0,16840850.0
2026-07-10 09:30:00+05:30,24209.0,24214.7,24205.0,24210.0,13650.0,16837795.0
2026-07-10 09:31:00+05:30,24210.0,24215.0,24205.1,24205.1,9880.0,16830905.0
2026-07-10 09:32:00+05:30,24210.0,24220.0,24200.9,24205.1,50700.0,16833115.0
2026-07-10 09:33:00+05:30,24205.2,24219.4,24201.7,24219.4,14170.0,16808090.0
2026-07-10 09:34:00+05:30,24209.3,24229.7,24209.2,24220.0,33410.0,16808350.0
2026-07-10 09:35:00+05:30,24219.0,24228.9,24211.0,24214.0,12675.0,16795545.0
2026-07-10 09:36:00+05:30,24224.0,24226.9,24214.2,24225.0,41470.0,16797755.0
2026-07-10 09:37:00+05:30,24223.8,24235.0,24221.0,24231.2,42380.0,16782285.0
2026-07-10 09:38:00+05:30,24231.2,24233.0,24220.8,24225.0,14625.0,16783195.0
2026-07-10 09:39:00+05:30,24225.1,24233.6,24220.0,24230.0,17810.0,16788005.0
2026-07-10 09:40:00+05:30,24230.0,24235.0,24220.0,24225.0,10205.0,16792750.0
2026-07-10 09:41:00+05:30,24232.7,24236.9,24225.0,24230.0,19890.0,16792620.0
2026-07-10 09:42:00+05:30,24229.4,24237.0,24227.0,24235.2,9555.0,16785795.0
2026-07-10 09:43:00+05:30,24235.0,24235.9,24230.0,24230.0,11700.0,16784170.0
2026-07-10 09:44:00+05:30,24230.0,24234.9,24230.0,24230.0,15990.0,16780530.0
2026-07-10 09:45:00+05:30,24231.0,24235.0,24230.0,24234.0,18200.0,16768505.0
2026-07-10 09:46:00+05:30,24230.0,24234.0,24225.0,24232.0,14560.0,16767920.0
2026-07-10 09:47:00+05:30,24231.5,24239.6,24226.1,24239.0,16900.0,16766555.0
2026-07-10 09:48:00+05:30,24239.8,24242.0,24231.4,24231.9,29705.0,16760900.0
2026-07-10 09:49:00+05:30,24239.9,24242.0,24234.9,24239.0,7410.0,16763370.0
2026-07-10 09:50:00+05:30,24232.4,24242.0,24229.4,24231.0,6175.0,16764280.0
2026-07-10 09:51:00+05:30,24232.9,24232.9,24225.0,24227.4,19825.0,16760900.0
2026-07-10 09:52:00+05:30,24232.9,24235.0,24226.8,24229.4,20670.0,16755830.0
2026-07-10 09:53:00+05:30,24230.0,24242.0,24230.0,24230.9,8515.0,16747965.0
2026-07-10 09:54:00+05:30,24235.1,24242.0,24230.1,24230.1,2925.0,16747705.0
2026-07-10 09:55:00+05:30,24230.1,24239.4,24230.1,24232.0,3380.0,16747575.0
2026-07-10 09:56:00+05:30,24235.0,24240.0,24231.9,24232.0,8385.0,16748095.0
2026-07-10 09:57:00+05:30,24232.0,24240.0,24232.0,24234.0,4355.0,16748355.0
2026-07-10 09:58:00+05:30,24238.0,24240.7,24233.4,24240.1,8385.0,16744780.0
2026-07-10 09:59:00+05:30,24240.1,24242.3,24238.8,24242.3,6110.0,16747055.0
2026-07-10 10:00:00+05:30,24241.0,24249.0,24241.0,24247.9,24050.0,16745625.0
2026-07-10 10:01:00+05:30,24247.9,24249.0,24241.0,24241.2,19500.0,16743350.0
2026-07-10 10:02:00+05:30,24241.6,24248.0,24241.0,24245.0,8840.0,16740685.0
2026-07-10 10:03:00+05:30,24241.7,24245.0,24241.0,24241.0,6760.0,16738345.0
2026-07-10 10:04:00+05:30,24241.0,24245.0,24238.0,24240.5,8125.0,16736460.0
2026-07-10 10:05:00+05:30,24240.0,24247.0,24237.8,24247.0,8905.0,16736395.0
2026-07-10 10:06:00+05:30,24248.0,24249.0,24240.0,24242.0,5005.0,16735030.0
2026-07-10 10:07:00+05:30,24242.1,24249.4,24242.1,24242.1,10075.0,16734705.0
2026-07-10 10:08:00+05:30,24245.0,24247.0,24242.0,24242.0,5005.0,16737630.0
2026-07-10 10:09:00+05:30,24242.0,24243.0,24233.0,24242.0,17290.0,16742635.0
2026-07-10 10:10:00+05:30,24242.0,24250.0,24242.0,24248.4,25220.0,16747055.0
2026-07-10 10:11:00+05:30,24248.0,24250.0,24238.5,24239.1,3770.0,16736720.0
2026-07-10 10:12:00+05:30,24239.1,24245.0,24234.9,24235.0,1690.0,16737500.0
2026-07-10 10:13:00+05:30,24235.1,24245.0,24235.0,24235.8,3055.0,16724695.0
2026-07-10 10:14:00+05:30,24240.0,24249.0,24237.0,24249.0,9620.0,16726775.0
2026-07-10 10:15:00+05:30,24248.3,24249.8,24237.0,24237.0,10790.0,16720405.0
2026-07-10 10:16:00+05:30,24237.0,24249.0,24236.8,24249.0,3575.0,16718065.0
2026-07-10 10:17:00+05:30,24243.9,24243.9,24239.0,24239.0,1820.0,16718975.0
2026-07-10 10:18:00+05:30,24237.2,24243.0,24236.1,24237.9,3315.0,16710850.0
2026-07-10 10:19:00+05:30,24240.0,24240.0,24238.3,24238.3,3900.0,16712345.0
2026-07-10 10:20:00+05:30,24238.8,24240.0,24237.0,24237.1,3510.0,16714490.0
2026-07-10 10:21:00+05:30,24237.4,24244.0,24237.4,24244.0,5005.0,16716115.0
2026-07-10 10:22:00+05:30,24242.6,24245.0,24235.0,24235.0,1950.0,16715595.0
2026-07-10 10:23:00+05:30,24237.5,24241.0,24236.2,24240.0,15795.0,16717025.0
2026-07-10 10:24:00+05:30,24240.0,24240.9,24237.0,24237.5,2600.0,16718845.0
2026-07-10 10:25:00+05:30,24237.2,24240.0,24236.0,24238.0,3770.0,16719040.0
2026-07-10 10:26:00+05:30,24240.0,24244.1,24238.1,24241.1,2340.0,16718520.0
2026-07-10 10:27:00+05:30,24241.1,24244.1,24236.0,24236.0,1625.0,16718325.0
2026-07-10 10:28:00+05:30,24236.0,24237.5,24232.5,24232.5,2015.0,16713840.0
2026-07-10 10:29:00+05:30,24232.1,24235.0,24226.3,24226.3,5720.0,16713840.0
2026-07-10 10:30:00+05:30,24229.9,24232.0,24220.0,24220.8,11635.0,16716375.0
2026-07-10 10:31:00+05:30,24220.2,24222.0,24212.5,24216.9,17355.0,16720730.0
2026-07-10 10:32:00+05:30,24217.0,24220.0,24214.0,24217.2,10595.0,16727360.0
2026-07-10 10:33:00+05:30,24217.2,24219.0,24214.0,24215.3,8190.0,16729310.0
2026-07-10 10:34:00+05:30,24218.0,24222.0,24215.0,24217.3,5525.0,16729440.0
2026-07-10 10:35:00+05:30,24219.2,24221.0,24216.7,24221.0,8775.0,16727815.0
2026-07-10 10:36:00+05:30,24220.9,24224.0,24220.0,24223.0,5330.0,16731325.0
2026-07-10 10:37:00+05:30,24222.9,24228.0,24222.1,24223.5,6695.0,16732235.0
2026-07-10 10:38:00+05:30,24223.5,24228.8,24220.9,24225.0,2340.0,16722680.0
2026-07-10 10:39:00+05:30,24225.0,24230.0,24220.8,24222.0,3185.0,16723785.0
2026-07-10 10:40:00+05:30,24221.2,24228.0,24221.2,24228.0,780.0,16724565.0
2026-07-10 10:41:00+05:30,24226.6,24239.0,24225.3,24238.0,7020.0,16725930.0
2026-07-10 10:42:00+05:30,24230.3,24241.0,24230.3,24241.0,6370.0,16728335.0
2026-07-10 10:43:00+05:30,24241.0,24241.0,24234.4,24241.0,2210.0,16726320.0
2026-07-10 10:44:00+05:30,24239.0,24241.0,24235.0,24240.0,2535.0,16726450.0
2026-07-10 10:45:00+05:30,24241.0,24242.0,24232.4,24239.9,5200.0,16727620.0
2026-07-10 10:46:00+05:30,24233.0,24239.9,24230.0,24230.0,2860.0,16729440.0
2026-07-10 10:47:00+05:30,24232.1,24240.0,24230.0,24233.0,2990.0,16731455.0
2026-07-10 10:48:00+05:30,24235.0,24238.8,24235.0,24237.0,1820.0,16729895.0
2026-07-10 10:49:00+05:30,24237.1,24238.0,24233.4,24233.4,2080.0,16731260.0
2026-07-10 10:50:00+05:30,24235.0,24236.9,24233.0,24235.4,1950.0,16732040.0
2026-07-10 10:51:00+05:30,24235.0,24236.9,24234.0,24236.9,2015.0,16732560.0
2026-07-10 10:52:00+05:30,24236.9,24239.0,24236.9,24238.0,2925.0,16733535.0
2026-07-10 10:53:00+05:30,24239.0,24240.0,24237.5,24237.5,3445.0,16733925.0
2026-07-10 10:54:00+05:30,24238.2,24239.0,24232.6,24232.6,3380.0,16734510.0
2026-07-10 10:55:00+05:30,24233.4,24235.9,24232.2,24233.0,2015.0,16735745.0
2026-07-10 10:56:00+05:30,24235.0,24240.0,24232.9,24235.0,2925.0,16737175.0
2026-07-10 10:57:00+05:30,24234.9,24240.0,24232.2,24232.2,1885.0,16737630.0
2026-07-10 10:58:00+05:30,24239.8,24239.8,24225.9,24225.9,2015.0,16735615.0
2026-07-10 10:59:00+05:30,24225.3,24229.7,24225.3,24227.4,1495.0,16735745.0
2026-07-10 11:00:00+05:30,24230.0,24234.4,24227.3,24230.0,4355.0,16737045.0
2026-07-10 11:01:00+05:30,24228.2,24232.0,24225.3,24232.0,3380.0,16739970.0
2026-07-10 11:02:00+05:30,24230.0,24231.1,24228.6,24231.0,1040.0,16739970.0
2026-07-10 11:03:00+05:30,24227.7,24231.0,24226.5,24226.5,1170.0,16737370.0
2026-07-10 11:04:00+05:30,24229.0,24229.5,24224.0,24224.4,3055.0,16737045.0
2026-07-10 11:05:00+05:30,24224.4,24229.0,24221.0,24221.0,2860.0,16738735.0
2026-07-10 11:06:00+05:30,24221.0,24223.4,24216.8,24217.9,5070.0,16741530.0
2026-07-10 11:07:00+05:30,24217.4,24220.0,24214.9,24216.0,5395.0,16742115.0
2026-07-10 11:08:00+05:30,24214.9,24216.0,24210.0,24211.9,5135.0,16740620.0
2026-07-10 11:09:00+05:30,24211.0,24215.0,24210.0,24210.0,2665.0,16741595.0
2026-07-10 11:10:00+05:30,24212.4,24215.0,24203.0,24203.0,5460.0,16741205.0
2026-07-10 11:11:00+05:30,24203.0,24210.0,24201.2,24203.0,5915.0,16740100.0
2026-07-10 11:12:00+05:30,24205.0,24207.3,24204.3,24207.2,3315.0,16741205.0
2026-07-10 11:13:00+05:30,24207.2,24214.0,24207.2,24207.6,4810.0,16738085.0
2026-07-10 11:14:00+05:30,24211.5,24211.7,24203.7,24205.0,3120.0,16739515.0
2026-07-10 11:15:00+05:30,24205.0,24205.5,24200.0,24200.0,9425.0,16738605.0
2026-07-10 11:16:00+05:30,24204.6,24212.4,24200.0,24211.6,12220.0,16743870.0
2026-07-10 11:17:00+05:30,24204.8,24214.8,24200.2,24209.2,6435.0,16745755.0
2026-07-10 11:18:00+05:30,24213.0,24215.0,24203.0,24204.2,3965.0,16742895.0
2026-07-10 11:19:00+05:30,24204.2,24207.1,24201.0,24204.0,4030.0,16744065.0
2026-07-10 11:20:00+05:30,24204.0,24210.0,24203.0,24205.0,1495.0,16745040.0
2026-07-10 11:21:00+05:30,24204.0,24205.0,24200.0,24200.1,11635.0,16750370.0
2026-07-10 11:22:00+05:30,24201.0,24211.0,24201.0,24211.0,3770.0,16749980.0
2026-07-10 11:23:00+05:30,24206.0,24211.0,24202.5,24203.0,2275.0,16749135.0
2026-07-10 11:24:00+05:30,24203.0,24215.0,24203.0,24211.1,2925.0,16748940.0
2026-07-10 11:25:00+05:30,24208.7,24208.7,24202.0,24205.0,1755.0,16749850.0
2026-07-10 11:26:00+05:30,24205.0,24211.1,24202.0,24202.0,2340.0,16749785.0
2026-07-10 11:27:00+05:30,24202.0,24210.0,24202.0,24202.0,1170.0,16749915.0
2026-07-10 11:28:00+05:30,24202.0,24207.8,24201.1,24205.3,1560.0,16743870.0
2026-07-10 11:29:00+05:30,24201.0,24210.0,24191.0,24194.0,7540.0,16745235.0
2026-07-10 11:30:00+05:30,24199.0,24209.0,24194.1,24204.8,13780.0,16750240.0
2026-07-10 11:31:00+05:30,24199.0,24204.8,24199.0,24200.1,1625.0,16750435.0
2026-07-10 11:32:00+05:30,24200.1,24204.0,24199.0,24203.2,1625.0,16750435.0
2026-07-10 11:33:00+05:30,24199.0,24203.0,24195.7,24197.2,1300.0,16749460.0
2026-07-10 11:34:00+05:30,24198.3,24207.0,24198.3,24205.0,2665.0,16749915.0
2026-07-10 11:35:00+05:30,24205.0,24210.0,24202.0,24204.0,1560.0,16750370.0
2026-07-10 11:36:00+05:30,24204.0,24210.0,24204.0,24208.0,845.0,16738150.0
2026-07-10 11:37:00+05:30,24208.0,24211.0,24201.0,24205.0,3770.0,16739125.0
2026-07-10 11:38:00+05:30,24201.0,24205.0,24196.7,24198.0,2210.0,16739385.0
2026-07-10 11:39:00+05:30,24200.0,24204.9,24200.0,24202.0,845.0,16739580.0
2026-07-10 11:40:00+05:30,24203.9,24203.9,24195.0,24195.0,3640.0,16740555.0
2026-07-10 11:41:00+05:30,24195.7,24195.7,24192.8,24194.7,1820.0,16741595.0
2026-07-10 11:42:00+05:30,24193.3,24200.0,24193.0,24194.1,1560.0,16741595.0
2026-07-10 11:43:00+05:30,24195.0,24200.0,24195.0,24200.0,1430.0,16742180.0
2026-07-10 11:44:00+05:30,24200.0,24200.0,24198.3,24200.0,3835.0,16742180.0
2026-07-10 11:45:00+05:30,24197.0,24204.0,24196.9,24204.0,3640.0,16742050.0
2026-07-10 11:46:00+05:30,24204.0,24210.0,24202.9,24210.0,2275.0,16738865.0
2026-07-10 11:47:00+05:30,24209.0,24213.3,24203.3,24206.3,2145.0,16738085.0
2026-07-10 11:48:00+05:30,24213.0,24219.9,24205.8,24217.8,7540.0,16741660.0
2026-07-10 11:49:00+05:30,24211.0,24223.1,24205.3,24221.1,7085.0,16743090.0
2026-07-10 11:50:00+05:30,24221.3,24222.3,24208.5,24208.5,2340.0,16742440.0
2026-07-10 11:51:00+05:30,24212.0,24217.9,24208.5,24209.0,520.0,16742700.0
2026-07-10 11:52:00+05:30,24211.0,24216.0,24205.0,24205.0,2535.0,16742505.0
2026-07-10 11:53:00+05:30,24211.9,24211.9,24188.1,24188.1,14235.0,16741400.0
2026-07-10 11:54:00+05:30,24200.0,24201.6,24188.6,24195.0,2470.0,16743090.0
2026-07-10 11:55:00+05:30,24195.0,24195.1,24188.1,24190.6,15210.0,16753620.0
2026-07-10 11:56:00+05:30,24190.6,24198.0,24190.6,24198.0,975.0,16745950.0
2026-07-10 11:57:00+05:30,24194.0,24197.0,24193.3,24197.0,1495.0,16746600.0
2026-07-10 11:58:00+05:30,24197.5,24209.9,24195.7,24209.9,2405.0,16746600.0
2026-07-10 11:59:00+05:30,24196.0,24214.5,24196.0,24214.5,1235.0,16746860.0
2026-07-10 12:00:00+05:30,24213.9,24220.0,24203.4,24220.0,3510.0,16747900.0
2026-07-10 12:01:00+05:30,24219.0,24225.0,24208.7,24225.0,55510.0,16798080.0
2026-07-10 12:02:00+05:30,24220.3,24224.9,24215.1,24220.0,6305.0,16801590.0
2026-07-10 12:03:00+05:30,24220.0,24230.0,24216.0,24218.0,20215.0,16813810.0
2026-07-10 12:04:00+05:30,24222.0,24222.2,24210.9,24210.9,7865.0,16820310.0
2026-07-10 12:05:00+05:30,24210.3,24220.0,24207.9,24211.9,7540.0,16826095.0
2026-07-10 12:06:00+05:30,24211.4,24220.0,24208.8,24210.4,7735.0,16832140.0
2026-07-10 12:07:00+05:30,24210.0,24219.4,24207.0,24208.4,7735.0,16835975.0
2026-07-10 12:08:00+05:30,24220.0,24224.9,24208.9,24209.5,8710.0,16842475.0
2026-07-10 12:09:00+05:30,24209.6,24209.6,24205.0,24205.0,9555.0,16850080.0
2026-07-10 12:10:00+05:30,24205.4,24205.4,24200.4,24200.6,9555.0,16857945.0
2026-07-10 12:11:00+05:30,24202.2,24202.2,24195.0,24200.0,3250.0,16857945.0
2026-07-10 12:12:00+05:30,24197.4,24198.0,24191.0,24191.0,3250.0,16836885.0
2026-07-10 12:13:00+05:30,24193.0,24194.0,24188.5,24188.5,7410.0,16840070.0
2026-07-10 12:14:00+05:30,24194.0,24194.0,24188.6,24190.4,2665.0,16841045.0
2026-07-10 12:15:00+05:30,24194.0,24194.0,24188.1,24191.8,10075.0,16846050.0
2026-07-10 12:16:00+05:30,24192.2,24199.0,24186.7,24189.4,25545.0,16859180.0
2026-07-10 12:17:00+05:30,24189.1,24200.0,24188.5,24189.9,3770.0,16848455.0
2026-07-10 12:18:00+05:30,24190.5,24197.5,24189.5,24191.4,5135.0,16851055.0
2026-07-10 12:19:00+05:30,24193.0,24200.0,24188.4,24188.7,2925.0,16851770.0
2026-07-10 12:20:00+05:30,24189.1,24202.2,24189.1,24190.4,3510.0,16851770.0
2026-07-10 12:21:00+05:30,24200.3,24202.1,24188.6,24189.6,4615.0,16851770.0
2026-07-10 12:22:00+05:30,24189.5,24205.2,24189.5,24195.0,1690.0,16851770.0
2026-07-10 12:23:00+05:30,24195.0,24207.6,24195.0,24195.0,3965.0,16852095.0
2026-07-10 12:24:00+05:30,24206.0,24210.0,24196.5,24207.9,2015.0,16844425.0
2026-07-10 12:25:00+05:30,24205.5,24213.0,24202.0,24213.0,1430.0,16845075.0
2026-07-10 12:26:00+05:30,24202.7,24214.0,24202.7,24214.0,1170.0,16845075.0
2026-07-10 12:27:00+05:30,24214.0,24225.0,24214.0,24225.0,4680.0,16845530.0
2026-07-10 12:28:00+05:30,24225.0,24229.0,24217.0,24222.0,3380.0,16843125.0
2026-07-10 12:29:00+05:30,24222.4,24232.5,24219.1,24220.7,9035.0,16844555.0
2026-07-10 12:30:00+05:30,24220.0,24225.0,24215.0,24215.0,4030.0,16848390.0
2026-07-10 12:31:00+05:30,24215.7,24224.0,24215.0,24215.0,4485.0,16850795.0
2026-07-10 12:32:00+05:30,24215.0,24221.0,24210.0,24210.0,5005.0,16853980.0
2026-07-10 12:33:00+05:30,24216.0,24220.0,24207.7,24214.4,7085.0,16853915.0
2026-07-10 12:34:00+05:30,24215.0,24220.0,24214.9,24218.0,1625.0,16859830.0
2026-07-10 12:35:00+05:30,24220.0,24225.2,24214.6,24225.2,1300.0,16859830.0
2026-07-10 12:36:00+05:30,24221.0,24224.0,24217.0,24220.0,585.0,16859895.0
2026-07-10 12:37:00+05:30,24215.0,24225.0,24214.6,24225.0,2925.0,16860090.0
2026-07-10 12:38:00+05:30,24216.0,24224.2,24215.0,24215.0,1625.0,16859765.0
2026-07-10 12:39:00+05:30,24215.0,24225.0,24215.0,24223.0,3575.0,16859700.0
2026-07-10 12:40:00+05:30,24225.0,24227.2,24223.0,24225.9,4680.0,16859245.0
2026-07-10 12:41:00+05:30,24225.0,24225.9,24221.0,24225.0,2535.0,16855865.0
2026-07-10 12:42:00+05:30,24225.0,24232.6,24221.0,24225.0,3250.0,16855345.0
2026-07-10 12:43:00+05:30,24231.6,24232.6,24223.3,24232.6,1105.0,16851055.0
2026-07-10 12:44:00+05:30,24227.8,24235.0,24227.8,24230.5,2730.0,16851120.0
2026-07-10 12:45:00+05:30,24230.5,24236.0,24225.0,24230.1,3770.0,16850405.0
2026-07-10 12:46:00+05:30,24234.6,24235.0,24225.6,24235.0,1820.0,16850795.0
2026-07-10 12:47:00+05:30,24230.0,24235.0,24226.0,24226.0,1300.0,16850210.0
2026-07-10 12:48:00+05:30,24225.1,24235.0,24225.1,24232.5,1235.0,16850860.0
2026-07-10 12:49:00+05:30,24230.0,24235.0,24225.1,24225.1,1495.0,16850990.0
2026-07-10 12:50:00+05:30,24229.4,24229.5,24225.1,24229.4,780.0,16851770.0
2026-07-10 12:51:00+05:30,24234.0,24234.8,24227.0,24229.0,1820.0,16852225.0
2026-07-10 12:52:00+05:30,24231.9,24235.1,24227.3,24230.0,1820.0,16852810.0
2026-07-10 12:53:00+05:30,24230.0,24236.0,24225.1,24233.9,1885.0,16853135.0
2026-07-10 12:54:00+05:30,24231.6,24234.0,24225.0,24225.0,1040.0,16853785.0
2026-07-10 12:55:00+05:30,24225.0,24234.0,24224.0,24233.0,1235.0,16854175.0
2026-07-10 12:56:00+05:30,24224.5,24230.0,24223.4,24230.0,1495.0,16854110.0
2026-07-10 12:57:00+05:30,24230.0,24232.0,24221.0,24222.0,1430.0,16854240.0
2026-07-10 12:58:00+05:30,24222.0,24222.5,24216.7,24220.0,2925.0,16852225.0
2026-07-10 12:59:00+05:30,24222.0,24224.0,24215.1,24216.8,1105.0,16853070.0
2026-07-10 13:00:00+05:30,24216.8,24221.0,24215.9,24220.0,2795.0,16853200.0
2026-07-10 13:01:00+05:30,24221.0,24232.9,24217.9,24232.9,3315.0,16853655.0
2026-07-10 13:02:00+05:30,24232.8,24239.0,24221.4,24238.3,7085.0,16856060.0
2026-07-10 13:03:00+05:30,24236.1,24239.0,24227.0,24238.0,2925.0,16855540.0
2026-07-10 13:04:00+05:30,24237.0,24240.0,24225.5,24229.3,4095.0,16855800.0
2026-07-10 13:05:00+05:30,24233.6,24234.6,24229.2,24230.7,975.0,16856905.0
2026-07-10 13:06:00+05:30,24230.7,24235.0,24229.2,24229.2,3185.0,16856970.0
2026-07-10 13:07:00+05:30,24232.2,24232.2,24228.0,24228.0,1170.0,16857425.0
2026-07-10 13:08:00+05:30,24228.0,24232.0,24226.7,24226.7,4940.0,16856190.0
2026-07-10 13:09:00+05:30,24227.2,24227.7,24221.0,24225.5,7280.0,16854760.0
2026-07-10 13:10:00+05:30,24223.9,24227.4,24221.5,24222.0,1950.0,16856710.0
2026-07-10 13:11:00+05:30,24223.2,24223.2,24215.0,24221.0,2405.0,16856190.0
2026-07-10 13:12:00+05:30,24220.0,24220.0,24215.0,24215.0,5200.0,16857490.0
2026-07-10 13:13:00+05:30,24215.6,24220.0,24215.0,24219.0,1430.0,16860415.0
2026-07-10 13:14:00+05:30,24220.0,24221.0,24219.0,24221.0,1300.0,16860870.0
2026-07-10 13:15:00+05:30,24221.0,24221.0,24215.0,24215.0,1885.0,16860870.0
2026-07-10 13:16:00+05:30,24215.4,24223.2,24215.0,24215.0,2340.0,16862040.0
2026-07-10 13:17:00+05:30,24215.8,24215.8,24210.0,24210.7,1365.0,16861195.0
2026-07-10 13:18:00+05:30,24210.0,24212.0,24205.0,24209.0,4030.0,16860805.0
2026-07-10 13:19:00+05:30,24207.0,24211.9,24205.0,24207.3,4940.0,16861000.0
2026-07-10 13:20:00+05:30,24203.0,24205.6,24195.0,24200.0,9100.0,16862170.0
2026-07-10 13:21:00+05:30,24200.0,24200.0,24195.0,24198.5,3250.0,16858140.0
2026-07-10 13:22:00+05:30,24197.5,24200.0,24192.9,24193.0,1755.0,16859765.0
2026-07-10 13:23:00+05:30,24200.0,24200.0,24191.1,24196.4,1105.0,16859960.0
2026-07-10 13:24:00+05:30,24196.0,24199.5,24192.0,24193.0,1235.0,16859765.0
2026-07-10 13:25:00+05:30,24198.0,24200.0,24194.2,24200.0,1235.0,16859375.0
2026-07-10 13:26:00+05:30,24200.0,24200.0,24196.1,24196.1,715.0,16859505.0
2026-07-10 13:27:00+05:30,24198.0,24199.0,24196.1,24197.0,1105.0,16859960.0
2026-07-10 13:28:00+05:30,24198.0,24208.2,24198.0,24200.0,3770.0,16858855.0
2026-07-10 13:29:00+05:30,24200.0,24210.0,24200.0,24207.7,2015.0,16855085.0
2026-07-10 13:30:00+05:30,24210.0,24210.0,24207.0,24207.0,845.0,16855930.0
2026-07-10 13:31:00+05:30,24201.4,24209.0,24200.9,24205.0,3965.0,16856515.0
2026-07-10 13:32:00+05:30,24205.0,24206.0,24199.7,24200.0,1495.0,16859505.0
2026-07-10 13:33:00+05:30,24200.0,24200.0,24197.1,24198.9,845.0,16859895.0
2026-07-10 13:34:00+05:30,24197.9,24208.4,24197.9,24205.2,1495.0,16860025.0
2026-07-10 13:35:00+05:30,24205.2,24219.0,24205.0,24206.9,3575.0,16860220.0
2026-07-10 13:36:00+05:30,24217.8,24219.0,24209.0,24210.0,1950.0,16862235.0
2026-07-10 13:37:00+05:30,24210.1,24214.9,24210.1,24214.9,325.0,16863470.0
2026-07-10 13:38:00+05:30,24214.9,24215.0,24210.0,24211.3,715.0,16863600.0
2026-07-10 13:39:00+05:30,24216.0,24230.0,24216.0,24228.7,6370.0,16864965.0
2026-07-10 13:40:00+05:30,24228.0,24238.0,24228.0,24236.0,4940.0,16865160.0
2026-07-10 13:41:00+05:30,24235.0,24244.0,24228.3,24244.0,16250.0,16868215.0
2026-07-10 13:42:00+05:30,24233.4,24244.0,24232.6,24238.8,4030.0,16868280.0
2026-07-10 13:43:00+05:30,24236.7,24240.0,24226.6,24237.0,2925.0,16867955.0
2026-07-10 13:44:00+05:30,24238.8,24238.8,24233.6,24235.0,1300.0,16867500.0
2026-07-10 13:45:00+05:30,24235.0,24237.0,24234.3,24236.7,2275.0,16867240.0
2026-07-10 13:46:00+05:30,24237.0,24237.9,24235.0,24237.4,2340.0,16867175.0
2026-07-10 13:47:00+05:30,24233.0,24237.8,24226.6,24235.0,3055.0,16868150.0
2026-07-10 13:48:00+05:30,24233.0,24233.0,24225.0,24225.0,1820.0,16864380.0
2026-07-10 13:49:00+05:30,24223.7,24223.7,24216.4,24219.9,7995.0,16866200.0
2026-07-10 13:50:00+05:30,24220.0,24232.8,24219.9,24222.4,3705.0,16869710.0
2026-07-10 13:51:00+05:30,24228.9,24229.2,24220.0,24229.2,1495.0,16870035.0
2026-07-10 13:52:00+05:30,24225.0,24232.0,24219.9,24232.0,2600.0,16870490.0
2026-07-10 13:53:00+05:30,24227.6,24232.0,24224.4,24227.9,715.0,16871010.0
2026-07-10 13:54:00+05:30,24228.7,24230.0,24223.4,24223.4,1430.0,16871465.0
2026-07-10 13:55:00+05:30,24230.0,24231.0,24223.9,24231.0,1105.0,16871920.0
2026-07-10 13:56:00+05:30,24231.9,24232.0,24226.4,24228.0,1755.0,16872375.0
2026-07-10 13:57:00+05:30,24225.0,24225.0,24219.9,24224.4,6630.0,16872635.0
2026-07-10 13:58:00+05:30,24224.8,24228.0,24220.9,24224.0,3640.0,16872960.0
2026-07-10 13:59:00+05:30,24227.5,24227.5,24222.0,24222.4,715.0,16874000.0
2026-07-10 14:00:00+05:30,24225.0,24225.0,24221.4,24222.0,1495.0,16874455.0
2026-07-10 14:01:00+05:30,24223.2,24224.4,24219.9,24219.9,2600.0,16875300.0
2026-07-10 14:02:00+05:30,24219.9,24221.0,24213.0,24213.0,10595.0,16879005.0
2026-07-10 14:03:00+05:30,24215.0,24220.0,24207.4,24217.0,3445.0,16879785.0
2026-07-10 14:04:00+05:30,24207.4,24220.0,24207.4,24216.5,3120.0,16880760.0
2026-07-10 14:05:00+05:30,24216.5,24218.9,24212.0,24216.0,845.0,16883035.0
2026-07-10 14:06:00+05:30,24210.0,24216.0,24207.0,24215.0,2860.0,16883295.0
2026-07-10 14:07:00+05:30,24210.0,24215.0,24210.0,24213.0,1625.0,16881475.0
2026-07-10 14:08:00+05:30,24210.1,24214.0,24205.1,24205.1,6565.0,16881865.0
2026-07-10 14:09:00+05:30,24209.9,24212.0,24205.0,24208.0,2535.0,16886155.0
2026-07-10 14:10:00+05:30,24208.0,24209.8,24200.0,24208.0,9620.0,16886480.0
2026-07-10 14:11:00+05:30,24200.1,24215.0,24200.0,24215.0,4030.0,16887065.0
2026-07-10 14:12:00+05:30,24215.0,24215.0,24204.4,24215.0,1690.0,16887910.0
2026-07-10 14:13:00+05:30,24215.0,24216.5,24205.0,24216.4,650.0,16887845.0
2026-07-10 14:14:00+05:30,24216.9,24220.0,24210.4,24220.0,7865.0,16890120.0
2026-07-10 14:15:00+05:30,24216.4,24223.8,24210.0,24218.8,1560.0,16890575.0
2026-07-10 14:16:00+05:30,24210.0,24222.0,24210.0,24219.0,1430.0,16890705.0
2026-07-10 14:17:00+05:30,24221.9,24224.4,24211.0,24211.2,3900.0,16891290.0
2026-07-10 14:18:00+05:30,24221.3,24223.8,24210.0,24210.0,1300.0,16888690.0
2026-07-10 14:19:00+05:30,24210.0,24221.0,24210.0,24212.1,650.0,16888820.0
2026-07-10 14:20:00+05:30,24212.9,24215.0,24212.0,24212.0,1950.0,16889015.0
2026-07-10 14:21:00+05:30,24214.0,24226.0,24214.0,24226.0,1495.0,16887650.0
2026-07-10 14:22:00+05:30,24226.0,24233.0,24222.4,24233.0,4420.0,16888950.0
2026-07-10 14:23:00+05:30,24232.9,24237.9,24228.3,24235.0,7020.0,16888625.0
2026-07-10 14:24:00+05:30,24230.0,24237.9,24230.0,24231.0,5720.0,16888820.0
2026-07-10 14:25:00+05:30,24230.6,24235.0,24230.0,24231.5,2015.0,16888820.0
2026-07-10 14:26:00+05:30,24235.0,24245.0,24235.0,24245.0,19630.0,16889665.0
2026-07-10 14:27:00+05:30,24242.0,24245.0,24240.0,24240.0,3185.0,16888040.0
2026-07-10 14:28:00+05:30,24242.0,24242.0,24234.2,24236.6,2145.0,16887910.0
2026-07-10 14:29:00+05:30,24238.0,24240.1,24237.8,24238.0,4225.0,16891160.0
2026-07-10 14:30:00+05:30,24242.0,24245.0,24238.0,24242.3,4355.0,16891225.0
2026-07-10 14:31:00+05:30,24244.4,24244.4,24223.6,24224.4,4615.0,16890250.0
2026-07-10 14:32:00+05:30,24224.4,24240.0,24224.2,24237.5,3835.0,16892395.0
2026-07-10 14:33:00+05:30,24233.3,24240.0,24233.0,24240.0,2405.0,16869905.0
2026-07-10 14:34:00+05:30,24238.5,24240.0,24229.3,24229.3,2080.0,16869970.0
2026-07-10 14:35:00+05:30,24231.3,24240.0,24229.5,24240.0,2275.0,16870555.0
2026-07-10 14:36:00+05:30,24232.5,24240.0,24230.0,24230.0,1495.0,16869840.0
2026-07-10 14:37:00+05:30,24235.0,24235.0,24230.2,24230.2,845.0,16869905.0
2026-07-10 14:38:00+05:30,24230.3,24241.0,24230.3,24240.0,5785.0,16866590.0
2026-07-10 14:39:00+05:30,24240.0,24244.4,24235.2,24240.0,13715.0,16873025.0
2026-07-10 14:40:00+05:30,24234.0,24244.8,24232.0,24244.8,2015.0,16874390.0
2026-07-10 14:41:00+05:30,24235.4,24244.0,24235.4,24240.0,1365.0,16874130.0
2026-07-10 14:42:00+05:30,24238.0,24240.0,24238.0,24238.0,5850.0,16874455.0
2026-07-10 14:43:00+05:30,24240.0,24240.0,24238.0,24238.0,2340.0,16872505.0
2026-07-10 14:44:00+05:30,24240.0,24243.0,24235.9,24240.0,2665.0,16872375.0
2026-07-10 14:45:00+05:30,24240.0,24244.9,24235.4,24242.4,5655.0,16874065.0
2026-07-10 14:46:00+05:30,24243.3,24244.0,24235.4,24240.0,1690.0,16874845.0
2026-07-10 14:47:00+05:30,24236.4,24245.0,24236.4,24241.0,7540.0,16879330.0
2026-07-10 14:48:00+05:30,24245.0,24270.0,24241.0,24260.9,55315.0,16880370.0
2026-07-10 14:49:00+05:30,24267.8,24269.9,24256.0,24258.0,30745.0,16871855.0
2026-07-10 14:50:00+05:30,24257.6,24257.6,24243.0,24245.0,7280.0,16874065.0
2026-07-10 14:51:00+05:30,24245.0,24245.0,24233.0,24237.4,7605.0,16874390.0
2026-07-10 14:52:00+05:30,24237.4,24238.0,24232.4,24234.7,13000.0,16875755.0
2026-07-10 14:53:00+05:30,24234.7,24238.0,24231.0,24233.0,3770.0,16871725.0
2026-07-10 14:54:00+05:30,24232.0,24236.0,24229.8,24229.8,1950.0,16872310.0
2026-07-10 14:55:00+05:30,24229.2,24234.9,24228.0,24231.4,11375.0,16870815.0
2026-07-10 14:56:00+05:30,24231.4,24235.0,24230.1,24235.0,5590.0,16870620.0
2026-07-10 14:57:00+05:30,24231.0,24238.9,24231.0,24238.9,2860.0,16860805.0
2026-07-10 14:58:00+05:30,24239.0,24239.0,24210.0,24212.1,18460.0,16862430.0
2026-07-10 14:59:00+05:30,24213.0,24231.0,24212.0,24220.0,11635.0,16866980.0
2026-07-10 15:00:00+05:30,24228.0,24262.2,24210.0,24240.0,31590.0,16874520.0
2026-07-10 15:01:00+05:30,24241.0,24249.0,24239.0,24244.2,6045.0,16874780.0
2026-07-10 15:02:00+05:30,24244.2,24244.2,24235.9,24235.9,8450.0,16865420.0
2026-07-10 15:03:00+05:30,24235.9,24239.6,24230.5,24230.5,7475.0,16866525.0
2026-07-10 15:04:00+05:30,24231.0,24231.0,24228.0,24228.0,4615.0,16867565.0
2026-07-10 15:05:00+05:30,24231.0,24232.4,24227.3,24232.4,11180.0,16871660.0
2026-07-10 15:06:00+05:30,24230.0,24230.0,24225.0,24225.0,6760.0,16872895.0
2026-07-10 15:07:00+05:30,24227.9,24235.6,24225.0,24235.6,8580.0,16854825.0
2026-07-10 15:08:00+05:30,24235.7,24244.7,24230.0,24240.0,10335.0,16847935.0
2026-07-10 15:09:00+05:30,24238.0,24248.0,24235.0,24248.0,9555.0,16847155.0
2026-07-10 15:10:00+05:30,24245.6,24254.2,24241.0,24250.0,9295.0,16848975.0
2026-07-10 15:11:00+05:30,24250.0,24259.0,24250.0,24252.0,8190.0,16848975.0
2026-07-10 15:12:00+05:30,24255.0,24258.3,24242.0,24242.0,12480.0,16838315.0
2026-07-10 15:13:00+05:30,24245.0,24249.2,24242.0,24247.0,4940.0,16839030.0
2026-07-10 15:14:00+05:30,24245.0,24250.0,24243.0,24247.0,12870.0,16838835.0
2026-07-10 15:15:00+05:30,24247.0,24247.0,24228.0,24228.1,21515.0,16837990.0
2026-07-10 15:16:00+05:30,24228.1,24230.5,24225.0,24228.7,8840.0,16835715.0
2026-07-10 15:17:00+05:30,24230.0,24234.9,24227.0,24234.9,6370.0,16799770.0
2026-07-10 15:18:00+05:30,24234.9,24236.0,24230.0,24234.0,8190.0,16800550.0
2026-07-10 15:19:00+05:30,24234.5,24237.0,24230.0,24236.7,7605.0,16801070.0
2026-07-10 15:20:00+05:30,24234.7,24236.0,24227.0,24229.0,20930.0,16804970.0
2026-07-10 15:21:00+05:30,24232.7,24235.0,24227.4,24234.9,9230.0,16806920.0
2026-07-10 15:22:00+05:30,24234.9,24249.0,24232.1,24248.5,17875.0,16788005.0
2026-07-10 15:23:00+05:30,24248.0,24249.0,24240.0,24246.1,10595.0,16787940.0
2026-07-10 15:24:00+05:30,24246.1,24249.0,24242.0,24248.0,13260.0,16790670.0
2026-07-10 15:25:00+05:30,24245.1,24248.5,24242.1,24244.5,11895.0,16792750.0
2026-07-10 15:26:00+05:30,24247.0,24248.7,24244.7,24247.0,17290.0,16791320.0
2026-07-10 15:27:00+05:30,24248.0,24250.0,24246.7,24250.0,24960.0,16770390.0
2026-07-10 15:28:00+05:30,24250.0,24250.0,24247.8,24249.1,23985.0,16768050.0
2026-07-10 15:29:00+05:30,24249.0,24250.0,24241.0,24249.9,43745.0,16771950.0
2026-07-13 09:15:00+05:30,24076.5,24077.3,24042.0,24050.0,282230.0,16635515.0
2026-07-13 09:16:00+05:30,24050.0,24064.0,24041.4,24064.0,65260.0,16596125.0
2026-07-13 09:17:00+05:30,24050.1,24062.0,24043.4,24056.7,57850.0,16595800.0
2026-07-13 09:18:00+05:30,24059.0,24067.0,24050.0,24054.2,114465.0,16596970.0
2026-07-13 09:19:00+05:30,24054.2,24059.6,24049.0,24051.0,20735.0,16634085.0
2026-07-13 09:20:00+05:30,24050.2,24058.0,24045.0,24057.1,30940.0,16629600.0
2026-07-13 09:21:00+05:30,24055.8,24063.5,24045.0,24050.0,26520.0,16627195.0
2026-07-13 09:22:00+05:30,24050.0,24058.0,24043.0,24050.0,23010.0,16627715.0
2026-07-13 09:23:00+05:30,24050.0,24053.0,24036.5,24049.9,26650.0,16626870.0
2026-07-13 09:24:00+05:30,24045.0,24051.8,24034.0,24045.0,19305.0,16638245.0
2026-07-13 09:25:00+05:30,24037.6,24048.6,24033.3,24040.1,9035.0,16644550.0
2026-07-13 09:26:00+05:30,24047.0,24050.0,24032.0,24050.0,8190.0,16643770.0
2026-07-13 09:27:00+05:30,24050.0,24054.0,24031.0,24040.0,14560.0,16645850.0
2026-07-13 09:28:00+05:30,24040.0,24049.3,24031.0,24040.0,10725.0,16649295.0
2026-07-13 09:29:00+05:30,24040.0,24045.6,24031.4,24045.4,6695.0,16652155.0
2026-07-13 09:30:00+05:30,24036.2,24046.3,24030.0,24035.0,17030.0,16653130.0
2026-07-13 09:31:00+05:30,24038.0,24046.0,24033.3,24037.0,10660.0,16658655.0
2026-07-13 09:32:00+05:30,24040.0,24049.0,24037.0,24049.0,5525.0,16658980.0
2026-07-13 09:33:00+05:30,24048.0,24050.0,24042.0,24049.4,5330.0,16661255.0
2026-07-13 09:34:00+05:30,24047.2,24047.2,24034.1,24045.7,12285.0,16665350.0
2026-07-13 09:35:00+05:30,24043.3,24045.0,24034.3,24038.9,7215.0,16667950.0
2026-07-13 09:36:00+05:30,24040.0,24059.0,24037.0,24056.0,9035.0,16668600.0
2026-07-13 09:37:00+05:30,24059.0,24065.0,24055.1,24065.0,13585.0,16671915.0
2026-07-13 09:38:00+05:30,24065.9,24075.0,24062.0,24073.4,11115.0,16673280.0
2026-07-13 09:39:00+05:30,24074.9,24087.5,24070.0,24080.0,15405.0,16676205.0
2026-07-13 09:40:00+05:30,24086.8,24095.0,24085.0,24085.0,20800.0,16679455.0
2026-07-13 09:41:00+05:30,24089.0,24096.5,24085.0,24095.0,23660.0,16682185.0
2026-07-13 09:42:00+05:30,24095.1,24099.0,24086.0,24095.0,24115.0,16694080.0
2026-07-13 09:43:00+05:30,24097.9,24112.9,24090.1,24100.0,20150.0,16690180.0
2026-07-13 09:44:00+05:30,24101.0,24101.0,24090.0,24094.0,6045.0,16690895.0
2026-07-13 09:45:00+05:30,24090.0,24095.5,24085.0,24089.0,3965.0,16692260.0
2026-07-13 09:46:00+05:30,24089.0,24105.0,24085.0,24095.2,14495.0,16692715.0
2026-07-13 09:47:00+05:30,24105.0,24107.0,24091.5,24107.0,6435.0,16686735.0
2026-07-13 09:48:00+05:30,24108.0,24111.0,24100.1,24105.3,7410.0,16685890.0
2026-07-13 09:49:00+05:30,24105.3,24125.0,24100.0,24115.2,22230.0,16685045.0
2026-07-13 09:50:00+05:30,24124.0,24125.0,24108.0,24117.0,12805.0,16679845.0
2026-07-13 09:51:00+05:30,24120.0,24123.0,24110.0,24123.0,11765.0,16677310.0
2026-07-13 09:52:00+05:30,24121.5,24127.2,24119.4,24121.0,15210.0,16677440.0
2026-07-13 09:53:00+05:30,24121.0,24129.0,24121.0,24125.0,5525.0,16673995.0
2026-07-13 09:54:00+05:30,24127.0,24130.0,24122.1,24129.0,7995.0,16673930.0
2026-07-13 09:55:00+05:30,24129.0,24129.9,24121.0,24128.0,7410.0,16678090.0
2026-07-13 09:56:00+05:30,24123.6,24129.9,24121.0,24127.6,14365.0,16676530.0
2026-07-13 09:57:00+05:30,24127.6,24129.9,24115.0,24115.7,12870.0,16679975.0
2026-07-13 09:58:00+05:30,24117.0,24134.0,24117.0,24127.0,10075.0,16683225.0
2026-07-13 09:59:00+05:30,24130.0,24139.0,24126.5,24139.0,13520.0,16683290.0
2026-07-13 10:00:00+05:30,24132.1,24138.8,24130.0,24138.0,6240.0,16684590.0
2026-07-13 10:01:00+05:30,24135.0,24139.1,24125.0,24125.0,5200.0,16683810.0
2026-07-13 10:02:00+05:30,24130.0,24135.0,24120.2,24135.0,11830.0,16682965.0
2026-07-13 10:03:00+05:30,24132.0,24139.0,24122.0,24128.0,4095.0,16681405.0
2026-07-13 10:04:00+05:30,24128.0,24128.7,24120.0,24128.0,5330.0,16681665.0
2026-07-13 10:05:00+05:30,24123.1,24130.0,24121.0,24125.0,2990.0,16681600.0
2026-07-13 10:06:00+05:30,24121.0,24125.0,24117.0,24117.0,6370.0,16682965.0
2026-07-13 10:07:00+05:30,24121.8,24121.8,24102.9,24110.0,13975.0,16682640.0
2026-07-13 10:08:00+05:30,24110.0,24125.0,24106.5,24123.0,7215.0,16678935.0
2026-07-13 10:09:00+05:30,24125.0,24135.0,24120.0,24120.0,6175.0,16676920.0
2026-07-13 10:10:00+05:30,24127.6,24130.0,24110.0,24123.5,2145.0,16676985.0
2026-07-13 10:11:00+05:30,24115.0,24124.2,24115.0,24124.2,2665.0,16677505.0
2026-07-13 10:12:00+05:30,24121.0,24130.0,24117.0,24130.0,4160.0,16679845.0
2026-07-13 10:13:00+05:30,24120.0,24129.0,24115.6,24115.6,2145.0,16678740.0
2026-07-13 10:14:00+05:30,24115.6,24122.0,24115.0,24115.9,8840.0,16673280.0
2026-07-13 10:15:00+05:30,24120.0,24124.0,24115.0,24115.0,4615.0,16661645.0
2026-07-13 10:16:00+05:30,24118.0,24119.8,24113.0,24116.0,2340.0,16662100.0
2026-07-13 10:17:00+05:30,24116.0,24118.7,24108.0,24115.0,4940.0,16663140.0
2026-07-13 10:18:00+05:30,24118.7,24122.0,24112.2,24122.0,2275.0,16664115.0
2026-07-13 10:19:00+05:30,24122.0,24122.0,24113.5,24122.0,1235.0,16664505.0
2026-07-13 10:20:00+05:30,24117.3,24128.0,24117.3,24125.0,2600.0,16664310.0
2026-07-13 10:21:00+05:30,24125.0,24129.0,24120.0,24120.6,1690.0,16664505.0
2026-07-13 10:22:00+05:30,24128.0,24132.0,24122.3,24132.0,4485.0,16663530.0
2026-07-13 10:23:00+05:30,24128.4,24129.9,24115.1,24120.1,1820.0,16664570.0
2026-07-13 10:24:00+05:30,24120.1,24130.0,24120.1,24130.0,2015.0,16664310.0
2026-07-13 10:25:00+05:30,24130.0,24135.0,24121.3,24133.0,4160.0,16665155.0
2026-07-13 10:26:00+05:30,24134.8,24136.0,24132.0,24134.0,3185.0,16666000.0
2026-07-13 10:27:00+05:30,24133.0,24149.0,24133.0,24148.7,20280.0,16667040.0
2026-07-13 10:28:00+05:30,24149.0,24158.0,24148.0,24158.0,20995.0,16657550.0
2026-07-13 10:29:00+05:30,24158.0,24175.0,24157.0,24161.0,19630.0,16652415.0
2026-07-13 10:30:00+05:30,24162.0,24162.0,24143.6,24146.1,11895.0,16647150.0
2026-07-13 10:31:00+05:30,24146.1,24150.0,24143.6,24150.0,6045.0,16647215.0
2026-07-13 10:32:00+05:30,24148.2,24169.0,24148.0,24165.0,4225.0,16647800.0
2026-07-13 10:33:00+05:30,24160.1,24174.0,24159.7,24170.0,5460.0,16647605.0
2026-07-13 10:34:00+05:30,24171.9,24175.0,24160.0,24175.0,10855.0,16647670.0
2026-07-13 10:35:00+05:30,24175.0,24178.7,24156.0,24169.0,15600.0,16647540.0
2026-07-13 10:36:00+05:30,24166.0,24169.0,24154.0,24165.0,2795.0,16641950.0
2026-07-13 10:37:00+05:30,24162.4,24165.0,24151.0,24162.0,3510.0,16641105.0
2026-07-13 10:38:00+05:30,24162.0,24166.0,24154.2,24158.0,2210.0,16641950.0
2026-07-13 10:39:00+05:30,24155.1,24163.0,24145.1,24151.0,5525.0,16642015.0
2026-07-13 10:40:00+05:30,24145.2,24161.0,24145.1,24161.0,6630.0,16639545.0
2026-07-13 10:41:00+05:30,24159.0,24161.0,24156.9,24158.0,1885.0,16636425.0
2026-07-13 10:42:00+05:30,24155.0,24159.9,24150.0,24152.3,2665.0,16636425.0
2026-07-13 10:43:00+05:30,24160.0,24165.0,24152.3,24156.0,2795.0,16636425.0
2026-07-13 10:44:00+05:30,24154.1,24160.5,24148.0,24160.5,2860.0,16637140.0
2026-07-13 10:45:00+05:30,24160.0,24163.7,24150.0,24159.0,2405.0,16637400.0
2026-07-13 10:46:00+05:30,24150.0,24160.0,24150.0,24160.0,1820.0,16636490.0
2026-07-13 10:47:00+05:30,24158.0,24163.0,24152.8,24163.0,1950.0,16636100.0
2026-07-13 10:48:00+05:30,24163.0,24163.0,24155.0,24155.3,2080.0,16636230.0
2026-07-13 10:49:00+05:30,24155.3,24162.0,24155.0,24155.0,4225.0,16636425.0
2026-07-13 10:50:00+05:30,24162.2,24162.2,24151.0,24151.5,1560.0,16637010.0
2026-07-13 10:51:00+05:30,24151.2,24155.2,24151.0,24151.0,3965.0,16637205.0
2026-07-13 10:52:00+05:30,24151.0,24151.0,24143.5,24150.0,6565.0,16641430.0
2026-07-13 10:53:00+05:30,24150.0,24153.0,24137.0,24137.0,7605.0,16640975.0
2026-07-13 10:54:00+05:30,24137.0,24139.9,24133.0,24133.0,4485.0,16640780.0
2026-07-13 10:55:00+05:30,24133.7,24137.0,24122.9,24125.0,5590.0,16641040.0
2026-07-13 10:56:00+05:30,24128.0,24137.0,24123.6,24136.0,5460.0,16644095.0
2026-07-13 10:57:00+05:30,24134.0,24148.1,24130.1,24145.0,2925.0,16644745.0
2026-07-13 10:58:00+05:30,24145.0,24155.0,24139.0,24150.0,3835.0,16645005.0
2026-07-13 10:59:00+05:30,24155.0,24158.0,24141.0,24146.9,2990.0,16645460.0
2026-07-13 11:00:00+05:30,24150.0,24153.0,24128.8,24135.0,2210.0,16644615.0
2026-07-13 11:01:00+05:30,24140.0,24145.0,24134.9,24135.0,845.0,16644290.0
2026-07-13 11:02:00+05:30,24135.0,24145.0,24127.9,24143.7,5395.0,16643640.0
2026-07-13 11:03:00+05:30,24145.2,24153.0,24132.3,24152.3,2340.0,16642535.0
2026-07-13 11:04:00+05:30,24150.0,24155.0,24140.9,24155.0,2795.0,16642210.0
2026-07-13 11:05:00+05:30,24150.0,24163.0,24150.0,24163.0,3705.0,16641885.0
2026-07-13 11:06:00+05:30,24163.9,24163.9,24155.0,24163.0,11310.0,16642470.0
2026-07-13 11:07:00+05:30,24162.0,24166.9,24154.5,24160.1,16705.0,16638895.0
2026-07-13 11:08:00+05:30,24166.0,24167.8,24157.1,24162.9,3120.0,16643380.0
2026-07-13 11:09:00+05:30,24162.9,24165.0,24155.0,24161.0,1820.0,16643705.0
2026-07-13 11:10:00+05:30,24159.0,24166.0,24157.0,24158.6,3640.0,16644225.0
2026-07-13 11:11:00+05:30,24164.9,24183.0,24159.9,24183.0,30745.0,16645070.0
2026-07-13 11:12:00+05:30,24181.0,24183.8,24165.2,24175.0,9165.0,16647410.0
2026-07-13 11:13:00+05:30,24179.0,24179.0,24163.4,24163.4,8580.0,16652935.0
2026-07-13 11:14:00+05:30,24164.1,24170.0,24160.0,24160.0,6565.0,16657095.0
2026-07-13 11:15:00+05:30,24160.0,24161.7,24155.0,24156.8,3380.0,16659890.0
2026-07-13 11:16:00+05:30,24160.0,24160.0,24154.0,24156.0,1365.0,16659890.0
2026-07-13 11:17:00+05:30,24156.0,24156.1,24151.0,24151.0,1105.0,16660215.0
2026-07-13 11:18:00+05:30,24151.0,24152.0,24141.8,24142.0,8450.0,16660865.0
2026-07-13 11:19:00+05:30,24142.2,24149.7,24141.0,24146.0,2405.0,16663010.0
2026-07-13 11:20:00+05:30,24145.7,24156.0,24145.7,24155.5,4290.0,16664180.0
2026-07-13 11:21:00+05:30,24155.9,24168.0,24155.5,24160.6,8905.0,16666520.0
2026-07-13 11:22:00+05:30,24163.0,24170.0,24158.4,24169.1,4030.0,16667235.0
2026-07-13 11:23:00+05:30,24168.0,24172.0,24161.2,24161.2,1690.0,16667300.0
2026-07-13 11:24:00+05:30,24161.0,24167.0,24157.6,24158.5,1300.0,16663465.0
2026-07-13 11:25:00+05:30,24165.0,24165.0,24158.5,24160.2,1950.0,16663985.0
2026-07-13 11:26:00+05:30,24165.0,24165.0,24158.5,24160.1,845.0,16664050.0
2026-07-13 11:27:00+05:30,24162.0,24162.0,24158.5,24158.5,7410.0,16664765.0
2026-07-13 11:28:00+05:30,24160.0,24160.0,24155.0,24155.0,5850.0,16665480.0
2026-07-13 11:29:00+05:30,24155.0,24155.0,24145.0,24145.0,3120.0,16665740.0
2026-07-13 11:30:00+05:30,24149.4,24155.0,24149.2,24155.0,4810.0,16667430.0
2026-07-13 11:31:00+05:30,24155.0,24159.7,24150.0,24150.0,1625.0,16667755.0
2026-07-13 11:32:00+05:30,24150.0,24156.0,24149.9,24156.0,1040.0,16666650.0
2026-07-13 11:33:00+05:30,24157.0,24159.0,24150.0,24158.0,4875.0,16666065.0
2026-07-13 11:34:00+05:30,24158.0,24159.1,24153.5,24159.1,1755.0,16666390.0
2026-07-13 11:35:00+05:30,24159.7,24167.6,24157.8,24160.0,3185.0,16666065.0
2026-07-13 11:36:00+05:30,24167.7,24167.7,24160.0,24160.1,780.0,16665805.0
2026-07-13 11:37:00+05:30,24157.0,24157.0,24153.0,24153.0,1820.0,16665675.0
2026-07-13 11:38:00+05:30,24155.0,24155.0,24154.0,24154.0,325.0,16665480.0
2026-07-13 11:39:00+05:30,24154.0,24155.0,24148.0,24148.0,2145.0,16663075.0
2026-07-13 11:40:00+05:30,24148.0,24152.8,24145.0,24146.5,2015.0,16664245.0
2026-07-13 11:41:00+05:30,24147.6,24151.0,24143.0,24147.0,3705.0,16665155.0
2026-07-13 11:42:00+05:30,24145.5,24149.8,24142.8,24145.6,2665.0,16665870.0
2026-07-13 11:43:00+05:30,24149.0,24150.0,24144.0,24145.5,1690.0,16667040.0
2026-07-13 11:44:00+05:30,24144.0,24149.9,24141.6,24142.0,3250.0,16666585.0
2026-07-13 11:45:00+05:30,24141.1,24148.0,24141.1,24144.0,1755.0,16667300.0
2026-07-13 11:46:00+05:30,24142.8,24149.8,24141.0,24145.0,2405.0,16667430.0
2026-07-13 11:47:00+05:30,24145.0,24166.7,24144.3,24163.8,4420.0,16668795.0
2026-07-13 11:48:00+05:30,24151.8,24167.4,24146.4,24147.5,2600.0,16670485.0
2026-07-13 11:49:00+05:30,24144.2,24158.0,24144.2,24152.6,2470.0,16670745.0
2026-07-13 11:50:00+05:30,24152.6,24164.5,24150.8,24164.0,3900.0,16671135.0
2026-07-13 11:51:00+05:30,24164.0,24172.0,24160.2,24160.2,2860.0,16670225.0
2026-07-13 11:52:00+05:30,24163.5,24166.8,24155.0,24166.0,910.0,16669900.0
2026-07-13 11:53:00+05:30,24160.0,24165.0,24153.8,24165.0,2340.0,16669510.0
2026-07-13 11:54:00+05:30,24160.0,24166.0,24160.0,24165.0,1690.0,16668340.0
2026-07-13 11:55:00+05:30,24165.0,24165.0,24157.7,24160.0,1170.0,16668275.0
2026-07-13 11:56:00+05:30,24160.0,24160.6,24157.0,24160.5,650.0,16668665.0
2026-07-13 11:57:00+05:30,24160.5,24160.5,24150.0,24150.0,1170.0,16668600.0
2026-07-13 11:58:00+05:30,24150.0,24154.7,24150.0,24151.1,650.0,16668925.0
2026-07-13 11:59:00+05:30,24151.1,24160.1,24150.0,24150.0,2080.0,16669640.0
2026-07-13 12:00:00+05:30,24150.6,24164.9,24150.6,24164.9,4160.0,16671915.0
2026-07-13 12:01:00+05:30,24165.0,24166.8,24157.2,24165.0,1365.0,16672370.0
2026-07-13 12:02:00+05:30,24165.0,24165.2,24161.0,24165.1,1495.0,16672565.0
2026-07-13 12:03:00+05:30,24163.5,24165.2,24160.0,24161.1,910.0,16672175.0
2026-07-13 12:04:00+05:30,24161.0,24170.0,24161.0,24167.0,1105.0,16672175.0
2026-07-13 12:05:00+05:30,24166.0,24170.0,24166.0,24170.0,1300.0,16672110.0
2026-07-13 12:06:00+05:30,24170.0,24170.0,24166.0,24170.0,1950.0,16673085.0
2026-07-13 12:07:00+05:30,24170.0,24174.0,24170.0,24174.0,3445.0,16673085.0
2026-07-13 12:08:00+05:30,24169.2,24175.0,24168.1,24175.0,1495.0,16672760.0
2026-07-13 12:09:00+05:30,24172.1,24175.0,24170.0,24174.9,1300.0,16671850.0
2026-07-13 12:10:00+05:30,24174.0,24174.9,24168.0,24168.0,1040.0,16671720.0
2026-07-13 12:11:00+05:30,24168.0,24173.0,24165.2,24173.0,1235.0,16670875.0
2026-07-13 12:12:00+05:30,24174.9,24174.9,24163.7,24167.6,1820.0,16671525.0
2026-07-13 12:13:00+05:30,24173.9,24216.0,24169.0,24216.0,49270.0,16665415.0
2026-07-13 12:14:00+05:30,24210.0,24220.0,24198.9,24207.3,18330.0,16659955.0
2026-07-13 12:15:00+05:30,24207.3,24217.6,24188.1,24200.0,33280.0,16651245.0
2026-07-13 12:16:00+05:30,24192.0,24199.8,24188.0,24198.0,4940.0,16651895.0
2026-07-13 12:17:00+05:30,24190.0,24215.0,24190.0,24200.0,15080.0,16652415.0
2026-07-13 12:18:00+05:30,24200.5,24214.8,24200.0,24214.8,8840.0,16648710.0
2026-07-13 12:19:00+05:30,24214.0,24225.9,24205.0,24219.8,17290.0,16647995.0
2026-07-13 12:20:00+05:30,24220.0,24220.0,24203.3,24214.9,4745.0,16648060.0
2026-07-13 12:21:00+05:30,24210.1,24220.0,24210.0,24219.0,6500.0,16649035.0
2026-07-13 12:22:00+05:30,24219.0,24222.0,24214.9,24218.0,3640.0,16650075.0
2026-07-13 12:23:00+05:30,24218.0,24220.0,24210.0,24212.5,3380.0,16650010.0
2026-07-13 12:24:00+05:30,24212.0,24215.0,24200.0,24207.0,7865.0,16650075.0
2026-07-13 12:25:00+05:30,24207.0,24214.9,24202.0,24202.5,3120.0,16649750.0
2026-07-13 12:26:00+05:30,24207.0,24215.0,24201.0,24205.0,3965.0,16649880.0
2026-07-13 12:27:00+05:30,24205.0,24216.3,24205.0,24210.0,11310.0,16654105.0
2026-07-13 12:28:00+05:30,24210.1,24215.0,24210.0,24212.0,3185.0,16653780.0
2026-07-13 12:29:00+05:30,24214.8,24214.8,24202.4,24208.0,3965.0,16653325.0
2026-07-13 12:30:00+05:30,24208.0,24213.3,24200.0,24209.8,6500.0,16653390.0
2026-07-13 12:31:00+05:30,24200.0,24209.0,24200.0,24205.0,1625.0,16653390.0
2026-07-13 12:32:00+05:30,24204.9,24216.0,24200.5,24210.0,4420.0,16652610.0
2026-07-13 12:33:00+05:30,24219.0,24220.0,24208.6,24220.0,2795.0,16652805.0
2026-07-13 12:34:00+05:30,24214.0,24233.4,24212.9,24225.0,11635.0,16654430.0
2026-07-13 12:35:00+05:30,24229.5,24235.0,24225.0,24230.0,6630.0,16654820.0
2026-07-13 12:36:00+05:30,24225.0,24235.0,24219.1,24225.0,6565.0,16654820.0
2026-07-13 12:37:00+05:30,24225.0,24228.1,24219.8,24224.0,2730.0,16655275.0
2026-07-13 12:38:00+05:30,24219.8,24235.0,24219.8,24228.0,6695.0,16656055.0
2026-07-13 12:39:00+05:30,24234.0,24238.0,24230.0,24238.0,4420.0,16656770.0
2026-07-13 12:40:00+05:30,24238.0,24239.0,24232.0,24233.0,5850.0,16657030.0
2026-07-13 12:41:00+05:30,24232.5,24240.0,24228.5,24234.0,10205.0,16657875.0
2026-07-13 12:42:00+05:30,24234.0,24240.0,24231.8,24233.5,3640.0,16654885.0
2026-07-13 12:43:00+05:30,24234.0,24240.0,24225.0,24230.5,4615.0,16655145.0
2026-07-13 12:44:00+05:30,24232.0,24240.0,24229.4,24240.0,6435.0,16653975.0
2026-07-13 12:45:00+05:30,24240.0,24248.9,24240.0,24248.0,9100.0,16653845.0
2026-07-13 12:46:00+05:30,24248.0,24248.0,24235.0,24240.0,3770.0,16655080.0
2026-07-13 12:47:00+05:30,24240.0,24242.7,24235.0,24240.0,5005.0,16654690.0
2026-07-13 12:48:00+05:30,24244.8,24244.8,24230.1,24230.5,2990.0,16654170.0
2026-07-13 12:49:00+05:30,24239.0,24240.0,24230.5,24231.1,4290.0,16654820.0
2026-07-13 12:50:00+05:30,24231.1,24239.9,24228.2,24239.9,4290.0,16654690.0
2026-07-13 12:51:00+05:30,24239.9,24263.9,24231.5,24256.0,40430.0,16655470.0
2026-07-13 12:52:00+05:30,24255.0,24293.8,24255.0,24286.8,46410.0,16647800.0
2026-07-13 12:53:00+05:30,24286.8,24292.9,24255.8,24272.0,29835.0,16635645.0
2026-07-13 12:54:00+05:30,24269.0,24274.7,24265.0,24265.0,7735.0,16630120.0
2026-07-13 12:55:00+05:30,24265.0,24270.0,24244.5,24255.0,11635.0,16628690.0
2026-07-13 12:56:00+05:30,24255.0,24260.0,24249.2,24253.0,3510.0,16626610.0
2026-07-13 12:57:00+05:30,24253.0,24258.0,24248.0,24249.6,3770.0,16623685.0
2026-07-13 12:58:00+05:30,24250.0,24258.0,24245.5,24245.5,3575.0,16624465.0
2026-07-13 12:59:00+05:30,24245.5,24254.9,24242.0,24247.0,4485.0,16624270.0
2026-07-13 13:00:00+05:30,24249.9,24251.0,24233.2,24240.0,8385.0,16624205.0
2026-07-13 13:01:00+05:30,24234.0,24239.9,24229.0,24234.0,9425.0,16624465.0
2026-07-13 13:02:00+05:30,24234.0,24240.0,24234.0,24235.0,2405.0,16623295.0
2026-07-13 13:03:00+05:30,24234.1,24236.5,24226.0,24227.2,3770.0,16625180.0
2026-07-13 13:04:00+05:30,24235.0,24240.0,24228.0,24229.0,4810.0,16625960.0
2026-07-13 13:05:00+05:30,24228.6,24241.6,24228.0,24238.0,9880.0,16625960.0
2026-07-13 13:06:00+05:30,24238.0,24240.0,24230.9,24232.5,2340.0,16630315.0
2026-07-13 13:07:00+05:30,24239.0,24240.0,24232.5,24238.0,2210.0,16631225.0
2026-07-13 13:08:00+05:30,24239.9,24247.6,24239.9,24247.6,4875.0,16627975.0
2026-07-13 13:09:00+05:30,24239.9,24249.0,24239.9,24248.0,1820.0,16630835.0
2026-07-13 13:10:00+05:30,24247.5,24255.0,24243.0,24245.0,4290.0,16630575.0
2026-07-13 13:11:00+05:30,24250.0,24254.6,24240.1,24240.1,1560.0,16629015.0
2026-07-13 13:12:00+05:30,24242.0,24248.6,24240.8,24243.3,1950.0,16629795.0
2026-07-13 13:13:00+05:30,24248.0,24248.6,24243.3,24247.0,1495.0,16630445.0
2026-07-13 13:14:00+05:30,24247.0,24249.0,24240.0,24241.1,6045.0,16631160.0
2026-07-13 13:15:00+05:30,24242.0,24250.0,24240.0,24245.0,1625.0,16631225.0
2026-07-13 13:16:00+05:30,24245.0,24250.0,24239.9,24242.0,1625.0,16631875.0
2026-07-13 13:17:00+05:30,24244.9,24245.0,24239.9,24240.0,2470.0,16632135.0
2026-07-13 13:18:00+05:30,24240.0,24244.0,24238.0,24238.0,2600.0,16632135.0
2026-07-13 13:19:00+05:30,24238.0,24245.0,24238.0,24240.0,1755.0,16632525.0
2026-07-13 13:20:00+05:30,24245.0,24245.0,24238.0,24241.1,3705.0,16636750.0
2026-07-13 13:21:00+05:30,24238.0,24238.0,24221.0,24224.0,12805.0,16636750.0
2026-07-13 13:22:00+05:30,24226.0,24240.0,24222.0,24240.0,3900.0,16637855.0
2026-07-13 13:23:00+05:30,24240.0,24240.0,24225.0,24230.4,2405.0,16638375.0
2026-07-13 13:24:00+05:30,24230.4,24233.0,24225.0,24226.0,3965.0,16636100.0
2026-07-13 13:25:00+05:30,24230.0,24230.0,24225.0,24225.0,2210.0,16637790.0
2026-07-13 13:26:00+05:30,24225.0,24227.5,24215.0,24217.0,7930.0,16635775.0
2026-07-13 13:27:00+05:30,24219.0,24222.3,24211.0,24214.2,7280.0,16635125.0
2026-07-13 13:28:00+05:30,24210.0,24213.7,24201.0,24204.0,7345.0,16637075.0
2026-07-13 13:29:00+05:30,24201.1,24203.9,24183.4,24194.0,29640.0,16639220.0
2026-07-13 13:30:00+05:30,24191.3,24205.0,24191.3,24202.0,31590.0,16636750.0
2026-07-13 13:31:00+05:30,24202.0,24220.0,24201.8,24220.0,36985.0,16626415.0
2026-07-13 13:32:00+05:30,24216.0,24227.4,24214.0,24220.1,7410.0,16623620.0
2026-07-13 13:33:00+05:30,24224.0,24228.2,24215.0,24215.2,10985.0,16621280.0
2026-07-13 13:34:00+05:30,24221.4,24222.0,24215.2,24222.0,975.0,16621345.0
2026-07-13 13:35:00+05:30,24221.8,24239.4,24218.7,24234.6,8060.0,16622450.0
2026-07-13 13:36:00+05:30,24234.0,24240.0,24227.7,24235.9,3315.0,16622775.0
2026-07-13 13:37:00+05:30,24230.9,24230.9,24220.0,24230.0,1365.0,16621865.0
2026-07-13 13:38:00+05:30,24224.2,24230.0,24222.0,24230.0,1560.0,16619200.0
2026-07-13 13:39:00+05:30,24229.0,24235.0,24224.5,24235.0,2860.0,16619460.0
2026-07-13 13:40:00+05:30,24233.0,24237.9,24230.6,24237.9,1755.0,16620045.0
2026-07-13 13:41:00+05:30,24231.0,24240.7,24231.0,24235.0,6760.0,16607175.0
2026-07-13 13:42:00+05:30,24240.0,24243.2,24229.6,24232.0,2210.0,16606330.0
2026-07-13 13:43:00+05:30,24232.0,24240.1,24220.0,24225.1,3445.0,16605290.0
2026-07-13 13:44:00+05:30,24218.6,24230.7,24216.0,24219.4,2080.0,16606785.0
2026-07-13 13:45:00+05:30,24218.1,24231.2,24218.1,24221.9,1365.0,16606850.0
2026-07-13 13:46:00+05:30,24229.9,24231.0,24221.9,24230.0,1105.0,16607305.0
2026-07-13 13:47:00+05:30,24230.0,24231.1,24225.0,24231.0,910.0,16607890.0
2026-07-13 13:48:00+05:30,24225.0,24239.4,24225.0,24239.0,1560.0,16608475.0
2026-07-13 13:49:00+05:30,24229.5,24239.5,24225.8,24238.7,1300.0,16609580.0
2026-07-13 13:50:00+05:30,24233.2,24238.9,24225.2,24236.6,1365.0,16609580.0
2026-07-13 13:51:00+05:30,24226.0,24234.2,24222.0,24222.7,1170.0,16609840.0
2026-07-13 13:52:00+05:30,24222.5,24233.0,24218.0,24220.0,4290.0,16609970.0
2026-07-13 13:53:00+05:30,24220.0,24224.0,24215.8,24215.8,6825.0,16614325.0
2026-07-13 13:54:00+05:30,24220.0,24223.0,24218.5,24220.4,2600.0,16614715.0
2026-07-13 13:55:00+05:30,24220.4,24223.0,24215.1,24219.0,2600.0,16616860.0
2026-07-13 13:56:00+05:30,24220.0,24220.5,24216.1,24220.0,1820.0,16617770.0
2026-07-13 13:57:00+05:30,24215.8,24223.0,24212.0,24222.0,6630.0,16617900.0
2026-07-13 13:58:00+05:30,24222.5,24230.0,24220.0,24230.0,3835.0,16622320.0
2026-07-13 13:59:00+05:30,24223.4,24229.9,24219.2,24220.0,5330.0,16625570.0
2026-07-13 14:00:00+05:30,24220.1,24229.9,24220.0,24222.5,6370.0,16629600.0
2026-07-13 14:01:00+05:30,24223.0,24229.9,24219.7,24225.1,8970.0,16628105.0
2026-07-13 14:02:00+05:30,24227.9,24234.9,24220.0,24227.9,7930.0,16634735.0
2026-07-13 14:03:00+05:30,24227.9,24230.0,24216.4,24219.5,3640.0,16634735.0
2026-07-13 14:04:00+05:30,24229.5,24229.5,24218.0,24220.7,5135.0,16632655.0
2026-07-13 14:05:00+05:30,24226.8,24231.0,24222.9,24229.9,7540.0,16634670.0
2026-07-13 14:06:00+05:30,24229.9,24231.0,24225.0,24231.0,1430.0,16635580.0
2026-07-13 14:07:00+05:30,24228.9,24236.0,24228.9,24230.9,4420.0,16636360.0
2026-07-13 14:08:00+05:30,24236.0,24240.0,24230.0,24230.1,3380.0,16629535.0
2026-07-13 14:09:00+05:30,24230.1,24234.3,24225.1,24234.3,3055.0,16631030.0
2026-07-13 14:10:00+05:30,24234.5,24242.0,24234.5,24238.9,4875.0,16632330.0
2026-07-13 14:11:00+05:30,24236.4,24243.7,24236.4,24243.7,2730.0,16630965.0
2026-07-13 14:12:00+05:30,24242.0,24249.0,24236.0,24236.0,8255.0,16629080.0
2026-07-13 14:13:00+05:30,24247.1,24247.1,24238.0,24246.0,3315.0,16626155.0
2026-07-13 14:14:00+05:30,24246.0,24248.0,24240.5,24243.6,2665.0,16622385.0
2026-07-13 14:15:00+05:30,24248.0,24250.0,24245.8,24250.0,4680.0,16621865.0
2026-07-13 14:16:00+05:30,24249.9,24250.0,24245.2,24245.2,4290.0,16621410.0
2026-07-13 14:17:00+05:30,24250.0,24250.0,24245.0,24245.3,2665.0,16621020.0
2026-07-13 14:18:00+05:30,24243.0,24252.0,24243.0,24252.0,3900.0,16619265.0
2026-07-13 14:19:00+05:30,24252.0,24258.0,24248.6,24258.0,5655.0,16619135.0
2026-07-13 14:20:00+05:30,24258.0,24260.0,24250.0,24258.7,4745.0,16617770.0
2026-07-13 14:21:00+05:30,24252.1,24270.0,24250.3,24270.0,11700.0,16617510.0
2026-07-13 14:22:00+05:30,24269.9,24270.0,24257.5,24260.6,4680.0,16617640.0
2026-07-13 14:23:00+05:30,24260.7,24269.8,24255.5,24267.8,5590.0,16619460.0
2026-07-13 14:24:00+05:30,24265.1,24269.0,24258.5,24258.6,3380.0,16619590.0
2026-07-13 14:25:00+05:30,24261.9,24261.9,24257.0,24258.6,2210.0,16620825.0
2026-07-13 14:26:00+05:30,24257.6,24263.0,24257.0,24263.0,2145.0,16621150.0
2026-07-13 14:27:00+05:30,24263.8,24267.0,24259.0,24267.0,2665.0,16620695.0
2026-07-13 14:28:00+05:30,24267.3,24268.0,24251.5,24263.6,3965.0,16620630.0
2026-07-13 14:29:00+05:30,24262.5,24262.5,24251.0,24259.9,2600.0,16619785.0
2026-07-13 14:30:00+05:30,24263.0,24263.0,24250.3,24253.7,9945.0,16626025.0
2026-07-13 14:31:00+05:30,24253.7,24265.0,24252.0,24264.8,3380.0,16628235.0
2026-07-13 14:32:00+05:30,24263.9,24264.9,24252.0,24258.1,3575.0,16627845.0
2026-07-13 14:33:00+05:30,24257.0,24261.4,24255.0,24255.0,1820.0,16628560.0
2026-07-13 14:34:00+05:30,24259.7,24262.0,24255.0,24262.0,2795.0,16627845.0
2026-07-13 14:35:00+05:30,24262.1,24265.0,24252.3,24262.0,2990.0,16628755.0
2026-07-13 14:36:00+05:30,24257.1,24262.0,24252.3,24252.3,3315.0,16629275.0
2026-07-13 14:37:00+05:30,24252.7,24254.5,24231.3,24243.5,14365.0,16635905.0
2026-07-13 14:38:00+05:30,24246.6,24246.8,24241.0,24244.9,4615.0,16636555.0
2026-07-13 14:39:00+05:30,24245.0,24246.4,24237.0,24243.7,2665.0,16635645.0
2026-07-13 14:40:00+05:30,24242.9,24244.1,24237.0,24244.1,2340.0,16637140.0
2026-07-13 14:41:00+05:30,24243.9,24247.0,24239.5,24246.9,3185.0,16636685.0
2026-07-13 14:42:00+05:30,24246.9,24248.0,24245.0,24248.0,3380.0,16637790.0
2026-07-13 14:43:00+05:30,24245.2,24250.3,24242.0,24250.3,6370.0,16639090.0
2026-07-13 14:44:00+05:30,24248.9,24255.6,24245.0,24245.2,1755.0,16642535.0
2026-07-13 14:45:00+05:30,24255.7,24259.9,24255.1,24259.0,2665.0,16643250.0
2026-07-13 14:46:00+05:30,24259.9,24260.0,24255.0,24258.5,2275.0,16643705.0
2026-07-13 14:47:00+05:30,24257.0,24265.0,24257.0,24264.1,3965.0,16643900.0
2026-07-13 14:48:00+05:30,24263.7,24269.8,24263.6,24267.2,3640.0,16644550.0
2026-07-13 14:49:00+05:30,24267.2,24269.3,24251.6,24264.4,6825.0,16643250.0
2026-07-13 14:50:00+05:30,24265.0,24270.0,24256.6,24269.9,4615.0,16645135.0
2026-07-13 14:51:00+05:30,24270.0,24270.0,24260.0,24265.0,4095.0,16645005.0
2026-07-13 14:52:00+05:30,24262.0,24269.0,24256.1,24266.8,2275.0,16645915.0
2026-07-13 14:53:00+05:30,24266.8,24275.0,24257.0,24271.6,9685.0,16645525.0
2026-07-13 14:54:00+05:30,24270.8,24275.0,24270.0,24275.0,4095.0,16645005.0
2026-07-13 14:55:00+05:30,24273.0,24275.0,24250.0,24259.0,9620.0,16648320.0
2026-07-13 14:56:00+05:30,24259.0,24267.8,24255.6,24267.0,2340.0,16649360.0
2026-07-13 14:57:00+05:30,24263.6,24267.7,24255.0,24263.0,3120.0,16650075.0
2026-07-13 14:58:00+05:30,24267.5,24267.5,24250.0,24250.0,6175.0,16651245.0
2026-07-13 14:59:00+05:30,24250.0,24259.3,24246.3,24246.3,11180.0,16652610.0
2026-07-13 15:00:00+05:30,24246.0,24254.9,24236.0,24241.9,12285.0,16660605.0
2026-07-13 15:01:00+05:30,24240.9,24255.0,24240.9,24249.0,2730.0,16660930.0
2026-07-13 15:02:00+05:30,24258.9,24258.9,24248.0,24250.9,2535.0,16661385.0
2026-07-13 15:03:00+05:30,24250.0,24256.8,24248.0,24254.6,2275.0,16661125.0
2026-07-13 15:04:00+05:30,24255.0,24258.0,24248.0,24258.0,4225.0,16661385.0
2026-07-13 15:05:00+05:30,24256.6,24260.7,24255.2,24260.0,5655.0,16662620.0
2026-07-13 15:06:00+05:30,24258.0,24260.0,24250.0,24258.0,2405.0,16662815.0
2026-07-13 15:07:00+05:30,24254.1,24258.0,24251.2,24257.9,2535.0,16662490.0
2026-07-13 15:08:00+05:30,24256.4,24257.1,24250.0,24253.0,4680.0,16662230.0
2026-07-13 15:09:00+05:30,24253.0,24253.0,24245.0,24248.6,5460.0,16658980.0
2026-07-13 15:10:00+05:30,24248.6,24253.4,24243.0,24251.0,5330.0,16659175.0
2026-07-13 15:11:00+05:30,24249.9,24251.0,24241.0,24243.5,4745.0,16659630.0
2026-07-13 15:12:00+05:30,24243.6,24245.4,24240.0,24240.1,5915.0,16661320.0
2026-07-13 15:13:00+05:30,24240.0,24243.0,24240.0,24243.0,6955.0,16662685.0
2026-07-13 15:14:00+05:30,24244.0,24255.0,24243.0,24252.3,5265.0,16663010.0
2026-07-13 15:15:00+05:30,24249.8,24251.2,24241.0,24245.5,7020.0,16664180.0
2026-07-13 15:16:00+05:30,24245.2,24247.4,24240.1,24245.0,6500.0,16665935.0
2026-07-13 15:17:00+05:30,24245.0,24253.9,24241.0,24242.1,5785.0,16666195.0
2026-07-13 15:18:00+05:30,24242.1,24247.9,24241.0,24242.1,7540.0,16667495.0
2026-07-13 15:19:00+05:30,24242.0,24245.2,24235.0,24242.3,12935.0,16670095.0
2026-07-13 15:20:00+05:30,24244.3,24244.3,24235.0,24235.0,11115.0,16670745.0
2026-07-13 15:21:00+05:30,24236.0,24243.0,24235.0,24235.0,12740.0,16673540.0
2026-07-13 15:22:00+05:30,24237.0,24247.3,24235.0,24235.7,11895.0,16682315.0
2026-07-13 15:23:00+05:30,24239.6,24245.0,24235.0,24240.0,9295.0,16682315.0
2026-07-13 15:24:00+05:30,24240.0,24240.0,24231.9,24240.0,21905.0,16687125.0
2026-07-13 15:25:00+05:30,24231.1,24240.0,24231.0,24237.8,13065.0,16684265.0
2026-07-13 15:26:00+05:30,24236.4,24241.0,24235.0,24239.8,12285.0,16688750.0
2026-07-13 15:27:00+05:30,24239.8,24244.0,24234.0,24243.0,30355.0,16704415.0
2026-07-13 15:28:00+05:30,24245.0,24249.0,24242.0,24249.0,13520.0,16704805.0
2026-07-13 15:29:00+05:30,24249.0,24258.0,24245.0,24249.0,30160.0,16708380.0
2026-07-14 09:15:00+05:30,24097.5,24112.4,24075.0,24090.5,113230.0,16503175.0
2026-07-14 09:16:00+05:30,24092.4,24115.0,24090.0,24105.0,49660.0,16498690.0
2026-07-14 09:17:00+05:30,24110.0,24134.0,24104.1,24133.2,43875.0,16505060.0
2026-07-14 09:18:00+05:30,24133.9,24134.2,24120.0,24124.9,22750.0,16503890.0
2026-07-14 09:19:00+05:30,24120.0,24123.2,24110.4,24120.0,23270.0,16508050.0
2026-07-14 09:20:00+05:30,24120.0,24128.0,24115.0,24128.0,24700.0,16510325.0
2026-07-14 09:21:00+05:30,24128.0,24150.0,24122.9,24131.0,23595.0,16515720.0
2026-07-14 09:22:00+05:30,24137.7,24148.0,24126.5,24145.0,22100.0,16515850.0
2026-07-14 09:23:00+05:30,24140.5,24150.0,24134.8,24145.0,20475.0,16517605.0
2026-07-14 09:24:00+05:30,24149.0,24154.0,24140.0,24150.0,24960.0,16521440.0
2026-07-14 09:25:00+05:30,24149.9,24158.3,24140.0,24154.7,21125.0,16525925.0
2026-07-14 09:26:00+05:30,24148.0,24159.9,24141.0,24148.0,16640.0,16525600.0
2026-07-14 09:27:00+05:30,24159.8,24159.8,24145.0,24149.0,10270.0,16532620.0
2026-07-14 09:28:00+05:30,24150.0,24153.8,24143.0,24148.0,8385.0,16533075.0
2026-07-14 09:29:00+05:30,24148.0,24149.9,24137.0,24140.4,14365.0,16536260.0
2026-07-14 09:30:00+05:30,24140.2,24145.0,24130.0,24130.2,17030.0,16540550.0
2026-07-14 09:31:00+05:30,24130.0,24145.0,24127.0,24127.0,21385.0,16540550.0
2026-07-14 09:32:00+05:30,24128.9,24145.0,24121.5,24145.0,19630.0,16539185.0
2026-07-14 09:33:00+05:30,24141.5,24147.0,24135.0,24139.0,8125.0,16536520.0
2026-07-14 09:34:00+05:30,24146.9,24146.9,24131.1,24138.9,6890.0,16538925.0
2026-07-14 09:35:00+05:30,24138.8,24138.8,24111.3,24120.0,19630.0,16540160.0
2026-07-14 09:36:00+05:30,24118.0,24125.3,24110.0,24114.0,12805.0,16543475.0
2026-07-14 09:37:00+05:30,24110.0,24120.0,24102.0,24110.0,14365.0,16544840.0
2026-07-14 09:38:00+05:30,24109.9,24115.0,24100.5,24102.0,13195.0,16548220.0
2026-07-14 09:39:00+05:30,24101.0,24110.0,24097.1,24101.2,25805.0,16546205.0
2026-07-14 09:40:00+05:30,24105.1,24105.1,24091.0,24095.9,13910.0,16543150.0
2026-07-14 09:41:00+05:30,24094.4,24094.4,24075.0,24078.0,57005.0,16547765.0
2026-07-14 09:42:00+05:30,24078.4,24088.2,24078.1,24084.0,8515.0,16547700.0
2026-07-14 09:43:00+05:30,24081.0,24095.0,24077.7,24088.0,20475.0,16543800.0
2026-07-14 09:44:00+05:30,24091.9,24107.0,24090.7,24106.3,18850.0,16532165.0
2026-07-14 09:45:00+05:30,24100.0,24105.9,24081.0,24082.8,14300.0,16529435.0
2026-07-14 09:46:00+05:30,24082.8,24088.0,24077.8,24080.0,13845.0,16524690.0
2026-07-14 09:47:00+05:30,24084.8,24084.8,24077.1,24082.8,17355.0,16528070.0
2026-07-14 09:48:00+05:30,24078.0,24081.4,24060.0,24069.9,33475.0,16535155.0
2026-07-14 09:49:00+05:30,24070.2,24082.7,24060.1,24080.8,55380.0,16532750.0
2026-07-14 09:50:00+05:30,24068.7,24081.7,24068.7,24078.0,6760.0,16524950.0
2026-07-14 09:51:00+05:30,24078.0,24081.1,24072.2,24073.5,7930.0,16525535.0
2026-07-14 09:52:00+05:30,24072.0,24077.6,24065.0,24070.0,10335.0,16526120.0
2026-07-14 09:53:00+05:30,24070.0,24079.9,24070.0,24070.7,5460.0,16525925.0
2026-07-14 09:54:00+05:30,24070.6,24076.3,24065.0,24066.0,9555.0,16526250.0
2026-07-14 09:55:00+05:30,24066.0,24076.8,24064.8,24076.8,6500.0,16527615.0
2026-07-14 09:56:00+05:30,24073.0,24080.3,24070.0,24077.2,16120.0,16528330.0
2026-07-14 09:57:00+05:30,24077.6,24080.6,24063.0,24064.6,19435.0,16533010.0
2026-07-14 09:58:00+05:30,24064.6,24079.8,24063.1,24068.1,5070.0,16535870.0
2026-07-14 09:59:00+05:30,24070.0,24083.8,24068.0,24080.0,4355.0,16536000.0
2026-07-14 10:00:00+05:30,24079.0,24081.5,24070.4,24074.8,9295.0,16539380.0
2026-07-14 10:01:00+05:30,24075.0,24094.0,24072.0,24087.0,8970.0,16540550.0
2026-07-14 10:02:00+05:30,24090.0,24090.0,24073.0,24075.0,4485.0,16540290.0
2026-07-14 10:03:00+05:30,24076.1,24090.0,24073.2,24087.2,3055.0,16541200.0
2026-07-14 10:04:00+05:30,24080.0,24094.0,24075.0,24083.9,5720.0,16541785.0
2026-07-14 10:05:00+05:30,24084.5,24095.0,24082.6,24091.7,1950.0,16542760.0
2026-07-14 10:06:00+05:30,24086.2,24096.0,24085.4,24088.0,7995.0,16544125.0
2026-07-14 10:07:00+05:30,24095.4,24095.4,24079.8,24083.0,7995.0,16545165.0
2026-07-14 10:08:00+05:30,24083.0,24096.7,24076.0,24096.0,4550.0,16545035.0
2026-07-14 10:09:00+05:30,24096.9,24105.3,24089.0,24103.3,5720.0,16545165.0
2026-07-14 10:10:00+05:30,24104.9,24105.6,24087.5,24102.0,7345.0,16545035.0
2026-07-14 10:11:00+05:30,24100.0,24102.0,24092.0,24099.9,6500.0,16542890.0
2026-07-14 10:12:00+05:30,24100.0,24101.5,24092.0,24101.0,10335.0,16537430.0
2026-07-14 10:13:00+05:30,24092.1,24099.9,24092.0,24092.0,1690.0,16535220.0
2026-07-14 10:14:00+05:30,24092.5,24092.5,24080.0,24080.0,3835.0,16535805.0
2026-07-14 10:15:00+05:30,24080.0,24089.0,24077.0,24078.2,4225.0,16535545.0
2026-07-14 10:16:00+05:30,24082.0,24091.0,24077.1,24085.0,1885.0,16536455.0
2026-07-14 10:17:00+05:30,24085.0,24085.0,24074.0,24074.0,4615.0,16536520.0
2026-07-14 10:18:00+05:30,24075.0,24075.0,24054.0,24056.0,21190.0,16540290.0
2026-07-14 10:19:00+05:30,24056.0,24058.0,24037.0,24052.0,61100.0,16558295.0
2026-07-14 10:20:00+05:30,24048.0,24069.0,24046.0,24069.0,19240.0,16561545.0
2026-07-14 10:21:00+05:30,24065.4,24079.5,24061.1,24070.0,8255.0,16561545.0
2026-07-14 10:22:00+05:30,24065.5,24069.9,24060.0,24069.9,15795.0,16558685.0
2026-07-14 10:23:00+05:30,24070.0,24075.1,24062.0,24073.0,11570.0,16558815.0
2026-07-14 10:24:00+05:30,24073.3,24073.3,24063.0,24068.3,2210.0,16559335.0
2026-07-14 10:25:00+05:30,24068.3,24076.6,24060.0,24071.0,3185.0,16559855.0
2026-07-14 10:26:00+05:30,24072.0,24075.9,24063.0,24065.0,2990.0,16560310.0
2026-07-14 10:27:00+05:30,24063.0,24075.7,24063.0,24070.0,2600.0,16561805.0
2026-07-14 10:28:00+05:30,24066.0,24075.0,24061.0,24070.1,3250.0,16561285.0
2026-07-14 10:29:00+05:30,24076.0,24089.0,24073.2,24084.3,4225.0,16560635.0
2026-07-14 10:30:00+05:30,24088.5,24090.0,24080.0,24088.8,3575.0,16560310.0
2026-07-14 10:31:00+05:30,24088.0,24090.1,24085.0,24090.1,7995.0,16559855.0
2026-07-14 10:32:00+05:30,24091.0,24099.0,24087.2,24094.1,8450.0,16560700.0
2026-07-14 10:33:00+05:30,24098.0,24107.0,24094.1,24107.0,11830.0,16565185.0
2026-07-14 10:34:00+05:30,24107.0,24111.8,24101.0,24101.0,18525.0,16553940.0
2026-07-14 10:35:00+05:30,24101.0,24103.4,24095.0,24099.6,4095.0,16549520.0
2026-07-14 10:36:00+05:30,24098.1,24099.3,24085.1,24087.1,2860.0,16548350.0
2026-07-14 10:37:00+05:30,24089.9,24094.0,24085.2,24085.2,7345.0,16543475.0
2026-07-14 10:38:00+05:30,24085.0,24087.5,24080.1,24087.5,4225.0,16544580.0
2026-07-14 10:39:00+05:30,24081.0,24095.0,24080.0,24094.9,2600.0,16546010.0
2026-07-14 10:40:00+05:30,24092.2,24094.9,24076.7,24082.0,3510.0,16546790.0
2026-07-14 10:41:00+05:30,24077.0,24082.0,24077.0,24082.0,715.0,16548675.0
2026-07-14 10:42:00+05:30,24082.0,24094.5,24082.0,24089.0,2665.0,16549325.0
2026-07-14 10:43:00+05:30,24085.0,24093.8,24075.0,24082.7,3705.0,16549195.0
2026-07-14 10:44:00+05:30,24093.1,24099.0,24090.8,24099.0,1885.0,16548870.0
2026-07-14 10:45:00+05:30,24093.6,24106.7,24091.9,24106.7,6045.0,16548740.0
2026-07-14 10:46:00+05:30,24100.0,24103.8,24095.0,24101.0,1300.0,16548805.0
2026-07-14 10:47:00+05:30,24103.0,24105.0,24090.0,24096.2,8515.0,16546465.0
2026-07-14 10:48:00+05:30,24091.0,24105.0,24091.0,24101.0,1170.0,16546790.0
2026-07-14 10:49:00+05:30,24106.0,24117.0,24100.0,24117.0,5720.0,16546790.0
2026-07-14 10:50:00+05:30,24114.0,24117.0,24107.1,24110.8,4680.0,16546075.0
2026-07-14 10:51:00+05:30,24110.0,24119.0,24107.0,24119.0,5720.0,16544645.0
2026-07-14 10:52:00+05:30,24116.0,24119.0,24115.0,24115.0,4095.0,16545165.0
2026-07-14 10:53:00+05:30,24117.7,24118.4,24110.0,24114.0,4485.0,16545230.0
2026-07-14 10:54:00+05:30,24114.0,24114.5,24110.0,24114.0,2145.0,16546595.0
2026-07-14 10:55:00+05:30,24114.0,24118.0,24111.0,24118.0,1560.0,16546790.0
2026-07-14 10:56:00+05:30,24118.0,24133.4,24117.9,24130.0,16510.0,16546205.0
2026-07-14 10:57:00+05:30,24131.9,24132.0,24120.3,24125.3,4095.0,16540810.0
2026-07-14 10:58:00+05:30,24125.3,24126.0,24111.0,24115.9,3835.0,16540550.0
2026-07-14 10:59:00+05:30,24119.8,24125.0,24112.7,24121.6,5460.0,16538535.0
2026-07-14 11:00:00+05:30,24120.0,24125.0,24116.1,24120.5,4030.0,16538860.0
2026-07-14 11:01:00+05:30,24124.0,24129.0,24115.1,24120.0,5135.0,16540290.0
2026-07-14 11:02:00+05:30,24120.0,24128.3,24120.0,24124.0,1560.0,16540940.0
2026-07-14 11:03:00+05:30,24123.1,24130.4,24122.2,24126.0,4355.0,16540290.0
2026-07-14 11:04:00+05:30,24125.0,24131.2,24120.2,24121.0,5590.0,16541135.0
2026-07-14 11:05:00+05:30,24121.0,24128.9,24120.0,24127.1,1755.0,16541720.0
2026-07-14 11:06:00+05:30,24127.1,24128.5,24120.1,24120.2,2860.0,16541525.0
2026-07-14 11:07:00+05:30,24120.1,24123.9,24112.6,24121.0,2210.0,16542435.0
2026-07-14 11:08:00+05:30,24122.0,24123.9,24115.0,24118.1,2470.0,16542825.0
2026-07-14 11:09:00+05:30,24118.0,24124.0,24112.3,24122.0,5135.0,16541590.0
2026-07-14 11:10:00+05:30,24117.4,24124.2,24111.8,24113.2,2470.0,16541265.0
2026-07-14 11:11:00+05:30,24113.2,24125.0,24112.1,24120.1,1365.0,16541070.0
2026-07-14 11:12:00+05:30,24120.0,24130.0,24120.0,24128.0,2730.0,16541070.0
2026-07-14 11:13:00+05:30,24128.0,24138.5,24125.0,24138.1,7800.0,16533205.0
2026-07-14 11:14:00+05:30,24139.0,24145.0,24136.6,24138.5,16315.0,16533205.0
2026-07-14 11:15:00+05:30,24138.5,24141.2,24130.0,24132.9,18720.0,16531190.0
2026-07-14 11:16:00+05:30,24132.9,24135.0,24128.0,24129.7,1690.0,16522480.0
2026-07-14 11:17:00+05:30,24128.0,24131.1,24125.2,24127.5,3055.0,16522870.0
2026-07-14 11:18:00+05:30,24127.5,24129.3,24125.2,24129.0,2535.0,16522675.0
2026-07-14 11:19:00+05:30,24129.7,24129.9,24125.1,24125.1,1950.0,16523845.0
2026-07-14 11:20:00+05:30,24125.0,24128.9,24111.8,24123.0,4030.0,16523715.0
2026-07-14 11:21:00+05:30,24123.0,24128.0,24113.5,24128.0,6760.0,16525665.0
2026-07-14 11:22:00+05:30,24129.5,24129.5,24120.0,24128.0,845.0,16526185.0
2026-07-14 11:23:00+05:30,24125.0,24130.0,24120.0,24130.0,1430.0,16527095.0
2026-07-14 11:24:00+05:30,24130.0,24135.0,24124.1,24124.1,1300.0,16527225.0
2026-07-14 11:25:00+05:30,24134.7,24136.6,24125.0,24130.0,2730.0,16527225.0
2026-07-14 11:26:00+05:30,24130.0,24134.7,24125.0,24126.0,2210.0,16526640.0
2026-07-14 11:27:00+05:30,24125.1,24136.0,24125.1,24130.1,1365.0,16526835.0
2026-07-14 11:28:00+05:30,24125.2,24137.0,24125.1,24132.0,1755.0,16527160.0
2026-07-14 11:29:00+05:30,24134.7,24139.7,24125.2,24137.3,3445.0,16527420.0
2026-07-14 11:30:00+05:30,24135.0,24139.9,24126.3,24134.0,2470.0,16527875.0
2026-07-14 11:31:00+05:30,24132.0,24135.8,24120.0,24129.9,3445.0,16528265.0
2026-07-14 11:32:00+05:30,24134.9,24134.9,24127.0,24128.0,715.0,16528850.0
2026-07-14 11:33:00+05:30,24128.0,24130.0,24120.0,24121.1,1755.0,16529370.0
2026-07-14 11:34:00+05:30,24121.0,24129.0,24121.0,24128.7,845.0,16529630.0
2026-07-14 11:35:00+05:30,24122.0,24128.7,24121.0,24124.5,780.0,16530020.0
2026-07-14 11:36:00+05:30,24124.5,24128.7,24113.1,24113.1,1755.0,16530475.0
2026-07-14 11:37:00+05:30,24117.2,24118.0,24108.5,24108.5,3120.0,16530930.0
2026-07-14 11:38:00+05:30,24108.0,24113.4,24100.0,24101.0,8320.0,16533075.0
2026-07-14 11:39:00+05:30,24101.0,24115.2,24100.0,24109.9,3185.0,16533660.0
2026-07-14 11:40:00+05:30,24103.3,24112.6,24103.0,24112.2,845.0,16534310.0
2026-07-14 11:41:00+05:30,24105.0,24110.0,24095.0,24095.0,2340.0,16534310.0
2026-07-14 11:42:00+05:30,24099.0,24107.6,24094.0,24099.0,2470.0,16534700.0
2026-07-14 11:43:00+05:30,24099.0,24104.1,24084.0,24091.1,4485.0,16535220.0
2026-07-14 11:44:00+05:30,24100.0,24105.0,24093.7,24095.0,845.0,16535285.0
2026-07-14 11:45:00+05:30,24093.0,24101.7,24093.0,24096.6,1625.0,16535415.0
2026-07-14 11:46:00+05:30,24098.5,24103.0,24092.2,24095.0,11050.0,16533400.0
2026-07-14 11:47:00+05:30,24094.1,24099.9,24092.0,24096.3,5980.0,16534440.0
2026-07-14 11:48:00+05:30,24096.3,24100.0,24094.1,24100.0,6630.0,16532815.0
2026-07-14 11:49:00+05:30,24100.0,24105.0,24095.3,24097.1,6175.0,16531710.0
2026-07-14 11:50:00+05:30,24099.0,24104.0,24098.0,24100.5,14365.0,16528525.0
2026-07-14 11:51:00+05:30,24101.0,24113.0,24100.9,24110.0,7800.0,16528525.0
2026-07-14 11:52:00+05:30,24108.7,24110.0,24104.0,24108.0,5655.0,16524235.0
2026-07-14 11:53:00+05:30,24106.8,24108.0,24098.1,24100.0,2340.0,16524365.0
2026-07-14 11:54:00+05:30,24100.0,24100.1,24096.2,24099.0,1300.0,16524365.0
2026-07-14 11:55:00+05:30,24096.2,24096.2,24085.6,24088.1,8775.0,16524495.0
2026-07-14 11:56:00+05:30,24088.1,24092.0,24080.0,24083.1,10530.0,16522090.0
2026-07-14 11:57:00+05:30,24080.3,24091.5,24080.0,24082.3,7085.0,16522090.0
2026-07-14 11:58:00+05:30,24084.4,24094.8,24083.1,24094.2,4355.0,16526770.0
2026-07-14 11:59:00+05:30,24094.8,24098.8,24089.8,24098.8,7215.0,16526250.0
2026-07-14 12:00:00+05:30,24090.0,24099.0,24089.0,24099.0,2470.0,16524820.0
2026-07-14 12:01:00+05:30,24099.0,24106.8,24094.8,24099.1,3120.0,16525210.0
2026-07-14 12:02:00+05:30,24106.1,24109.5,24102.6,24107.0,3640.0,16525405.0
2026-07-14 12:03:00+05:30,24100.1,24108.0,24097.5,24103.8,780.0,16525405.0
2026-07-14 12:04:00+05:30,24104.2,24104.2,24095.2,24102.1,585.0,16525665.0
2026-07-14 12:05:00+05:30,24101.9,24102.0,24095.1,24095.1,585.0,16525860.0
2026-07-14 12:06:00+05:30,24097.6,24097.6,24090.0,24090.0,650.0,16525730.0
2026-07-14 12:07:00+05:30,24090.0,24092.3,24075.0,24076.2,8580.0,16525795.0
2026-07-14 12:08:00+05:30,24075.6,24084.0,24075.0,24080.0,5655.0,16529110.0
2026-07-14 12:09:00+05:30,24080.0,24091.0,24075.0,24076.0,5525.0,16531970.0
2026-07-14 12:10:00+05:30,24076.3,24085.3,24071.7,24085.3,4875.0,16531385.0
2026-07-14 12:11:00+05:30,24080.2,24085.0,24072.1,24079.1,3705.0,16531710.0
2026-07-14 12:12:00+05:30,24076.7,24089.0,24074.1,24083.0,1690.0,16533920.0
2026-07-14 12:13:00+05:30,24082.5,24083.0,24070.0,24078.0,5590.0,16534375.0
2026-07-14 12:14:00+05:30,24079.9,24089.9,24074.9,24081.8,7475.0,16536065.0
2026-07-14 12:15:00+05:30,24083.3,24083.3,24060.0,24062.5,8385.0,16534635.0
2026-07-14 12:16:00+05:30,24062.5,24065.0,24060.0,24065.0,5785.0,16533595.0
2026-07-14 12:17:00+05:30,24068.0,24070.0,24065.0,24070.0,2600.0,16531645.0
2026-07-14 12:18:00+05:30,24070.0,24070.0,24066.0,24068.5,1495.0,16531385.0
2026-07-14 12:19:00+05:30,24068.0,24077.0,24068.0,24075.9,2990.0,16532230.0
2026-07-14 12:20:00+05:30,24076.0,24076.1,24057.0,24057.0,24830.0,16533985.0
2026-07-14 12:21:00+05:30,24057.5,24066.0,24056.2,24061.0,6565.0,16537495.0
2026-07-14 12:22:00+05:30,24061.0,24074.9,24061.0,24071.0,2145.0,16535805.0
2026-07-14 12:23:00+05:30,24065.9,24076.0,24060.1,24074.3,3185.0,16535805.0
2026-07-14 12:24:00+05:30,24069.6,24074.7,24065.0,24073.0,780.0,16536650.0
2026-07-14 12:25:00+05:30,24066.0,24072.5,24065.0,24069.0,1755.0,16537040.0
2026-07-14 12:26:00+05:30,24070.0,24070.0,24062.0,24062.0,2730.0,16537430.0
2026-07-14 12:27:00+05:30,24065.5,24065.5,24052.0,24060.0,6110.0,16537495.0
2026-07-14 12:28:00+05:30,24060.0,24060.0,24051.0,24051.0,2405.0,16538990.0
2026-07-14 12:29:00+05:30,24051.0,24052.2,24045.0,24052.2,19630.0,16544060.0
2026-07-14 12:30:00+05:30,24054.0,24060.0,24050.0,24057.5,2665.0,16548740.0
2026-07-14 12:31:00+05:30,24055.0,24060.0,24051.1,24056.0,7280.0,16547310.0
2026-07-14 12:32:00+05:30,24058.0,24059.3,24051.0,24055.0,6435.0,16547505.0
2026-07-14 12:33:00+05:30,24052.0,24059.6,24051.0,24059.6,1235.0,16548220.0
2026-07-14 12:34:00+05:30,24059.6,24065.0,24055.1,24065.0,2015.0,16548350.0
2026-07-14 12:35:00+05:30,24060.0,24069.0,24060.0,24064.0,10400.0,16548610.0
2026-07-14 12:36:00+05:30,24068.0,24074.6,24057.0,24072.2,8710.0,16552575.0
2026-07-14 12:37:00+05:30,24066.0,24069.7,24059.1,24061.0,5915.0,16551535.0
2026-07-14 12:38:00+05:30,24060.7,24067.9,24056.0,24067.9,1560.0,16551405.0
2026-07-14 12:39:00+05:30,24060.1,24067.0,24060.1,24065.0,520.0,16551405.0
2026-07-14 12:40:00+05:30,24064.9,24065.0,24056.0,24061.7,2275.0,16551340.0
2026-07-14 12:41:00+05:30,24061.7,24067.0,24057.5,24058.0,1690.0,16552770.0
2026-07-14 12:42:00+05:30,24068.0,24070.0,24064.8,24064.8,1105.0,16552770.0
2026-07-14 12:43:00+05:30,24065.0,24070.0,24060.1,24063.0,1495.0,16553160.0
2026-07-14 12:44:00+05:30,24068.0,24075.0,24061.1,24061.1,2080.0,16553810.0
2026-07-14 12:45:00+05:30,24066.7,24073.9,24060.4,24069.9,2210.0,16555305.0
2026-07-14 12:46:00+05:30,24069.9,24072.0,24061.3,24072.0,1040.0,16555370.0
2026-07-14 12:47:00+05:30,24070.0,24071.8,24064.0,24066.6,1820.0,16555500.0
2026-07-14 12:48:00+05:30,24066.6,24073.0,24062.0,24073.0,3120.0,16556215.0
2026-07-14 12:49:00+05:30,24070.0,24073.7,24062.0,24067.0,3380.0,16556150.0
2026-07-14 12:50:00+05:30,24073.0,24074.8,24063.0,24066.0,3575.0,16557190.0
2026-07-14 12:51:00+05:30,24073.3,24080.0,24066.0,24074.9,9295.0,16557840.0
2026-07-14 12:52:00+05:30,24069.0,24072.8,24066.3,24070.0,4030.0,16556930.0
2026-07-14 12:53:00+05:30,24066.3,24075.2,24063.0,24068.4,9295.0,16560895.0
2026-07-14 12:54:00+05:30,24068.4,24070.0,24064.0,24067.5,1040.0,16558750.0
2026-07-14 12:55:00+05:30,24067.5,24070.0,24066.0,24068.0,5135.0,16558880.0
2026-07-14 12:56:00+05:30,24068.0,24075.0,24068.0,24071.6,9750.0,16559790.0
2026-07-14 12:57:00+05:30,24075.0,24075.0,24062.6,24063.0,7085.0,16554980.0
2026-07-14 12:58:00+05:30,24063.0,24068.7,24061.4,24061.4,2405.0,16559660.0
2026-07-14 12:59:00+05:30,24061.3,24069.9,24056.0,24056.0,4745.0,16560050.0
2026-07-14 13:00:00+05:30,24065.0,24065.0,24049.0,24049.0,11765.0,16561480.0
2026-07-14 13:01:00+05:30,24050.0,24061.9,24044.6,24046.2,5005.0,16564470.0
2026-07-14 13:02:00+05:30,24050.3,24065.0,24049.2,24060.0,1950.0,16562910.0
2026-07-14 13:03:00+05:30,24064.0,24064.3,24060.1,24060.1,845.0,16563365.0
2026-07-14 13:04:00+05:30,24058.0,24069.4,24050.0,24069.4,2145.0,16564080.0
2026-07-14 13:05:00+05:30,24069.0,24070.0,24063.4,24063.4,16900.0,16564470.0
2026-07-14 13:06:00+05:30,24070.0,24077.5,24063.6,24075.0,1560.0,16564925.0
2026-07-14 13:07:00+05:30,24069.5,24075.0,24067.2,24067.2,1560.0,16565250.0
2026-07-14 13:08:00+05:30,24070.0,24075.0,24070.0,24070.0,3445.0,16566550.0
2026-07-14 13:09:00+05:30,24067.9,24070.0,24063.0,24070.0,5330.0,16565510.0
2026-07-14 13:10:00+05:30,24067.6,24074.9,24063.0,24067.2,3185.0,16564210.0
2026-07-14 13:11:00+05:30,24071.8,24075.0,24067.6,24075.0,3835.0,16565770.0
2026-07-14 13:12:00+05:30,24065.0,24072.5,24062.0,24072.5,6045.0,16566875.0
2026-07-14 13:13:00+05:30,24071.0,24072.9,24061.0,24061.0,1885.0,16569475.0
2026-07-14 13:14:00+05:30,24060.2,24069.5,24057.0,24060.8,2860.0,16570320.0
2026-07-14 13:15:00+05:30,24060.0,24066.9,24050.0,24050.0,8190.0,16570645.0
2026-07-14 13:16:00+05:30,24050.0,24064.8,24050.0,24056.0,1560.0,16569150.0
2026-07-14 13:17:00+05:30,24056.0,24069.8,24056.0,24064.4,2535.0,16568955.0
2026-07-14 13:18:00+05:30,24062.5,24072.7,24059.0,24065.7,4810.0,16565315.0
2026-07-14 13:19:00+05:30,24072.7,24073.0,24058.6,24073.0,1495.0,16565705.0
2026-07-14 13:20:00+05:30,24063.3,24079.9,24063.3,24074.5,3575.0,16566485.0
2026-07-14 13:21:00+05:30,24079.0,24079.0,24070.1,24078.9,975.0,16564795.0
2026-07-14 13:22:00+05:30,24071.3,24078.9,24071.3,24078.8,780.0,16564730.0
2026-07-14 13:23:00+05:30,24078.8,24080.3,24072.0,24079.0,16120.0,16564665.0
2026-07-14 13:24:00+05:30,24079.0,24079.0,24072.0,24078.8,845.0,16560245.0
2026-07-14 13:25:00+05:30,24078.0,24078.0,24065.1,24070.0,2145.0,16560440.0
2026-07-14 13:26:00+05:30,24072.1,24072.1,24065.1,24068.0,780.0,16560960.0
2026-07-14 13:27:00+05:30,24065.1,24066.0,24055.0,24060.0,1950.0,16561350.0
2026-07-14 13:28:00+05:30,24067.0,24075.0,24055.1,24075.0,8580.0,16561870.0
2026-07-14 13:29:00+05:30,24074.5,24075.0,24070.5,24075.0,585.0,16561025.0
2026-07-14 13:30:00+05:30,24077.7,24079.0,24071.0,24071.0,2015.0,16561935.0
2026-07-14 13:31:00+05:30,24072.9,24076.8,24072.9,24074.0,975.0,16562130.0
2026-07-14 13:32:00+05:30,24072.0,24074.4,24060.0,24069.0,1885.0,16562715.0
2026-07-14 13:33:00+05:30,24069.0,24069.0,24055.0,24058.0,2470.0,16563430.0
2026-07-14 13:34:00+05:30,24055.0,24065.9,24052.0,24055.0,1560.0,16563690.0
2026-07-14 13:35:00+05:30,24060.0,24062.5,24055.0,24061.9,520.0,16563950.0
2026-07-14 13:36:00+05:30,24055.0,24064.3,24055.0,24059.0,845.0,16564080.0
2026-07-14 13:37:00+05:30,24061.8,24061.8,24045.3,24045.3,6500.0,16564145.0
2026-07-14 13:38:00+05:30,24045.3,24049.9,24021.0,24025.1,48425.0,16573830.0
2026-07-14 13:39:00+05:30,24021.0,24035.7,24018.0,24025.0,42510.0,16576495.0
2026-07-14 13:40:00+05:30,24022.5,24030.0,24022.0,24030.0,26130.0,16563040.0
2026-07-14 13:41:00+05:30,24030.0,24039.8,24025.9,24031.0,17225.0,16550625.0
2026-07-14 13:42:00+05:30,24031.0,24038.7,24021.4,24030.0,13195.0,16552510.0
2026-07-14 13:43:00+05:30,24025.0,24039.4,24024.0,24025.2,4290.0,16556995.0
2026-07-14 13:44:00+05:30,24026.0,24039.0,24025.2,24039.0,4160.0,16558100.0
2026-07-14 13:45:00+05:30,24039.0,24049.9,24038.5,24048.0,8190.0,16559010.0
2026-07-14 13:46:00+05:30,24049.9,24050.4,24037.5,24050.0,5200.0,16556865.0
2026-07-14 13:47:00+05:30,24050.0,24050.0,24045.4,24049.0,3705.0,16556475.0
2026-07-14 13:48:00+05:30,24049.0,24050.0,24044.0,24046.1,2340.0,16557905.0
2026-07-14 13:49:00+05:30,24046.1,24050.0,24046.0,24050.0,1170.0,16558815.0
2026-07-14 13:50:00+05:30,24046.4,24053.5,24044.2,24048.0,18265.0,16563950.0
2026-07-14 13:51:00+05:30,24046.4,24050.0,24033.0,24035.0,6695.0,16565640.0
2026-07-14 13:52:00+05:30,24045.0,24049.0,24032.7,24049.0,11050.0,16565510.0
2026-07-14 13:53:00+05:30,24049.1,24049.3,24035.1,24037.1,7215.0,16565640.0
2026-07-14 13:54:00+05:30,24040.1,24049.9,24040.1,24042.2,2145.0,16571425.0
2026-07-14 13:55:00+05:30,24048.0,24050.0,24037.9,24044.3,2340.0,16571100.0
2026-07-14 13:56:00+05:30,24046.3,24054.9,24044.3,24054.9,2275.0,16571100.0
2026-07-14 13:57:00+05:30,24053.5,24053.7,24044.3,24053.0,1885.0,16572010.0
2026-07-14 13:58:00+05:30,24047.1,24053.0,24044.3,24044.3,2535.0,16572660.0
2026-07-14 13:59:00+05:30,24044.3,24047.4,24040.1,24044.0,1690.0,16573700.0
2026-07-14 14:00:00+05:30,24044.0,24054.5,24040.0,24049.9,2015.0,16574545.0
2026-07-14 14:01:00+05:30,24045.0,24053.9,24040.0,24040.0,650.0,16574870.0
2026-07-14 14:02:00+05:30,24049.8,24049.8,24035.5,24045.3,1560.0,16575455.0
2026-07-14 14:03:00+05:30,24045.0,24045.0,24038.2,24044.9,520.0,16575845.0
2026-07-14 14:04:00+05:30,24044.4,24055.0,24036.0,24043.7,12740.0,16575390.0
2026-07-14 14:05:00+05:30,24052.3,24053.8,24039.1,24040.1,2210.0,16572790.0
2026-07-14 14:06:00+05:30,24048.5,24050.0,24040.7,24044.4,2275.0,16573310.0
2026-07-14 14:07:00+05:30,24048.0,24051.0,24046.1,24047.1,3055.0,16574155.0
2026-07-14 14:08:00+05:30,24047.0,24049.7,24038.0,24038.0,4160.0,16574740.0
2026-07-14 14:09:00+05:30,24040.7,24040.7,24030.0,24030.2,4810.0,16575845.0
2026-07-14 14:10:00+05:30,24035.1,24041.0,24032.6,24040.9,4485.0,16577275.0
2026-07-14 14:11:00+05:30,24041.0,24050.0,24040.9,24045.6,2600.0,16578055.0
2026-07-14 14:12:00+05:30,24040.9,24050.0,24033.6,24047.0,3250.0,16578250.0
2026-07-14 14:13:00+05:30,24046.0,24050.0,24041.0,24045.0,2015.0,16577730.0
2026-07-14 14:14:00+05:30,24041.2,24049.1,24041.2,24047.7,1625.0,16577600.0
2026-07-14 14:15:00+05:30,24042.2,24050.0,24041.5,24049.0,2275.0,16577080.0
2026-07-14 14:16:00+05:30,24047.0,24048.8,24041.0,24045.2,1365.0,16575975.0
2026-07-14 14:17:00+05:30,24041.0,24044.2,24040.0,24043.5,1820.0,16575845.0
2026-07-14 14:18:00+05:30,24040.1,24045.9,24035.0,24036.0,3575.0,16577795.0
2026-07-14 14:19:00+05:30,24042.9,24042.9,24036.0,24040.8,1365.0,16578120.0
2026-07-14 14:20:00+05:30,24040.9,24042.0,24031.2,24041.8,2925.0,16578315.0
2026-07-14 14:21:00+05:30,24035.1,24043.0,24035.1,24042.0,2730.0,16579290.0
2026-07-14 14:22:00+05:30,24043.7,24045.4,24033.0,24033.0,4160.0,16574415.0
2026-07-14 14:23:00+05:30,24032.0,24035.0,24024.0,24027.0,7930.0,16574350.0
2026-07-14 14:24:00+05:30,24025.1,24035.0,24025.1,24032.0,18525.0,16554655.0
2026-07-14 14:25:00+05:30,24034.5,24035.0,24032.0,24034.8,2795.0,16552120.0
2026-07-14 14:26:00+05:30,24035.0,24039.8,24031.0,24039.6,12480.0,16554070.0
2026-07-14 14:27:00+05:30,24037.0,24039.4,24031.0,24031.0,3055.0,16555760.0
2026-07-14 14:28:00+05:30,24030.0,24034.9,24019.8,24034.8,31265.0,16551275.0
2026-07-14 14:29:00+05:30,24034.0,24037.0,24030.0,24031.2,6760.0,16550495.0
2026-07-14 14:30:00+05:30,24030.0,24031.9,24026.0,24027.1,2405.0,16551275.0
2026-07-14 14:31:00+05:30,24027.1,24029.0,24024.0,24027.2,5395.0,16553420.0
2026-07-14 14:32:00+05:30,24027.4,24030.0,24013.7,24025.2,29120.0,16563365.0
2026-07-14 14:33:00+05:30,24020.0,24030.0,24020.0,24030.0,9490.0,16570450.0
2026-07-14 14:34:00+05:30,24030.0,24040.0,24024.0,24039.0,5135.0,16571295.0
2026-07-14 14:35:00+05:30,24039.0,24047.4,24029.8,24045.5,6825.0,16570970.0
2026-07-14 14:36:00+05:30,24042.3,24046.7,24030.0,24032.6,3250.0,16570515.0
2026-07-14 14:37:00+05:30,24025.4,24034.0,24025.4,24030.1,2145.0,16558230.0
2026-07-14 14:38:00+05:30,24033.0,24033.0,24026.2,24030.0,2860.0,16558750.0
2026-07-14 14:39:00+05:30,24026.3,24040.0,24026.2,24031.5,1690.0,16559270.0
2026-07-14 14:40:00+05:30,24032.6,24038.5,24030.0,24036.9,1820.0,16559530.0
2026-07-14 14:41:00+05:30,24036.0,24038.4,24030.0,24036.7,1690.0,16559465.0
2026-07-14 14:42:00+05:30,24037.0,24042.0,24037.0,24042.0,3185.0,16560115.0
2026-07-14 14:43:00+05:30,24040.0,24043.5,24034.0,24034.0,6760.0,16562130.0
2026-07-14 14:44:00+05:30,24037.0,24038.6,24028.5,24028.5,7475.0,16562845.0
2026-07-14 14:45:00+05:30,24037.5,24038.0,24027.0,24031.1,2275.0,16562585.0
2026-07-14 14:46:00+05:30,24030.0,24037.4,24027.0,24027.0,2860.0,16562715.0
2026-07-14 14:47:00+05:30,24032.0,24034.0,24013.7,24019.7,10790.0,16562195.0
2026-07-14 14:48:00+05:30,24019.9,24029.1,24011.0,24019.0,18265.0,16564795.0
2026-07-14 14:49:00+05:30,24023.6,24023.6,24012.0,24020.0,3055.0,16563170.0
2026-07-14 14:50:00+05:30,24015.0,24021.0,24012.0,24020.0,5330.0,16562455.0
2026-07-14 14:51:00+05:30,24019.2,24021.9,24011.2,24018.0,10075.0,16560440.0
2026-07-14 14:52:00+05:30,24021.0,24021.0,24011.0,24018.7,12740.0,16554330.0
2026-07-14 14:53:00+05:30,24011.0,24020.0,24010.5,24011.5,16055.0,16549910.0
2026-07-14 14:54:00+05:30,24011.5,24018.5,24011.0,24011.1,3705.0,16549130.0
2026-07-14 14:55:00+05:30,24012.0,24023.0,24011.0,24020.0,4420.0,16547635.0
2026-07-14 14:56:00+05:30,24025.0,24039.0,24024.9,24030.0,16315.0,16545620.0
2026-07-14 14:57:00+05:30,24032.2,24033.7,24025.0,24031.7,5395.0,16550820.0
2026-07-14 14:58:00+05:30,24034.0,24034.0,24027.0,24032.0,4680.0,16551665.0
2026-07-14 14:59:00+05:30,24032.6,24035.0,24025.0,24025.0,19175.0,16546075.0
2026-07-14 15:00:00+05:30,24027.1,24040.0,24024.0,24040.0,9945.0,16538860.0
2026-07-14 15:01:00+05:30,24040.0,24047.3,24025.0,24036.6,26000.0,16537365.0
2026-07-14 15:02:00+05:30,24031.0,24041.9,24031.0,24035.0,23335.0,16534050.0
2026-07-14 15:03:00+05:30,24035.0,24038.4,24031.0,24038.0,3770.0,16533205.0
2026-07-14 15:04:00+05:30,24038.3,24038.6,24030.0,24033.1,6630.0,16531905.0
2026-07-14 15:05:00+05:30,24033.1,24038.6,24031.0,24038.6,4485.0,16530540.0
2026-07-14 15:06:00+05:30,24039.0,24045.0,24032.0,24039.7,10855.0,16529370.0
2026-07-14 15:07:00+05:30,24039.0,24045.0,24032.0,24043.6,6435.0,16528330.0
2026-07-14 15:08:00+05:30,24043.2,24044.0,24035.0,24035.0,10075.0,16527485.0
2026-07-14 15:09:00+05:30,24038.9,24042.4,24034.0,24039.0,5460.0,16528135.0
2026-07-14 15:10:00+05:30,24035.3,24042.0,24033.0,24035.0,15600.0,16521115.0
2026-07-14 15:11:00+05:30,24038.0,24042.4,24035.0,24041.8,3705.0,16520985.0
2026-07-14 15:12:00+05:30,24037.1,24041.0,24034.0,24035.0,14040.0,16515915.0
2026-07-14 15:13:00+05:30,24033.0,24035.4,24025.0,24026.7,17225.0,16517930.0
2026-07-14 15:14:00+05:30,24030.0,24032.0,24025.0,24031.8,8060.0,16515265.0
2026-07-14 15:15:00+05:30,24031.8,24031.8,24025.0,24025.0,7800.0,16511625.0
2026-07-14 15:16:00+05:30,24025.0,24028.8,24015.0,24016.0,17550.0,16510650.0
2026-07-14 15:17:00+05:30,24016.0,24029.5,24016.0,24028.3,20865.0,16515005.0
2026-07-14 15:18:00+05:30,24020.5,24028.5,24020.0,24024.5,11310.0,16519620.0
2026-07-14 15:19:00+05:30,24024.0,24029.0,24021.0,24027.0,25870.0,16534180.0
2026-07-14 15:20:00+05:30,24027.0,24029.1,24023.5,24028.0,15730.0,16537430.0
2026-07-14 15:21:00+05:30,24028.0,24028.8,24020.1,24020.1,18850.0,16542175.0
2026-07-14 15:22:00+05:30,24020.1,24026.7,24016.0,24024.9,18265.0,16547440.0
2026-07-14 15:23:00+05:30,24016.1,24028.9,24016.0,24024.3,40300.0,16560830.0
2026-07-14 15:24:00+05:30,24022.5,24024.3,24015.0,24021.0,11245.0,16545230.0
2026-07-14 15:25:00+05:30,24018.0,24022.0,24015.1,24019.9,15860.0,16544515.0
2026-07-14 15:26:00+05:30,24016.0,24019.9,24015.0,24019.0,17615.0,16543345.0
2026-07-14 15:27:00+05:30,24017.0,24020.0,24011.0,24020.0,23205.0,16548220.0
2026-07-14 15:28:00+05:30,24018.0,24020.0,24015.8,24016.0,28080.0,16539705.0
2026-07-14 15:29:00+05:30,24016.0,24030.2,24009.0,24022.0,169975.0,16605875.0
2026-07-15 09:15:00+05:30,24069.0,24100.0,24069.0,24099.7,61620.0,16419065.0
2026-07-15 09:16:00+05:30,24100.0,24117.0,24100.0,24104.0,25220.0,16413800.0
2026-07-15 09:17:00+05:30,24111.9,24129.9,24105.0,24129.9,64675.0,16408210.0
2026-07-15 09:18:00+05:30,24129.7,24140.0,24129.3,24138.1,154180.0,16390270.0
2026-07-15 09:19:00+05:30,24138.2,24155.0,24137.6,24155.0,40365.0,16347695.0
2026-07-15 09:20:00+05:30,24154.9,24174.9,24152.7,24165.0,42965.0,16346265.0
2026-07-15 09:21:00+05:30,24160.7,24175.0,24160.7,24174.0,31785.0,16336385.0
2026-07-15 09:22:00+05:30,24174.0,24179.0,24166.9,24172.1,26390.0,16334955.0
2026-07-15 09:23:00+05:30,24175.0,24181.0,24168.6,24177.0,26390.0,16329820.0
2026-07-15 09:24:00+05:30,24178.0,24198.6,24178.0,24182.9,47645.0,16321045.0
2026-07-15 09:25:00+05:30,24187.9,24199.0,24183.3,24198.9,36725.0,16318445.0
2026-07-15 09:26:00+05:30,24198.9,24210.0,24197.7,24200.4,54340.0,16315910.0
2026-07-15 09:27:00+05:30,24205.0,24205.5,24196.1,24199.1,23790.0,16313960.0
2026-07-15 09:28:00+05:30,24202.0,24210.0,24199.0,24207.1,22230.0,16317145.0
2026-07-15 09:29:00+05:30,24196.1,24200.1,24187.4,24188.9,27885.0,16321760.0
2026-07-15 09:30:00+05:30,24199.9,24210.0,24191.8,24205.3,32630.0,16320265.0
2026-07-15 09:31:00+05:30,24206.0,24223.8,24200.5,24214.7,30485.0,16323515.0
2026-07-15 09:32:00+05:30,24210.1,24215.0,24200.0,24200.0,10595.0,16322800.0
2026-07-15 09:33:00+05:30,24200.0,24211.0,24199.1,24203.3,8255.0,16322150.0
2026-07-15 09:34:00+05:30,24203.3,24218.0,24199.0,24199.0,18265.0,16321890.0
2026-07-15 09:35:00+05:30,24204.9,24205.9,24195.7,24200.0,7150.0,16314350.0
2026-07-15 09:36:00+05:30,24196.2,24205.0,24196.1,24204.0,6565.0,16300505.0
2026-07-15 09:37:00+05:30,24204.0,24205.0,24198.4,24205.0,7865.0,16301285.0
2026-07-15 09:38:00+05:30,24200.0,24205.0,24195.6,24197.7,8060.0,16299010.0
2026-07-15 09:39:00+05:30,24197.6,24202.4,24191.3,24195.6,9490.0,16299855.0
2026-07-15 09:40:00+05:30,24199.8,24200.0,24190.5,24192.1,6240.0,16299855.0
2026-07-15 09:41:00+05:30,24195.6,24204.0,24191.8,24204.0,11375.0,16299270.0
2026-07-15 09:42:00+05:30,24193.9,24202.9,24191.4,24195.0,1820.0,16305120.0
2026-07-15 09:43:00+05:30,24195.0,24197.0,24189.9,24194.5,4485.0,16302715.0
2026-07-15 09:44:00+05:30,24192.0,24197.7,24189.3,24197.7,9880.0,16304405.0
2026-07-15 09:45:00+05:30,24196.0,24210.0,24196.0,24207.5,12285.0,16303170.0
2026-07-15 09:46:00+05:30,24208.0,24210.0,24200.5,24202.0,7280.0,16298165.0
2026-07-15 09:47:00+05:30,24201.1,24208.8,24201.1,24205.0,3770.0,16297125.0
2026-07-15 09:48:00+05:30,24202.8,24210.0,24202.1,24202.1,3965.0,16297905.0
2026-07-15 09:49:00+05:30,24210.0,24210.0,24193.4,24193.4,3380.0,16299595.0
2026-07-15 09:50:00+05:30,24194.0,24200.0,24192.9,24197.9,3900.0,16300050.0
2026-07-15 09:51:00+05:30,24197.4,24205.0,24197.4,24202.6,8125.0,16290040.0
2026-07-15 09:52:00+05:30,24205.0,24210.0,24197.8,24197.8,3055.0,16287895.0
2026-07-15 09:53:00+05:30,24200.0,24200.0,24195.4,24198.2,1430.0,16288025.0
2026-07-15 09:54:00+05:30,24198.5,24207.8,24198.2,24207.8,2405.0,16287830.0
2026-07-15 09:55:00+05:30,24207.0,24210.0,24202.7,24208.0,6825.0,16288155.0
2026-07-15 09:56:00+05:30,24207.7,24211.0,24200.4,24200.4,5525.0,16282045.0
2026-07-15 09:57:00+05:30,24200.1,24200.1,24192.0,24193.0,1560.0,16283215.0
2026-07-15 09:58:00+05:30,24193.0,24194.6,24189.0,24190.0,6630.0,16281785.0
2026-07-15 09:59:00+05:30,24192.0,24194.0,24190.0,24193.0,2665.0,16283410.0
2026-07-15 10:00:00+05:30,24194.0,24195.0,24181.0,24191.9,6435.0,16284125.0
2026-07-15 10:01:00+05:30,24192.8,24193.0,24180.0,24180.3,4810.0,16279640.0
2026-07-15 10:02:00+05:30,24181.2,24191.9,24180.0,24191.9,2275.0,16280420.0
2026-07-15 10:03:00+05:30,24184.2,24193.0,24184.2,24193.0,2080.0,16281200.0
2026-07-15 10:04:00+05:30,24193.0,24198.9,24191.4,24191.4,2730.0,16282305.0
2026-07-15 10:05:00+05:30,24190.1,24195.4,24186.2,24186.3,2340.0,16282045.0
2026-07-15 10:06:00+05:30,24187.4,24194.0,24186.5,24190.0,2470.0,16278860.0
2026-07-15 10:07:00+05:30,24195.0,24197.0,24190.0,24195.0,1235.0,16279315.0
2026-07-15 10:08:00+05:30,24196.9,24209.0,24193.1,24196.8,5460.0,16279510.0
2026-07-15 10:09:00+05:30,24209.0,24209.0,24194.4,24205.5,1690.0,16278665.0
2026-07-15 10:10:00+05:30,24194.5,24200.0,24192.7,24194.5,3315.0,16278860.0
2026-07-15 10:11:00+05:30,24194.0,24194.0,24190.0,24190.0,780.0,16276585.0
2026-07-15 10:12:00+05:30,24191.9,24204.9,24191.9,24204.9,4680.0,16276910.0
2026-07-15 10:13:00+05:30,24200.0,24208.0,24192.5,24200.0,2405.0,16279120.0
2026-07-15 10:14:00+05:30,24200.0,24208.9,24198.0,24208.9,3770.0,16279120.0
2026-07-15 10:15:00+05:30,24208.9,24217.9,24202.0,24210.0,11180.0,16278600.0
2026-07-15 10:16:00+05:30,24210.0,24212.0,24198.8,24209.9,5005.0,16281655.0
2026-07-15 10:17:00+05:30,24209.9,24225.0,24208.2,24215.0,20800.0,16281330.0
2026-07-15 10:18:00+05:30,24215.0,24225.0,24215.0,24221.0,8905.0,16276780.0
2026-07-15 10:19:00+05:30,24224.0,24228.2,24215.3,24218.0,10595.0,16276260.0
2026-07-15 10:20:00+05:30,24218.0,24225.2,24212.9,24223.9,11700.0,16279250.0
2026-07-15 10:21:00+05:30,24213.0,24224.0,24213.0,24215.0,5200.0,16282500.0
2026-07-15 10:22:00+05:30,24220.7,24221.6,24212.0,24219.0,2340.0,16283475.0
2026-07-15 10:23:00+05:30,24220.0,24223.9,24215.1,24220.0,1625.0,16284775.0
2026-07-15 10:24:00+05:30,24216.0,24222.0,24215.0,24215.7,1755.0,16284710.0
2026-07-15 10:25:00+05:30,24218.1,24220.0,24215.0,24219.9,2600.0,16284450.0
2026-07-15 10:26:00+05:30,24215.0,24220.0,24215.0,24215.0,1105.0,16284125.0
2026-07-15 10:27:00+05:30,24215.0,24219.0,24212.0,24213.1,1690.0,16284385.0
2026-07-15 10:28:00+05:30,24215.0,24215.0,24206.0,24206.0,2015.0,16285230.0
2026-07-15 10:29:00+05:30,24205.9,24210.0,24203.0,24210.0,3185.0,16285100.0
2026-07-15 10:30:00+05:30,24210.0,24215.0,24208.0,24215.0,5005.0,16283735.0
2026-07-15 10:31:00+05:30,24211.0,24214.0,24204.0,24204.0,3055.0,16283735.0
2026-07-15 10:32:00+05:30,24205.6,24212.0,24205.0,24212.0,715.0,16283995.0
2026-07-15 10:33:00+05:30,24207.0,24210.0,24201.4,24209.0,2730.0,16282370.0
2026-07-15 10:34:00+05:30,24210.0,24210.0,24201.0,24201.5,2990.0,16282305.0
2026-07-15 10:35:00+05:30,24210.0,24210.0,24200.0,24202.1,1430.0,16282240.0
2026-07-15 10:36:00+05:30,24202.1,24209.8,24201.0,24202.0,1820.0,16280875.0
2026-07-15 10:37:00+05:30,24202.7,24202.7,24195.0,24195.0,1690.0,16280940.0
2026-07-15 10:38:00+05:30,24195.0,24196.5,24193.3,24194.0,6565.0,16279510.0
2026-07-15 10:39:00+05:30,24200.0,24209.0,24196.3,24209.0,2015.0,16280160.0
2026-07-15 10:40:00+05:30,24202.9,24209.4,24202.9,24203.0,975.0,16280225.0
2026-07-15 10:41:00+05:30,24203.1,24209.0,24203.0,24209.0,1300.0,16277885.0
2026-07-15 10:42:00+05:30,24206.0,24210.0,24205.0,24210.0,1105.0,16278275.0
2026-07-15 10:43:00+05:30,24205.3,24210.0,24205.0,24208.0,2015.0,16278795.0
2026-07-15 10:44:00+05:30,24210.0,24210.0,24205.0,24209.9,2795.0,16279250.0
2026-07-15 10:45:00+05:30,24209.9,24210.0,24209.9,24210.0,1885.0,16282045.0
2026-07-15 10:46:00+05:30,24210.0,24211.5,24204.9,24204.9,2600.0,16280940.0
2026-07-15 10:47:00+05:30,24204.4,24210.0,24202.1,24209.9,4160.0,16281005.0
2026-07-15 10:48:00+05:30,24201.8,24202.7,24200.4,24200.4,1495.0,16282045.0
2026-07-15 10:49:00+05:30,24205.0,24209.9,24202.9,24203.4,3835.0,16282760.0
2026-07-15 10:50:00+05:30,24208.0,24208.4,24202.5,24202.5,845.0,16283020.0
2026-07-15 10:51:00+05:30,24206.0,24206.0,24200.0,24200.0,1430.0,16280875.0
2026-07-15 10:52:00+05:30,24199.9,24203.0,24195.0,24198.0,1300.0,16281265.0
2026-07-15 10:53:00+05:30,24198.0,24204.9,24197.4,24201.6,5720.0,16282630.0
2026-07-15 10:54:00+05:30,24202.5,24204.9,24197.3,24204.9,715.0,16283150.0
2026-07-15 10:55:00+05:30,24198.1,24203.0,24194.9,24194.9,1755.0,16283150.0
2026-07-15 10:56:00+05:30,24198.0,24199.4,24194.0,24195.0,1170.0,16281915.0
2026-07-15 10:57:00+05:30,24195.0,24202.5,24193.0,24193.0,3705.0,16281590.0
2026-07-15 10:58:00+05:30,24192.2,24192.2,24191.5,24192.1,1235.0,16280615.0
2026-07-15 10:59:00+05:30,24199.9,24199.9,24186.2,24186.2,3510.0,16280940.0
2026-07-15 11:00:00+05:30,24190.0,24190.0,24182.9,24190.0,2730.0,16280550.0
2026-07-15 11:01:00+05:30,24186.5,24199.0,24186.5,24199.0,1820.0,16279055.0
2026-07-15 11:02:00+05:30,24199.0,24200.0,24191.1,24191.5,3120.0,16279250.0
2026-07-15 11:03:00+05:30,24198.1,24198.1,24185.0,24185.0,1560.0,16279120.0
2026-07-15 11:04:00+05:30,24184.0,24190.0,24181.2,24190.0,6890.0,16277430.0
2026-07-15 11:05:00+05:30,24188.0,24199.8,24188.0,24190.1,1105.0,16277755.0
2026-07-15 11:06:00+05:30,24190.1,24191.0,24190.0,24191.0,1365.0,16277950.0
2026-07-15 11:07:00+05:30,24190.0,24194.9,24190.0,24190.0,1365.0,16278665.0
2026-07-15 11:08:00+05:30,24190.3,24192.0,24190.0,24190.0,650.0,16279185.0
2026-07-15 11:09:00+05:30,24195.0,24195.9,24190.0,24195.9,1755.0,16279835.0
2026-07-15 11:10:00+05:30,24195.9,24200.0,24194.5,24197.0,1885.0,16280550.0
2026-07-15 11:11:00+05:30,24197.0,24200.0,24191.0,24191.0,2145.0,16280485.0
2026-07-15 11:12:00+05:30,24190.1,24195.4,24182.0,24182.0,3640.0,16281265.0
2026-07-15 11:13:00+05:30,24182.1,24189.5,24173.0,24175.0,8255.0,16281330.0
2026-07-15 11:14:00+05:30,24175.0,24175.0,24167.6,24170.0,14690.0,16278470.0
2026-07-15 11:15:00+05:30,24169.1,24180.0,24168.3,24180.0,9295.0,16282695.0
2026-07-15 11:16:00+05:30,24179.9,24180.0,24170.1,24179.9,1625.0,16283930.0
2026-07-15 11:17:00+05:30,24172.1,24186.0,24172.1,24175.0,7735.0,16284710.0
2026-07-15 11:18:00+05:30,24174.7,24189.3,24174.0,24189.0,2080.0,16287960.0
2026-07-15 11:19:00+05:30,24189.0,24198.0,24185.0,24185.5,1755.0,16288155.0
2026-07-15 11:20:00+05:30,24190.0,24190.0,24181.0,24181.0,2275.0,16288155.0
2026-07-15 11:21:00+05:30,24180.0,24188.0,24175.1,24179.0,2145.0,16288870.0
2026-07-15 11:22:00+05:30,24181.0,24181.2,24175.1,24175.1,2080.0,16288350.0
2026-07-15 11:23:00+05:30,24175.1,24180.0,24171.9,24180.0,1300.0,16288870.0
2026-07-15 11:24:00+05:30,24174.0,24180.0,24173.9,24180.0,1755.0,16289520.0
2026-07-15 11:25:00+05:30,24180.0,24190.0,24180.0,24190.0,1755.0,16287830.0
2026-07-15 11:26:00+05:30,24187.0,24195.8,24187.0,24195.8,1625.0,16288415.0
2026-07-15 11:27:00+05:30,24197.0,24197.0,24189.0,24189.0,1690.0,16287895.0
2026-07-15 11:28:00+05:30,24194.0,24199.9,24186.2,24199.9,2600.0,16288155.0
2026-07-15 11:29:00+05:30,24199.9,24210.2,24199.0,24210.0,4810.0,16288415.0
2026-07-15 11:30:00+05:30,24210.0,24210.0,24193.8,24205.8,8840.0,16289325.0
2026-07-15 11:31:00+05:30,24199.0,24199.9,24195.0,24199.9,1365.0,16290235.0
2026-07-15 11:32:00+05:30,24200.0,24210.0,24199.8,24210.0,1300.0,16290885.0
2026-07-15 11:33:00+05:30,24209.9,24219.8,24203.0,24216.1,15405.0,16292965.0
2026-07-15 11:34:00+05:30,24215.0,24218.0,24206.4,24209.9,4095.0,16293030.0
2026-07-15 11:35:00+05:30,24208.5,24220.0,24205.3,24205.3,11700.0,16293290.0
2026-07-15 11:36:00+05:30,24218.0,24218.5,24205.0,24205.0,2340.0,16294720.0
2026-07-15 11:37:00+05:30,24205.0,24214.0,24201.5,24212.1,3380.0,16293680.0
2026-07-15 11:38:00+05:30,24201.1,24208.6,24197.9,24208.6,3250.0,16296020.0
2026-07-15 11:39:00+05:30,24201.3,24201.3,24195.0,24200.0,1235.0,16294460.0
2026-07-15 11:40:00+05:30,24195.0,24200.0,24186.0,24195.0,2015.0,16295110.0
2026-07-15 11:41:00+05:30,24188.6,24195.0,24184.7,24186.4,11050.0,16294980.0
2026-07-15 11:42:00+05:30,24186.0,24190.0,24182.0,24182.6,1690.0,16295240.0
2026-07-15 11:43:00+05:30,24181.0,24189.8,24178.0,24178.0,3380.0,16295045.0
2026-07-15 11:44:00+05:30,24179.9,24189.9,24172.0,24172.0,3250.0,16294590.0
2026-07-15 11:45:00+05:30,24182.8,24183.9,24170.1,24182.0,2145.0,16295305.0
2026-07-15 11:46:00+05:30,24177.7,24185.0,24177.7,24180.0,1365.0,16294525.0
2026-07-15 11:47:00+05:30,24185.0,24186.0,24175.0,24180.0,2015.0,16293225.0
2026-07-15 11:48:00+05:30,24180.0,24180.0,24175.0,24180.0,1885.0,16293810.0
2026-07-15 11:49:00+05:30,24179.9,24180.0,24175.0,24176.8,1430.0,16293680.0
2026-07-15 11:50:00+05:30,24175.0,24180.0,24171.3,24171.4,1950.0,16294460.0
2026-07-15 11:51:00+05:30,24171.5,24179.9,24166.0,24171.1,7540.0,16294460.0
2026-07-15 11:52:00+05:30,24171.2,24179.9,24170.0,24179.0,5200.0,16293615.0
2026-07-15 11:53:00+05:30,24179.9,24185.0,24175.3,24185.0,1755.0,16293615.0
2026-07-15 11:54:00+05:30,24184.0,24186.0,24176.6,24176.6,1885.0,16294395.0
2026-07-15 11:55:00+05:30,24185.0,24187.0,24176.6,24187.0,14365.0,16298035.0
2026-07-15 11:56:00+05:30,24186.9,24195.1,24181.4,24194.8,4485.0,16297515.0
2026-07-15 11:57:00+05:30,24195.0,24195.6,24181.0,24192.2,12220.0,16288285.0
2026-07-15 11:58:00+05:30,24182.1,24191.3,24181.0,24186.9,975.0,16285750.0
2026-07-15 11:59:00+05:30,24182.0,24182.0,24177.0,24182.0,1690.0,16286335.0
2026-07-15 12:00:00+05:30,24182.0,24189.0,24182.0,24188.9,1040.0,16286725.0
2026-07-15 12:01:00+05:30,24188.9,24188.9,24185.0,24185.0,520.0,16286660.0
2026-07-15 12:02:00+05:30,24185.0,24185.0,24182.1,24182.1,520.0,16287050.0
2026-07-15 12:03:00+05:30,24182.1,24182.1,24176.0,24176.0,1690.0,16286725.0
2026-07-15 12:04:00+05:30,24175.2,24182.1,24173.4,24182.1,1820.0,16287570.0
2026-07-15 12:05:00+05:30,24188.0,24189.1,24182.3,24189.0,1690.0,16287960.0
2026-07-15 12:06:00+05:30,24189.9,24189.9,24182.1,24186.0,845.0,16285945.0
2026-07-15 12:07:00+05:30,24182.2,24185.0,24182.2,24185.0,1105.0,16285945.0
2026-07-15 12:08:00+05:30,24183.0,24189.9,24183.0,24189.9,1950.0,16285750.0
2026-07-15 12:09:00+05:30,24189.6,24189.6,24183.7,24183.7,325.0,16285750.0
2026-07-15 12:10:00+05:30,24184.1,24184.1,24176.0,24176.0,2600.0,16285685.0
2026-07-15 12:11:00+05:30,24176.0,24181.0,24175.3,24175.3,585.0,16284645.0
2026-07-15 12:12:00+05:30,24183.0,24185.0,24177.3,24179.8,1040.0,16284580.0
2026-07-15 12:13:00+05:30,24179.8,24189.8,24177.2,24189.8,2925.0,16283605.0
2026-07-15 12:14:00+05:30,24189.9,24189.9,24181.3,24189.9,1040.0,16283280.0
2026-07-15 12:15:00+05:30,24189.9,24193.9,24186.9,24193.9,1105.0,16283150.0
2026-07-15 12:16:00+05:30,24188.1,24193.9,24188.1,24190.0,715.0,16283150.0
2026-07-15 12:17:00+05:30,24183.0,24190.0,24183.0,24184.4,2275.0,16283020.0
2026-07-15 12:18:00+05:30,24189.0,24189.0,24187.0,24188.0,715.0,16283605.0
2026-07-15 12:19:00+05:30,24186.0,24193.9,24186.0,24193.9,3250.0,16283605.0
2026-07-15 12:20:00+05:30,24193.9,24195.0,24185.7,24186.0,2080.0,16285295.0
2026-07-15 12:21:00+05:30,24186.0,24195.0,24180.0,24180.0,2080.0,16285165.0
2026-07-15 12:22:00+05:30,24186.0,24193.9,24180.0,24189.0,3055.0,16284970.0
2026-07-15 12:23:00+05:30,24189.4,24189.4,24176.0,24176.0,1365.0,16284125.0
2026-07-15 12:24:00+05:30,24176.0,24182.0,24175.4,24182.0,1105.0,16284450.0
2026-07-15 12:25:00+05:30,24185.0,24187.0,24178.1,24181.7,910.0,16284450.0
2026-07-15 12:26:00+05:30,24181.7,24189.9,24180.0,24180.2,1950.0,16284125.0
2026-07-15 12:27:00+05:30,24187.6,24187.6,24175.0,24183.6,1625.0,16284385.0
2026-07-15 12:28:00+05:30,24175.0,24184.7,24171.0,24182.5,3640.0,16284060.0
2026-07-15 12:29:00+05:30,24176.0,24181.7,24169.0,24178.2,2210.0,16283995.0
2026-07-15 12:30:00+05:30,24168.0,24180.4,24162.6,24167.5,7735.0,16287245.0
2026-07-15 12:31:00+05:30,24167.0,24179.4,24165.0,24179.4,1365.0,16287245.0
2026-07-15 12:32:00+05:30,24167.1,24179.3,24167.0,24177.0,1365.0,16287700.0
2026-07-15 12:33:00+05:30,24177.0,24177.0,24158.3,24169.5,14365.0,16285685.0
2026-07-15 12:34:00+05:30,24165.0,24168.0,24159.5,24159.7,8385.0,16285360.0
2026-07-15 12:35:00+05:30,24159.6,24167.0,24154.4,24155.5,11310.0,16283995.0
2026-07-15 12:36:00+05:30,24156.2,24163.0,24151.6,24153.0,15340.0,16283995.0
2026-07-15 12:37:00+05:30,24155.0,24163.0,24152.0,24163.0,2990.0,16288545.0
2026-07-15 12:38:00+05:30,24164.8,24165.0,24147.0,24148.8,12935.0,16288350.0
2026-07-15 12:39:00+05:30,24147.0,24149.0,24135.0,24142.0,20605.0,16288350.0
2026-07-15 12:40:00+05:30,24143.0,24145.0,24134.8,24135.2,23400.0,16288350.0
2026-07-15 12:41:00+05:30,24136.7,24150.0,24132.8,24146.0,18785.0,16288545.0
2026-07-15 12:42:00+05:30,24146.0,24152.7,24146.0,24148.6,4875.0,16282175.0
2026-07-15 12:43:00+05:30,24148.0,24160.0,24148.0,24160.0,3705.0,16283865.0
2026-07-15 12:44:00+05:30,24156.0,24165.0,24152.6,24164.5,2795.0,16285165.0
2026-07-15 12:45:00+05:30,24157.0,24167.0,24152.8,24153.0,3445.0,16286595.0
2026-07-15 12:46:00+05:30,24164.0,24164.1,24151.5,24152.0,12025.0,16287765.0
2026-07-15 12:47:00+05:30,24152.3,24162.8,24147.3,24155.0,12545.0,16290430.0
2026-07-15 12:48:00+05:30,24163.6,24163.6,24148.9,24150.1,1430.0,16289845.0
2026-07-15 12:49:00+05:30,24147.7,24155.9,24145.0,24147.0,7085.0,16289715.0
2026-07-15 12:50:00+05:30,24149.0,24149.9,24137.6,24142.9,9230.0,16289780.0
2026-07-15 12:51:00+05:30,24150.6,24155.9,24145.1,24146.0,910.0,16295305.0
2026-07-15 12:52:00+05:30,24155.6,24155.6,24140.0,24140.0,6500.0,16295500.0
2026-07-15 12:53:00+05:30,24145.0,24149.3,24128.0,24129.0,13910.0,16298685.0
2026-07-15 12:54:00+05:30,24128.5,24139.0,24121.0,24121.0,13975.0,16302390.0
2026-07-15 12:55:00+05:30,24123.0,24127.9,24091.0,24091.0,57720.0,16302975.0
2026-07-15 12:56:00+05:30,24091.0,24091.0,24025.2,24028.7,106210.0,16304145.0
2026-07-15 12:57:00+05:30,24025.1,24050.5,24000.0,24012.5,75075.0,16308825.0
2026-07-15 12:58:00+05:30,24006.6,24059.2,23993.1,24059.2,44720.0,16316820.0
2026-07-15 12:59:00+05:30,24054.1,24065.0,24030.6,24036.6,40105.0,16307135.0
2026-07-15 13:00:00+05:30,24036.6,24063.9,24020.0,24060.0,44590.0,16326375.0
2026-07-15 13:01:00+05:30,24064.0,24068.8,24041.9,24050.0,19045.0,16341910.0
2026-07-15 13:02:00+05:30,24058.3,24072.3,24052.1,24068.1,13715.0,16342365.0
2026-07-15 13:03:00+05:30,24065.7,24070.0,24055.0,24066.0,33735.0,16343275.0
2026-07-15 13:04:00+05:30,24066.0,24070.0,24055.3,24065.0,22620.0,16351725.0
2026-07-15 13:05:00+05:30,24058.0,24063.0,24054.0,24059.9,8320.0,16363360.0
2026-07-15 13:06:00+05:30,24060.0,24060.0,24055.0,24055.0,10855.0,16368820.0
2026-07-15 13:07:00+05:30,24055.0,24057.0,24044.0,24044.0,9295.0,16374930.0
2026-07-15 13:08:00+05:30,24042.0,24050.0,24032.4,24049.9,13260.0,16380325.0
2026-07-15 13:09:00+05:30,24045.7,24049.9,24040.0,24042.1,7280.0,16382405.0
2026-07-15 13:10:00+05:30,24040.0,24044.1,24030.0,24039.1,10205.0,16385525.0
2026-07-15 13:11:00+05:30,24039.1,24039.1,24036.0,24039.0,9100.0,16387800.0
2026-07-15 13:12:00+05:30,24039.0,24051.2,24037.0,24041.9,13000.0,16386175.0
2026-07-15 13:13:00+05:30,24040.2,24040.2,24030.2,24039.2,11440.0,16389035.0
2026-07-15 13:14:00+05:30,24030.2,24040.0,24030.0,24040.0,7930.0,16395860.0
2026-07-15 13:15:00+05:30,24039.0,24063.0,24031.6,24058.0,13130.0,16399305.0
2026-07-15 13:16:00+05:30,24051.5,24065.0,24049.0,24060.0,7345.0,16382860.0
2026-07-15 13:17:00+05:30,24056.0,24060.0,24050.1,24052.3,8710.0,16386435.0
2026-07-15 13:18:00+05:30,24055.0,24072.9,24050.0,24072.0,12935.0,16393325.0
2026-07-15 13:19:00+05:30,24072.9,24085.0,24069.6,24080.0,16380.0,16399695.0
2026-07-15 13:20:00+05:30,24080.0,24083.0,24075.0,24075.8,10530.0,16401970.0
2026-07-15 13:21:00+05:30,24080.0,24080.0,24074.0,24074.0,7215.0,16407495.0
2026-07-15 13:22:00+05:30,24078.7,24078.7,24070.0,24074.9,2470.0,16410485.0
2026-07-15 13:23:00+05:30,24070.4,24075.0,24065.0,24070.0,3445.0,16411135.0
2026-07-15 13:24:00+05:30,24065.0,24070.0,24060.0,24070.0,2145.0,16411525.0
2026-07-15 13:25:00+05:30,24070.0,24070.0,24056.5,24058.1,3640.0,16412695.0
2026-07-15 13:26:00+05:30,24058.4,24070.0,24058.1,24060.1,6110.0,16414060.0
2026-07-15 13:27:00+05:30,24061.0,24069.0,24059.9,24059.9,2015.0,16416400.0
2026-07-15 13:28:00+05:30,24059.9,24066.0,24058.1,24066.0,2405.0,16417180.0
2026-07-15 13:29:00+05:30,24066.0,24069.0,24063.1,24065.0,1885.0,16417830.0
2026-07-15 13:30:00+05:30,24062.1,24066.5,24062.0,24062.0,3250.0,16418480.0
2026-07-15 13:31:00+05:30,24060.1,24070.0,24060.0,24065.0,1690.0,16419390.0
2026-07-15 13:32:00+05:30,24069.5,24070.0,24060.0,24066.0,1105.0,16419455.0
2026-07-15 13:33:00+05:30,24062.0,24069.0,24060.0,24060.1,1170.0,16419910.0
2026-07-15 13:34:00+05:30,24060.1,24064.0,24055.0,24060.0,2080.0,16420365.0
2026-07-15 13:35:00+05:30,24060.0,24066.0,24055.0,24055.0,2990.0,16420105.0
2026-07-15 13:36:00+05:30,24060.0,24068.8,24060.0,24068.6,1170.0,16420820.0
2026-07-15 13:37:00+05:30,24065.4,24066.5,24050.6,24053.1,12805.0,16420690.0
2026-07-15 13:38:00+05:30,24053.6,24065.6,24045.2,24045.4,4550.0,16428620.0
2026-07-15 13:39:00+05:30,24045.8,24063.1,24045.3,24062.9,1885.0,16428295.0
2026-07-15 13:40:00+05:30,24059.3,24060.2,24050.0,24050.0,845.0,16428815.0
2026-07-15 13:41:00+05:30,24050.0,24059.9,24045.0,24045.0,1755.0,16429465.0
2026-07-15 13:42:00+05:30,24045.0,24055.0,24040.1,24055.0,5525.0,16429530.0
2026-07-15 13:43:00+05:30,24050.0,24055.0,24041.1,24042.9,2600.0,16428425.0
2026-07-15 13:44:00+05:30,24045.9,24054.9,24040.6,24054.9,4355.0,16428230.0
2026-07-15 13:45:00+05:30,24044.9,24055.9,24039.2,24042.6,33085.0,16429400.0
2026-07-15 13:46:00+05:30,24050.0,24059.6,24044.4,24052.0,1625.0,16440645.0
2026-07-15 13:47:00+05:30,24058.9,24061.0,24051.5,24061.0,2860.0,16440645.0
2026-07-15 13:48:00+05:30,24060.9,24065.0,24060.0,24065.0,1625.0,16441425.0
2026-07-15 13:49:00+05:30,24065.3,24070.0,24060.0,24066.4,3770.0,16442335.0
2026-07-15 13:50:00+05:30,24066.3,24070.3,24057.1,24061.4,15210.0,16445065.0
2026-07-15 13:51:00+05:30,24060.0,24060.0,24042.0,24042.0,9555.0,16448185.0
2026-07-15 13:52:00+05:30,24048.8,24053.2,24041.0,24052.3,6435.0,16449095.0
2026-07-15 13:53:00+05:30,24049.9,24052.0,24030.6,24034.2,15600.0,16448835.0
2026-07-15 13:54:00+05:30,24034.6,24054.0,24034.3,24041.1,5785.0,16448315.0
2026-07-15 13:55:00+05:30,24049.9,24053.1,24041.1,24053.1,6500.0,16445585.0
2026-07-15 13:56:00+05:30,24051.1,24058.9,24048.0,24050.0,6630.0,16444025.0
2026-07-15 13:57:00+05:30,24058.4,24060.0,24051.0,24060.0,1755.0,16443115.0
2026-07-15 13:58:00+05:30,24058.4,24069.8,24058.4,24063.0,2210.0,16442920.0
2026-07-15 13:59:00+05:30,24070.0,24080.0,24070.0,24080.0,6955.0,16443115.0
2026-07-15 14:00:00+05:30,24081.0,24085.0,24076.0,24081.4,15015.0,16442985.0
2026-07-15 14:01:00+05:30,24080.0,24082.0,24076.0,24078.1,3250.0,16445715.0
2026-07-15 14:02:00+05:30,24076.0,24077.8,24071.8,24071.8,3445.0,16443960.0
2026-07-15 14:03:00+05:30,24070.1,24074.0,24070.0,24073.0,1170.0,16445325.0
2026-07-15 14:04:00+05:30,24072.5,24073.0,24070.0,24072.0,1040.0,16445845.0
2026-07-15 14:05:00+05:30,24071.0,24074.9,24070.0,24074.9,2340.0,16446755.0
2026-07-15 14:06:00+05:30,24071.1,24075.0,24066.1,24072.5,2275.0,16448510.0
2026-07-15 14:07:00+05:30,24072.5,24079.0,24072.5,24075.0,12285.0,16448640.0
2026-07-15 14:08:00+05:30,24075.0,24096.9,24073.4,24096.0,11310.0,16454100.0
2026-07-15 14:09:00+05:30,24096.0,24097.0,24086.3,24090.0,3640.0,16450135.0
2026-07-15 14:10:00+05:30,24090.0,24090.1,24080.0,24084.8,4095.0,16450460.0
2026-07-15 14:11:00+05:30,24080.0,24084.8,24075.0,24082.0,1950.0,16451175.0
2026-07-15 14:12:00+05:30,24082.0,24089.0,24075.0,24082.0,1950.0,16452020.0
2026-07-15 14:13:00+05:30,24075.0,24082.1,24075.0,24082.1,2275.0,16452475.0
2026-07-15 14:14:00+05:30,24085.0,24085.0,24079.8,24082.1,975.0,16452865.0
2026-07-15 14:15:00+05:30,24080.9,24090.0,24080.5,24090.0,1495.0,16453060.0
2026-07-15 14:16:00+05:30,24090.0,24098.0,24090.0,24090.1,11375.0,16452995.0
2026-07-15 14:17:00+05:30,24093.0,24093.0,24079.8,24079.8,2925.0,16455530.0
2026-07-15 14:18:00+05:30,24076.1,24084.3,24072.6,24074.2,2405.0,16456570.0
2026-07-15 14:19:00+05:30,24080.0,24083.4,24072.0,24072.5,1300.0,16457090.0
2026-07-15 14:20:00+05:30,24072.0,24083.9,24071.1,24071.2,1235.0,16457805.0
2026-07-15 14:21:00+05:30,24071.1,24083.0,24071.1,24083.0,910.0,16457805.0
2026-07-15 14:22:00+05:30,24072.5,24083.0,24070.5,24083.0,5265.0,16457935.0
2026-07-15 14:23:00+05:30,24073.1,24083.0,24073.1,24075.0,975.0,16460795.0
2026-07-15 14:24:00+05:30,24079.8,24080.4,24070.0,24074.3,3185.0,16461575.0
2026-07-15 14:25:00+05:30,24075.0,24075.0,24065.0,24070.0,1690.0,16462095.0
2026-07-15 14:26:00+05:30,24063.7,24070.0,24060.2,24060.2,1105.0,16461705.0
2026-07-15 14:27:00+05:30,24069.9,24079.1,24061.2,24069.8,1885.0,16461965.0
2026-07-15 14:28:00+05:30,24075.0,24075.0,24065.1,24070.0,585.0,16461445.0
2026-07-15 14:29:00+05:30,24079.0,24079.0,24062.1,24079.0,3315.0,16462940.0
2026-07-15 14:30:00+05:30,24066.5,24076.1,24066.5,24070.0,3120.0,16462095.0
2026-07-15 14:31:00+05:30,24070.0,24074.2,24061.9,24073.3,910.0,16462875.0
2026-07-15 14:32:00+05:30,24064.0,24075.0,24064.0,24075.0,780.0,16462810.0
2026-07-15 14:33:00+05:30,24067.9,24079.0,24067.9,24075.0,975.0,16462745.0
2026-07-15 14:34:00+05:30,24074.0,24078.9,24068.1,24078.9,1365.0,16462680.0
2026-07-15 14:35:00+05:30,24077.8,24079.1,24070.0,24079.1,1105.0,16463005.0
2026-07-15 14:36:00+05:30,24079.1,24083.0,24073.1,24079.0,8580.0,16462355.0
2026-07-15 14:37:00+05:30,24079.0,24085.0,24079.0,24080.5,2860.0,16458390.0
2026-07-15 14:38:00+05:30,24080.5,24095.0,24080.5,24095.0,3250.0,16458585.0
2026-07-15 14:39:00+05:30,24095.0,24100.0,24090.5,24100.0,7995.0,16427060.0
2026-07-15 14:40:00+05:30,24100.0,24103.1,24095.0,24100.0,11960.0,16424525.0
2026-07-15 14:41:00+05:30,24105.0,24105.0,24093.0,24099.0,6240.0,16424200.0
2026-07-15 14:42:00+05:30,24091.0,24096.0,24090.0,24090.0,1820.0,16424265.0
2026-07-15 14:43:00+05:30,24088.4,24100.0,24088.0,24089.1,1040.0,16424135.0
2026-07-15 14:44:00+05:30,24092.0,24099.0,24092.0,24096.9,780.0,16424200.0
2026-07-15 14:45:00+05:30,24099.0,24099.9,24089.3,24089.3,5005.0,16423485.0
2026-07-15 14:46:00+05:30,24089.3,24099.0,24089.3,24098.0,1430.0,16424850.0
2026-07-15 14:47:00+05:30,24096.8,24097.0,24085.0,24085.0,2730.0,16425435.0
2026-07-15 14:48:00+05:30,24085.0,24085.0,24072.0,24080.0,1755.0,16419390.0
2026-07-15 14:49:00+05:30,24080.0,24084.8,24074.8,24075.1,3120.0,16419780.0
2026-07-15 14:50:00+05:30,24075.0,24082.9,24070.0,24080.0,2730.0,16419715.0
2026-07-15 14:51:00+05:30,24071.0,24079.7,24071.0,24072.0,1560.0,16420300.0
2026-07-15 14:52:00+05:30,24075.0,24075.0,24065.0,24065.0,2990.0,16415880.0
2026-07-15 14:53:00+05:30,24065.2,24075.0,24065.2,24065.8,1495.0,16414320.0
2026-07-15 14:54:00+05:30,24070.0,24079.9,24066.0,24075.0,2925.0,16412370.0
2026-07-15 14:55:00+05:30,24075.0,24079.0,24066.0,24066.0,3055.0,16413605.0
2026-07-15 14:56:00+05:30,24074.0,24074.0,24068.0,24073.5,715.0,16413865.0
2026-07-15 14:57:00+05:30,24068.2,24072.5,24068.0,24068.0,3120.0,16414970.0
2026-07-15 14:58:00+05:30,24066.5,24074.0,24065.0,24069.5,1495.0,16417180.0
2026-07-15 14:59:00+05:30,24070.0,24070.0,24055.3,24058.1,7930.0,16419520.0
2026-07-15 15:00:00+05:30,24060.0,24085.0,24047.0,24064.5,24960.0,16422705.0
2026-07-15 15:01:00+05:30,24064.0,24064.5,24054.5,24058.8,5265.0,16423680.0
2026-07-15 15:02:00+05:30,24055.0,24063.5,24045.8,24051.0,10075.0,16427580.0
2026-07-15 15:03:00+05:30,24055.0,24065.0,24054.0,24054.0,6435.0,16429985.0
2026-07-15 15:04:00+05:30,24054.5,24065.0,24054.5,24060.7,4810.0,16432130.0
2026-07-15 15:05:00+05:30,24060.6,24065.0,24060.0,24063.5,3055.0,16434015.0
2026-07-15 15:06:00+05:30,24060.1,24068.8,24060.1,24068.0,7800.0,16432780.0
2026-07-15 15:07:00+05:30,24063.0,24075.0,24062.6,24070.4,3965.0,16425825.0
2026-07-15 15:08:00+05:30,24074.7,24075.0,24062.5,24065.0,2665.0,16426410.0
2026-07-15 15:09:00+05:30,24065.1,24073.6,24062.0,24062.0,1625.0,16426670.0
2026-07-15 15:10:00+05:30,24070.5,24070.5,24060.3,24064.8,3055.0,16426865.0
2026-07-15 15:11:00+05:30,24062.0,24070.0,24061.6,24062.0,3120.0,16427515.0
2026-07-15 15:12:00+05:30,24062.7,24073.5,24062.5,24062.5,2405.0,16428685.0
2026-07-15 15:13:00+05:30,24065.8,24072.2,24062.7,24072.2,3380.0,16428815.0
2026-07-15 15:14:00+05:30,24072.2,24078.0,24063.1,24078.0,2925.0,16430960.0
2026-07-15 15:15:00+05:30,24070.0,24078.0,24063.0,24070.0,5135.0,16430635.0
2026-07-15 15:16:00+05:30,24064.0,24069.0,24060.0,24060.0,7865.0,16432065.0
2026-07-15 15:17:00+05:30,24060.1,24068.7,24060.1,24067.1,2925.0,16432325.0
2026-07-15 15:18:00+05:30,24067.2,24069.5,24061.0,24065.1,1235.0,16433040.0
2026-07-15 15:19:00+05:30,24069.2,24075.0,24068.4,24075.0,4745.0,16432390.0
2026-07-15 15:20:00+05:30,24074.9,24080.0,24070.5,24078.8,8385.0,16434080.0
2026-07-15 15:21:00+05:30,24073.3,24078.7,24070.4,24070.4,8255.0,16433885.0
2026-07-15 15:22:00+05:30,24072.9,24072.9,24061.0,24066.9,15795.0,16429270.0
2026-07-15 15:23:00+05:30,24067.0,24073.0,24065.3,24066.0,8450.0,16429335.0
2026-07-15 15:24:00+05:30,24066.4,24074.8,24066.3,24073.9,7215.0,16429270.0
2026-07-15 15:25:00+05:30,24073.8,24077.0,24071.9,24075.3,7605.0,16429855.0
2026-07-15 15:26:00+05:30,24074.1,24079.9,24070.2,24077.0,6565.0,16429660.0
2026-07-15 15:27:00+05:30,24072.1,24078.9,24071.6,24075.0,22685.0,16434600.0
2026-07-15 15:28:00+05:30,24075.9,24077.0,24070.0,24074.0,20995.0,16431350.0
2026-07-15 15:29:00+05:30,24072.0,24078.0,24071.0,24072.0,12935.0,16429530.0
2026-07-16 09:15:00+05:30,24120.0,24148.0,24115.0,24127.9,35815.0,16322735.0
2026-07-16 09:16:00+05:30,24135.0,24148.7,24130.0,24148.0,23010.0,16319550.0
2026-07-16 09:17:00+05:30,24146.4,24168.0,24145.9,24155.1,37440.0,16314090.0
2026-07-16 09:18:00+05:30,24156.6,24174.0,24156.6,24169.9,68380.0,16308175.0
2026-07-16 09:19:00+05:30,24170.8,24180.0,24169.6,24178.0,43420.0,16301025.0
2026-07-16 09:20:00+05:30,24179.0,24191.3,24167.1,24169.7,38805.0,16293095.0
2026-07-16 09:21:00+05:30,24167.1,24169.7,24150.0,24150.0,18850.0,16291730.0
2026-07-16 09:22:00+05:30,24151.0,24166.0,24149.5,24160.5,10530.0,16297385.0
2026-07-16 09:23:00+05:30,24164.0,24166.0,24160.0,24162.4,12480.0,16287245.0
2026-07-16 09:24:00+05:30,24162.2,24165.5,24160.0,24164.3,14300.0,16291275.0
2026-07-16 09:25:00+05:30,24164.5,24170.0,24152.8,24152.8,17615.0,16298880.0
2026-07-16 09:26:00+05:30,24156.3,24164.9,24156.3,24158.2,5915.0,16281070.0
2026-07-16 09:27:00+05:30,24160.0,24164.0,24150.7,24152.6,8450.0,16282825.0
2026-07-16 09:28:00+05:30,24153.5,24155.1,24142.0,24146.0,5330.0,16286920.0
2026-07-16 09:29:00+05:30,24147.0,24154.9,24135.1,24150.1,10335.0,16288935.0
2026-07-16 09:30:00+05:30,24154.8,24167.1,24150.1,24164.0,21190.0,16252730.0
2026-07-16 09:31:00+05:30,24163.1,24163.1,24151.6,24159.0,14235.0,16253315.0
2026-07-16 09:32:00+05:30,24155.2,24160.0,24155.0,24157.2,10270.0,16252665.0
2026-07-16 09:33:00+05:30,24158.6,24159.4,24146.0,24149.0,12155.0,16250650.0
2026-07-16 09:34:00+05:30,24150.0,24150.0,24131.0,24140.0,7345.0,16254095.0
2026-07-16 09:35:00+05:30,24132.3,24140.0,24132.0,24138.7,7215.0,16241550.0
2026-07-16 09:36:00+05:30,24135.1,24139.6,24121.9,24123.3,14365.0,16244410.0
2026-07-16 09:37:00+05:30,24126.7,24144.9,24123.3,24138.6,13650.0,16236220.0
2026-07-16 09:38:00+05:30,24135.0,24139.7,24125.5,24131.5,9230.0,16239470.0
2026-07-16 09:39:00+05:30,24132.5,24137.3,24125.0,24130.5,6825.0,16238950.0
2026-07-16 09:40:00+05:30,24131.0,24137.0,24124.3,24128.7,9750.0,16222310.0
2026-07-16 09:41:00+05:30,24128.7,24144.9,24128.6,24131.1,20020.0,16226340.0
2026-07-16 09:42:00+05:30,24144.1,24155.0,24138.0,24145.1,5395.0,16239990.0
2026-07-16 09:43:00+05:30,24151.4,24162.7,24145.2,24160.0,8515.0,16221985.0
2026-07-16 09:44:00+05:30,24155.1,24163.0,24146.1,24155.0,6955.0,16225820.0
2026-07-16 09:45:00+05:30,24163.6,24164.0,24152.0,24162.0,21645.0,16219905.0
2026-07-16 09:46:00+05:30,24162.0,24162.1,24155.0,24158.6,3445.0,16218540.0
2026-07-16 09:47:00+05:30,24154.9,24166.0,24154.9,24157.1,11440.0,16220555.0
2026-07-16 09:48:00+05:30,24152.1,24156.5,24150.1,24150.2,2795.0,16223415.0
2026-07-16 09:49:00+05:30,24150.4,24151.9,24142.0,24143.0,7995.0,16215095.0
2026-07-16 09:50:00+05:30,24144.4,24145.7,24142.0,24143.8,10790.0,16202875.0
2026-07-16 09:51:00+05:30,24147.2,24147.6,24135.6,24139.4,9750.0,16202355.0
2026-07-16 09:52:00+05:30,24135.2,24140.0,24135.0,24135.1,1365.0,16200145.0
2026-07-16 09:53:00+05:30,24135.4,24141.7,24133.3,24141.7,7020.0,16200080.0
2026-07-16 09:54:00+05:30,24140.0,24147.0,24136.0,24147.0,1560.0,16193450.0
2026-07-16 09:55:00+05:30,24141.2,24160.0,24141.0,24160.0,7540.0,16194295.0
2026-07-16 09:56:00+05:30,24159.5,24164.0,24150.0,24151.5,7670.0,16194620.0
2026-07-16 09:57:00+05:30,24160.0,24163.6,24150.2,24163.5,8840.0,16194425.0
2026-07-16 09:58:00+05:30,24162.0,24165.0,24153.5,24165.0,6955.0,16194035.0
2026-07-16 09:59:00+05:30,24164.5,24165.0,24153.8,24155.0,3835.0,16188315.0
2026-07-16 10:00:00+05:30,24153.7,24153.7,24146.2,24150.0,3250.0,16173170.0
2026-07-16 10:01:00+05:30,24150.5,24154.8,24146.4,24148.1,2730.0,16173430.0
2026-07-16 10:02:00+05:30,24151.2,24160.0,24150.4,24150.4,3900.0,16172845.0
2026-07-16 10:03:00+05:30,24158.8,24159.0,24143.8,24150.4,3055.0,16172390.0
2026-07-16 10:04:00+05:30,24150.5,24155.0,24150.1,24153.0,2015.0,16172260.0
2026-07-16 10:05:00+05:30,24153.0,24153.0,24140.0,24140.9,3900.0,16165370.0
2026-07-16 10:06:00+05:30,24145.3,24149.3,24140.0,24149.0,1625.0,16165240.0
2026-07-16 10:07:00+05:30,24143.0,24148.2,24138.7,24144.6,4095.0,16165305.0
2026-07-16 10:08:00+05:30,24145.0,24149.0,24140.5,24149.0,1755.0,16161860.0
2026-07-16 10:09:00+05:30,24148.9,24149.0,24141.0,24141.0,1820.0,16157960.0
2026-07-16 10:10:00+05:30,24148.9,24150.0,24135.5,24143.7,4030.0,16157960.0
2026-07-16 10:11:00+05:30,24140.0,24143.0,24136.5,24140.0,780.0,16157310.0
2026-07-16 10:12:00+05:30,24138.5,24144.1,24135.6,24135.6,5265.0,16157050.0
2026-07-16 10:13:00+05:30,24140.0,24145.0,24136.0,24136.0,2470.0,16153410.0
2026-07-16 10:14:00+05:30,24145.0,24148.0,24136.8,24148.0,715.0,16154060.0
2026-07-16 10:15:00+05:30,24148.0,24150.0,24136.2,24143.2,2795.0,16152370.0
2026-07-16 10:16:00+05:30,24150.0,24155.0,24148.0,24153.0,4095.0,16152305.0
2026-07-16 10:17:00+05:30,24150.0,24156.9,24144.4,24155.0,13585.0,16152045.0
2026-07-16 10:18:00+05:30,24147.7,24154.3,24145.0,24154.0,1235.0,16143595.0
2026-07-16 10:19:00+05:30,24154.0,24155.0,24146.2,24149.0,1820.0,16134495.0
2026-07-16 10:20:00+05:30,24149.0,24153.8,24143.1,24147.5,2405.0,16134365.0
2026-07-16 10:21:00+05:30,24147.5,24147.5,24144.0,24147.0,585.0,16134430.0
2026-07-16 10:22:00+05:30,24147.5,24151.4,24144.9,24150.1,1300.0,16134495.0
2026-07-16 10:23:00+05:30,24147.4,24149.7,24145.0,24145.8,2730.0,16134300.0
2026-07-16 10:24:00+05:30,24146.1,24152.4,24138.6,24144.0,3055.0,16130855.0
2026-07-16 10:25:00+05:30,24151.1,24152.5,24138.0,24142.0,3315.0,16129490.0
2026-07-16 10:26:00+05:30,24142.0,24146.8,24135.0,24135.0,2405.0,16130400.0
2026-07-16 10:27:00+05:30,24135.5,24136.9,24125.0,24129.6,7020.0,16130920.0
2026-07-16 10:28:00+05:30,24124.6,24146.6,24124.6,24146.6,16640.0,16129555.0
2026-07-16 10:29:00+05:30,24140.0,24149.5,24135.8,24148.7,14300.0,16131960.0
2026-07-16 10:30:00+05:30,24135.1,24145.3,24135.1,24145.0,31395.0,16136055.0
2026-07-16 10:31:00+05:30,24144.9,24149.8,24143.0,24149.4,34710.0,16140930.0
2026-07-16 10:32:00+05:30,24149.0,24149.0,24135.8,24146.9,2080.0,16144505.0
2026-07-16 10:33:00+05:30,24145.1,24145.7,24140.0,24145.7,3575.0,16145350.0
2026-07-16 10:34:00+05:30,24140.0,24147.6,24140.0,24145.0,18720.0,16145090.0
2026-07-16 10:35:00+05:30,24141.9,24145.2,24135.0,24135.0,59995.0,16154450.0
2026-07-16 10:36:00+05:30,24139.5,24145.0,24133.0,24137.4,29055.0,16168425.0
2026-07-16 10:37:00+05:30,24137.7,24145.1,24137.4,24145.0,46085.0,16134040.0
2026-07-16 10:38:00+05:30,24137.7,24145.0,24133.0,24145.0,72670.0,16161665.0
2026-07-16 10:39:00+05:30,24144.9,24146.0,24138.0,24144.8,56745.0,16168490.0
2026-07-16 10:40:00+05:30,24140.0,24145.0,24136.6,24144.0,1105.0,16168750.0
2026-07-16 10:41:00+05:30,24144.0,24150.0,24144.0,24150.0,2470.0,16168750.0
2026-07-16 10:42:00+05:30,24150.0,24155.9,24150.0,24150.0,7800.0,16107520.0
2026-07-16 10:43:00+05:30,24150.0,24153.9,24150.0,24153.9,1235.0,16107585.0
2026-07-16 10:44:00+05:30,24153.9,24153.9,24150.1,24153.9,2860.0,16105570.0
2026-07-16 10:45:00+05:30,24153.9,24162.0,24151.0,24156.5,10660.0,16104075.0
2026-07-16 10:46:00+05:30,24160.0,24169.0,24150.1,24167.3,8840.0,16105505.0
2026-07-16 10:47:00+05:30,24167.0,24174.0,24163.2,24170.5,10465.0,15820805.0
2026-07-16 10:48:00+05:30,24170.0,24177.0,24170.0,24175.0,9620.0,15815475.0
2026-07-16 10:49:00+05:30,24177.0,24178.0,24173.0,24175.5,6305.0,15812745.0
2026-07-16 10:50:00+05:30,24175.0,24189.0,24173.1,24176.1,35230.0,15806895.0
2026-07-16 10:51:00+05:30,24177.0,24188.0,24173.0,24180.1,4030.0,15808780.0
2026-07-16 10:52:00+05:30,24180.1,24185.0,24180.1,24185.0,3575.0,15801955.0
2026-07-16 10:53:00+05:30,24185.0,24189.0,24182.1,24189.0,7150.0,15801565.0
2026-07-16 10:54:00+05:30,24184.5,24189.0,24183.0,24184.2,8580.0,15796105.0
2026-07-16 10:55:00+05:30,24183.0,24190.0,24183.0,24188.0,14625.0,15792985.0
2026-07-16 10:56:00+05:30,24190.0,24198.0,24188.0,24194.0,20020.0,15787655.0
2026-07-16 10:57:00+05:30,24189.0,24199.0,24189.0,24196.0,7800.0,15777515.0
2026-07-16 10:58:00+05:30,24195.0,24198.0,24193.0,24195.0,6045.0,15776670.0
2026-07-16 10:59:00+05:30,24195.0,24199.0,24190.0,24197.8,23725.0,15777255.0
2026-07-16 11:00:00+05:30,24199.0,24220.0,24198.5,24217.0,65065.0,15779465.0
2026-07-16 11:01:00+05:30,24215.4,24219.8,24203.0,24215.0,11960.0,15777905.0
2026-07-16 11:02:00+05:30,24218.0,24220.0,24200.0,24201.0,16250.0,15769975.0
2026-07-16 11:03:00+05:30,24200.9,24214.9,24199.0,24205.0,16705.0,15771730.0
2026-07-16 11:04:00+05:30,24199.0,24205.0,24197.1,24200.0,7735.0,15773290.0
2026-07-16 11:05:00+05:30,24199.5,24209.0,24190.0,24197.8,15080.0,15776605.0
2026-07-16 11:06:00+05:30,24194.0,24196.4,24185.0,24193.0,8190.0,15781935.0
2026-07-16 11:07:00+05:30,24186.2,24197.0,24186.0,24197.0,10660.0,15772185.0
2026-07-16 11:08:00+05:30,24194.0,24200.0,24187.4,24199.3,8840.0,15777840.0
2026-07-16 11:09:00+05:30,24200.0,24200.0,24187.0,24192.0,4875.0,15782260.0
2026-07-16 11:10:00+05:30,24190.0,24192.4,24185.1,24190.0,4030.0,15784990.0
2026-07-16 11:11:00+05:30,24190.0,24198.0,24186.8,24198.0,2275.0,15785835.0
2026-07-16 11:12:00+05:30,24195.0,24199.0,24185.2,24185.2,6110.0,15781545.0
2026-07-16 11:13:00+05:30,24195.9,24197.0,24185.3,24190.1,2730.0,15781675.0
2026-07-16 11:14:00+05:30,24190.1,24195.0,24179.8,24183.1,8710.0,15784145.0
2026-07-16 11:15:00+05:30,24185.0,24190.0,24180.6,24190.0,4810.0,15786745.0
2026-07-16 11:16:00+05:30,24190.0,24193.4,24181.2,24185.0,3120.0,15785185.0
2026-07-16 11:17:00+05:30,24190.0,24190.3,24174.0,24180.0,6760.0,15778165.0
2026-07-16 11:18:00+05:30,24174.2,24188.8,24174.2,24188.8,3575.0,15779270.0
2026-07-16 11:19:00+05:30,24187.3,24188.1,24178.0,24178.1,5200.0,15781935.0
2026-07-16 11:20:00+05:30,24178.1,24184.5,24176.0,24176.1,3965.0,15782975.0
2026-07-16 11:21:00+05:30,24176.6,24187.7,24176.0,24186.3,2990.0,15784015.0
2026-07-16 11:22:00+05:30,24186.9,24187.4,24176.1,24187.4,2015.0,15781090.0
2026-07-16 11:23:00+05:30,24186.8,24187.6,24176.2,24176.2,5395.0,15782650.0
2026-07-16 11:24:00+05:30,24176.2,24183.9,24176.2,24183.3,2210.0,15784730.0
2026-07-16 11:25:00+05:30,24183.0,24184.0,24176.2,24182.8,3835.0,15786355.0
2026-07-16 11:26:00+05:30,24181.5,24182.8,24176.9,24182.8,1625.0,15788955.0
2026-07-16 11:27:00+05:30,24182.8,24186.0,24177.7,24185.0,2145.0,15775695.0
2026-07-16 11:28:00+05:30,24180.1,24180.1,24175.1,24175.1,4745.0,15777775.0
2026-07-16 11:29:00+05:30,24175.1,24178.0,24175.1,24177.0,2340.0,15777840.0
2026-07-16 11:30:00+05:30,24177.0,24178.0,24172.1,24177.9,3445.0,15780050.0
2026-07-16 11:31:00+05:30,24177.9,24188.3,24175.0,24177.9,2860.0,15781415.0
2026-07-16 11:32:00+05:30,24182.0,24188.7,24178.0,24178.0,2340.0,15775825.0
2026-07-16 11:33:00+05:30,24187.0,24187.0,24177.6,24184.8,3510.0,15777580.0
2026-07-16 11:34:00+05:30,24179.2,24184.8,24179.0,24180.4,3120.0,15779595.0
2026-07-16 11:35:00+05:30,24176.0,24185.0,24176.0,24185.0,910.0,15780180.0
2026-07-16 11:36:00+05:30,24179.0,24187.6,24179.0,24187.0,7475.0,15780635.0
2026-07-16 11:37:00+05:30,24187.6,24187.6,24172.0,24172.0,14040.0,15773810.0
2026-07-16 11:38:00+05:30,24172.0,24190.0,24172.0,24185.3,3900.0,15774655.0
2026-07-16 11:39:00+05:30,24185.3,24190.8,24178.4,24190.0,4030.0,15777515.0
2026-07-16 11:40:00+05:30,24180.8,24192.0,24180.8,24191.1,1430.0,15776280.0
2026-07-16 11:41:00+05:30,24191.7,24195.0,24183.0,24183.0,3510.0,15777515.0
2026-07-16 11:42:00+05:30,24194.3,24194.8,24180.0,24180.0,3705.0,15772055.0
2026-07-16 11:43:00+05:30,24180.0,24181.0,24175.0,24175.0,2535.0,15771470.0
2026-07-16 11:44:00+05:30,24175.1,24177.0,24175.1,24177.0,845.0,15771925.0
2026-07-16 11:45:00+05:30,24177.0,24181.9,24175.3,24181.6,1885.0,15772445.0
2026-07-16 11:46:00+05:30,24181.5,24185.0,24175.7,24185.0,1820.0,15771665.0
2026-07-16 11:47:00+05:30,24185.0,24185.0,24176.9,24184.5,2015.0,15760160.0
2026-07-16 11:48:00+05:30,24184.7,24185.0,24177.7,24178.7,2145.0,15760875.0
2026-07-16 11:49:00+05:30,24179.7,24184.2,24178.7,24183.7,2210.0,15761005.0
2026-07-16 11:50:00+05:30,24178.9,24183.7,24173.5,24173.5,4030.0,15763085.0
2026-07-16 11:51:00+05:30,24172.2,24173.4,24163.2,24166.3,3445.0,15761850.0
2026-07-16 11:52:00+05:30,24173.0,24178.6,24168.0,24169.9,2080.0,15756325.0
2026-07-16 11:53:00+05:30,24169.9,24179.4,24168.1,24178.6,1495.0,15756650.0
2026-07-16 11:54:00+05:30,24168.4,24183.9,24168.4,24183.1,1625.0,15757105.0
2026-07-16 11:55:00+05:30,24183.1,24183.1,24170.4,24180.6,2015.0,15757365.0
2026-07-16 11:56:00+05:30,24178.0,24183.0,24171.7,24176.0,2340.0,15756065.0
2026-07-16 11:57:00+05:30,24180.0,24182.0,24175.0,24180.0,1885.0,15747550.0
2026-07-16 11:58:00+05:30,24180.0,24180.5,24171.0,24171.0,2990.0,15748070.0
2026-07-16 11:59:00+05:30,24171.0,24179.9,24171.0,24179.8,650.0,15749565.0
2026-07-16 12:00:00+05:30,24174.2,24184.0,24174.2,24179.2,1885.0,15750410.0
2026-07-16 12:01:00+05:30,24174.4,24174.4,24170.0,24170.0,3640.0,15752425.0
2026-07-16 12:02:00+05:30,24170.2,24174.8,24168.6,24168.6,2080.0,15749305.0
2026-07-16 12:03:00+05:30,24168.6,24168.6,24160.1,24163.4,7215.0,15748070.0
2026-07-16 12:04:00+05:30,24163.8,24163.8,24156.0,24158.9,11505.0,15747355.0
2026-07-16 12:05:00+05:30,24158.0,24160.0,24153.1,24160.0,1755.0,15747875.0
2026-07-16 12:06:00+05:30,24153.1,24160.0,24151.0,24159.3,5915.0,15747745.0
2026-07-16 12:07:00+05:30,24155.0,24160.0,24150.1,24150.9,3380.0,15735135.0
2026-07-16 12:08:00+05:30,24159.0,24160.0,24151.0,24160.0,1300.0,15734615.0
2026-07-16 12:09:00+05:30,24153.4,24160.0,24153.4,24157.4,845.0,15734225.0
2026-07-16 12:10:00+05:30,24155.0,24162.4,24155.0,24156.3,715.0,15734485.0
2026-07-16 12:11:00+05:30,24162.0,24163.0,24159.0,24163.0,390.0,15734485.0
2026-07-16 12:12:00+05:30,24160.1,24165.0,24159.6,24165.0,1300.0,15730910.0
2026-07-16 12:13:00+05:30,24159.8,24160.0,24155.0,24157.4,2600.0,15731885.0
2026-07-16 12:14:00+05:30,24155.0,24159.0,24152.0,24152.1,1040.0,15732015.0
2026-07-16 12:15:00+05:30,24154.1,24160.0,24153.1,24160.0,1170.0,15732405.0
2026-07-16 12:16:00+05:30,24155.0,24160.0,24155.0,24155.0,325.0,15732405.0
2026-07-16 12:17:00+05:30,24160.0,24160.0,24155.0,24160.0,1040.0,15732665.0
2026-07-16 12:18:00+05:30,24160.0,24160.0,24155.0,24155.0,1300.0,15733315.0
2026-07-16 12:19:00+05:30,24155.1,24156.3,24152.1,24156.3,975.0,15733315.0
2026-07-16 12:20:00+05:30,24156.4,24159.9,24153.9,24156.0,1560.0,15734290.0
2026-07-16 12:21:00+05:30,24154.0,24156.0,24153.3,24154.0,1105.0,15734420.0
2026-07-16 12:22:00+05:30,24160.0,24164.9,24154.0,24157.0,910.0,15733315.0
2026-07-16 12:23:00+05:30,24154.0,24165.0,24150.1,24163.2,4160.0,15734030.0
2026-07-16 12:24:00+05:30,24163.2,24164.0,24152.0,24164.0,2275.0,15734420.0
2026-07-16 12:25:00+05:30,24156.0,24175.0,24154.1,24174.0,5395.0,15734095.0
2026-07-16 12:26:00+05:30,24179.3,24182.9,24167.2,24181.4,3250.0,15734940.0
2026-07-16 12:27:00+05:30,24180.0,24180.9,24171.0,24179.4,2275.0,15736240.0
2026-07-16 12:28:00+05:30,24179.3,24189.0,24172.0,24189.0,3250.0,15735720.0
2026-07-16 12:29:00+05:30,24176.3,24191.8,24176.3,24190.7,3380.0,15737215.0
2026-07-16 12:30:00+05:30,24190.0,24190.4,24176.2,24176.2,3900.0,15738125.0
2026-07-16 12:31:00+05:30,24176.2,24183.3,24173.0,24183.3,3055.0,15739750.0
2026-07-16 12:32:00+05:30,24182.0,24183.8,24174.7,24174.7,2665.0,15741635.0
2026-07-16 12:33:00+05:30,24180.3,24180.6,24170.1,24174.9,7020.0,15743715.0
2026-07-16 12:34:00+05:30,24174.9,24175.7,24166.0,24170.0,3380.0,15743910.0
2026-07-16 12:35:00+05:30,24176.8,24178.4,24162.1,24175.0,2990.0,15745860.0
2026-07-16 12:36:00+05:30,24175.8,24178.4,24165.6,24170.0,2925.0,15747615.0
2026-07-16 12:37:00+05:30,24175.3,24175.6,24162.4,24162.4,3055.0,15749175.0
2026-07-16 12:38:00+05:30,24171.8,24172.2,24161.0,24161.0,2470.0,15750085.0
2026-07-16 12:39:00+05:30,24170.0,24171.9,24160.0,24160.5,2405.0,15751775.0
2026-07-16 12:40:00+05:30,24161.0,24170.4,24160.0,24161.0,3185.0,15752945.0
2026-07-16 12:41:00+05:30,24169.9,24169.9,24161.0,24161.0,2535.0,15752945.0
2026-07-16 12:42:00+05:30,24168.0,24168.0,24151.0,24154.0,4095.0,15755025.0
2026-07-16 12:43:00+05:30,24154.0,24160.0,24145.0,24154.3,8710.0,15752815.0
2026-07-16 12:44:00+05:30,24145.1,24159.1,24145.0,24155.0,4030.0,15752555.0
2026-07-16 12:45:00+05:30,24146.5,24158.2,24146.0,24158.0,3705.0,15752555.0
2026-07-16 12:46:00+05:30,24148.0,24158.9,24147.0,24157.7,2990.0,15755545.0
2026-07-16 12:47:00+05:30,24150.0,24158.6,24145.6,24156.2,3055.0,15755545.0
2026-07-16 12:48:00+05:30,24157.2,24157.6,24145.1,24157.0,3380.0,15756715.0
2026-07-16 12:49:00+05:30,24156.1,24156.8,24145.0,24156.8,3120.0,15758340.0
2026-07-16 12:50:00+05:30,24157.0,24157.2,24145.0,24146.1,3120.0,15760095.0
2026-07-16 12:51:00+05:30,24157.0,24157.2,24146.0,24155.0,3510.0,15762760.0
2026-07-16 12:52:00+05:30,24155.0,24156.8,24145.0,24156.8,3380.0,15763995.0
2026-07-16 12:53:00+05:30,24156.8,24156.8,24145.0,24150.0,2990.0,15763995.0
2026-07-16 12:54:00+05:30,24148.9,24153.2,24140.0,24150.0,7540.0,15765620.0
2026-07-16 12:55:00+05:30,24141.5,24152.0,24140.0,24151.2,3250.0,15765555.0
2026-07-16 12:56:00+05:30,24149.7,24150.2,24142.0,24149.8,2860.0,15766595.0
2026-07-16 12:57:00+05:30,24149.6,24150.2,24141.0,24141.0,3185.0,15767505.0
2026-07-16 12:58:00+05:30,24148.8,24148.9,24140.1,24146.1,3185.0,15767960.0
2026-07-16 12:59:00+05:30,24146.0,24146.8,24138.0,24140.0,4550.0,15768480.0
2026-07-16 13:00:00+05:30,24142.0,24144.8,24125.0,24125.0,22880.0,15769975.0
2026-07-16 13:01:00+05:30,24125.1,24144.0,24125.1,24133.0,5330.0,15770365.0
2026-07-16 13:02:00+05:30,24131.1,24144.7,24130.0,24143.1,4875.0,15772120.0
2026-07-16 13:03:00+05:30,24132.0,24144.0,24131.2,24143.2,2860.0,15772705.0
2026-07-16 13:04:00+05:30,24135.0,24149.0,24131.0,24149.0,3120.0,15774330.0
2026-07-16 13:05:00+05:30,24149.9,24150.2,24135.2,24148.9,3315.0,15776150.0
2026-07-16 13:06:00+05:30,24138.0,24150.3,24136.0,24137.1,3120.0,15777710.0
2026-07-16 13:07:00+05:30,24137.1,24150.8,24135.0,24135.1,5200.0,15779725.0
2026-07-16 13:08:00+05:30,24147.5,24151.0,24135.1,24138.4,2795.0,15783040.0
2026-07-16 13:09:00+05:30,24151.0,24151.2,24137.0,24148.3,3445.0,15784990.0
2026-07-16 13:10:00+05:30,24138.0,24148.0,24130.6,24130.6,4485.0,15786875.0
2026-07-16 13:11:00+05:30,24130.3,24146.0,24130.1,24143.0,3770.0,15788435.0
2026-07-16 13:12:00+05:30,24131.0,24145.6,24130.1,24145.6,4160.0,15790320.0
2026-07-16 13:13:00+05:30,24131.0,24147.0,24131.0,24146.5,4615.0,15791815.0
2026-07-16 13:14:00+05:30,24146.5,24149.3,24134.0,24136.0,5005.0,15794220.0
2026-07-16 13:15:00+05:30,24133.0,24142.9,24125.6,24133.0,9425.0,15794870.0
2026-07-16 13:16:00+05:30,24125.7,24136.9,24125.0,24126.0,5850.0,15793505.0
2026-07-16 13:17:00+05:30,24130.0,24137.6,24125.0,24135.6,3315.0,15794545.0
2026-07-16 13:18:00+05:30,24133.9,24136.0,24125.0,24133.0,3250.0,15797080.0
2026-07-16 13:19:00+05:30,24133.0,24136.6,24125.1,24136.6,3380.0,15799550.0
2026-07-16 13:20:00+05:30,24136.5,24140.0,24126.0,24140.0,4160.0,15801370.0
2026-07-16 13:21:00+05:30,24135.0,24141.0,24135.0,24139.3,3900.0,15802670.0
2026-07-16 13:22:00+05:30,24140.6,24141.9,24131.0,24138.3,4030.0,15805010.0
2026-07-16 13:23:00+05:30,24135.7,24136.9,24130.0,24131.0,5330.0,15807220.0
2026-07-16 13:24:00+05:30,24135.8,24136.2,24130.0,24133.2,5980.0,15809170.0
2026-07-16 13:25:00+05:30,24130.0,24133.3,24121.0,24121.0,15470.0,15810665.0
2026-07-16 13:26:00+05:30,24123.0,24123.1,24115.1,24117.5,18655.0,15813265.0
2026-07-16 13:27:00+05:30,24121.1,24124.5,24115.2,24118.0,17160.0,15819895.0
2026-07-16 13:28:00+05:30,24122.4,24124.9,24116.1,24120.0,5655.0,15822430.0
2026-07-16 13:29:00+05:30,24120.0,24124.5,24119.0,24123.9,6305.0,15825225.0
2026-07-16 13:30:00+05:30,24120.0,24121.0,24085.0,24100.2,66365.0,15828930.0
2026-07-16 13:31:00+05:30,24101.2,24102.4,24085.0,24090.0,12675.0,15830555.0
2026-07-16 13:32:00+05:30,24090.0,24102.0,24085.0,24099.7,10140.0,15833935.0
2026-07-16 13:33:00+05:30,24091.0,24102.6,24090.0,24091.0,9100.0,15838420.0
2026-07-16 13:34:00+05:30,24094.5,24103.9,24091.0,24095.0,13130.0,15840695.0
2026-07-16 13:35:00+05:30,24098.9,24100.8,24091.0,24095.1,6370.0,15842190.0
2026-07-16 13:36:00+05:30,24095.1,24099.6,24092.0,24098.0,4940.0,15844400.0
2026-07-16 13:37:00+05:30,24093.0,24097.7,24078.0,24080.0,14235.0,15846480.0
2026-07-16 13:38:00+05:30,24078.0,24082.2,24071.0,24071.0,22230.0,15847585.0
2026-07-16 13:39:00+05:30,24075.5,24080.0,24066.0,24070.0,22035.0,15852655.0
2026-07-16 13:40:00+05:30,24070.0,24078.0,24055.2,24067.6,22230.0,15861885.0
2026-07-16 13:41:00+05:30,24060.0,24070.0,24056.0,24063.3,8970.0,15858895.0
2026-07-16 13:42:00+05:30,24062.0,24069.8,24060.0,24069.2,7410.0,15859870.0
2026-07-16 13:43:00+05:30,24066.3,24072.0,24061.0,24067.5,5720.0,15862405.0
2026-07-16 13:44:00+05:30,24065.0,24068.7,24059.8,24059.8,13910.0,15865590.0
2026-07-16 13:45:00+05:30,24060.0,24068.0,24059.6,24066.3,13455.0,15862535.0
2026-07-16 13:46:00+05:30,24065.0,24071.4,24064.3,24070.0,12415.0,15863835.0
2026-07-16 13:47:00+05:30,24072.0,24072.0,24065.0,24069.9,7150.0,15866175.0
2026-07-16 13:48:00+05:30,24069.9,24070.6,24064.7,24070.0,6695.0,15868515.0
2026-07-16 13:49:00+05:30,24070.0,24070.0,24065.1,24067.6,6500.0,15872805.0
2026-07-16 13:50:00+05:30,24066.1,24074.3,24065.8,24069.9,12025.0,15875015.0
2026-07-16 13:51:00+05:30,24072.8,24075.6,24068.8,24075.6,14430.0,15877095.0
2026-07-16 13:52:00+05:30,24077.0,24088.4,24071.2,24080.0,6500.0,15877225.0
2026-07-16 13:53:00+05:30,24080.0,24090.0,24075.2,24075.2,5460.0,15879565.0
2026-07-16 13:54:00+05:30,24075.1,24087.4,24070.4,24074.0,6110.0,15881580.0
2026-07-16 13:55:00+05:30,24087.9,24094.4,24075.2,24091.0,4745.0,15884115.0
2026-07-16 13:56:00+05:30,24085.0,24102.4,24082.7,24090.0,10790.0,15885870.0
2026-07-16 13:57:00+05:30,24096.6,24098.0,24090.0,24095.0,5265.0,15883985.0
2026-07-16 13:58:00+05:30,24091.0,24099.0,24090.0,24090.5,3900.0,15885480.0
2026-07-16 13:59:00+05:30,24090.1,24105.0,24090.0,24099.0,3705.0,15886585.0
2026-07-16 14:00:00+05:30,24093.7,24107.0,24089.4,24091.3,6435.0,15888275.0
2026-07-16 14:01:00+05:30,24104.4,24105.5,24092.1,24103.6,3510.0,15889185.0
2026-07-16 14:02:00+05:30,24104.6,24109.8,24095.0,24107.2,4225.0,15890875.0
2026-07-16 14:03:00+05:30,24107.0,24108.0,24095.0,24095.0,4550.0,15892825.0
2026-07-16 14:04:00+05:30,24105.0,24106.9,24092.5,24103.3,3835.0,15895035.0
2026-07-16 14:05:00+05:30,24092.5,24106.0,24092.5,24106.0,3705.0,15895945.0
2026-07-16 14:06:00+05:30,24093.7,24110.0,24093.1,24110.0,5460.0,15896790.0
2026-07-16 14:07:00+05:30,24098.5,24110.0,24098.0,24098.0,5525.0,15900300.0
2026-07-16 14:08:00+05:30,24107.4,24108.2,24098.4,24100.0,4160.0,15901925.0
2026-07-16 14:09:00+05:30,24100.0,24103.8,24092.5,24100.0,4680.0,15903420.0
2026-07-16 14:10:00+05:30,24100.0,24100.0,24092.0,24100.0,3900.0,15903420.0
2026-07-16 14:11:00+05:30,24092.5,24105.6,24092.0,24103.6,5005.0,15903420.0
2026-07-16 14:12:00+05:30,24103.6,24106.7,24092.0,24099.8,4225.0,15904980.0
2026-07-16 14:13:00+05:30,24105.2,24109.9,24095.0,24095.0,3510.0,15906540.0
2026-07-16 14:14:00+05:30,24107.4,24107.5,24095.0,24100.0,4745.0,15907450.0
2026-07-16 14:15:00+05:30,24095.0,24105.0,24092.5,24104.7,3900.0,15909075.0
2026-07-16 14:16:00+05:30,24104.7,24110.0,24092.8,24110.0,5785.0,15910180.0
2026-07-16 14:17:00+05:30,24110.0,24119.0,24098.0,24109.0,8775.0,15912065.0
2026-07-16 14:18:00+05:30,24114.7,24120.8,24107.8,24117.1,15600.0,15913105.0
2026-07-16 14:19:00+05:30,24110.0,24117.9,24109.0,24115.8,3835.0,15907710.0
2026-07-16 14:20:00+05:30,24115.7,24115.7,24097.1,24110.4,5850.0,15908685.0
2026-07-16 14:21:00+05:30,24110.0,24111.6,24091.3,24104.4,4160.0,15910180.0
2026-07-16 14:22:00+05:30,24091.0,24104.9,24090.7,24093.5,2665.0,15677415.0
2026-07-16 14:23:00+05:30,24100.0,24106.8,24092.5,24104.5,3445.0,15671110.0
2026-07-16 14:24:00+05:30,24105.3,24106.7,24092.7,24104.1,3705.0,15671370.0
2026-07-16 14:25:00+05:30,24103.1,24104.8,24090.0,24103.4,4550.0,15672865.0
2026-07-16 14:26:00+05:30,24103.0,24103.6,24093.0,24102.8,3250.0,15673905.0
2026-07-16 14:27:00+05:30,24101.0,24104.7,24093.0,24099.2,2665.0,15674425.0
2026-07-16 14:28:00+05:30,24099.2,24101.2,24093.0,24099.4,5005.0,15667470.0
2026-07-16 14:29:00+05:30,24099.0,24104.5,24097.9,24103.3,16770.0,15666690.0
2026-07-16 14:30:00+05:30,24103.8,24110.7,24097.4,24109.9,13975.0,15669355.0
2026-07-16 14:31:00+05:30,24109.5,24110.1,24105.0,24105.0,5395.0,15672410.0
2026-07-16 14:32:00+05:30,24104.7,24114.9,24104.7,24114.9,4420.0,15674555.0
2026-07-16 14:33:00+05:30,24112.0,24112.0,24104.3,24108.3,4225.0,15665845.0
2026-07-16 14:34:00+05:30,24106.8,24113.5,24100.0,24108.0,6045.0,15668380.0
2026-07-16 14:35:00+05:30,24107.6,24110.6,24105.7,24109.1,3250.0,15669095.0
2026-07-16 14:36:00+05:30,24107.4,24111.4,24100.0,24105.7,3965.0,15664740.0
2026-07-16 14:37:00+05:30,24106.3,24107.5,24096.3,24104.9,4875.0,15660255.0
2026-07-16 14:38:00+05:30,24104.1,24106.3,24100.0,24102.2,4615.0,15652325.0
2026-07-16 14:39:00+05:30,24102.9,24105.9,24102.2,24104.3,3835.0,15654990.0
2026-07-16 14:40:00+05:30,24106.0,24107.0,24097.1,24098.9,6630.0,15658565.0
2026-07-16 14:41:00+05:30,24098.8,24105.0,24090.0,24105.0,12090.0,15663700.0
2026-07-16 14:42:00+05:30,24105.7,24113.5,24095.0,24112.0,7800.0,15672150.0
2026-07-16 14:43:00+05:30,24112.0,24113.2,24103.0,24103.0,5720.0,15658240.0
2026-07-16 14:44:00+05:30,24110.3,24113.9,24100.1,24113.0,5655.0,15659735.0
2026-07-16 14:45:00+05:30,24112.6,24113.6,24099.0,24100.3,4160.0,15661360.0
2026-07-16 14:46:00+05:30,24113.0,24113.3,24100.0,24111.0,3055.0,15663310.0
2026-07-16 14:47:00+05:30,24109.7,24113.9,24102.0,24113.9,3380.0,15664675.0
2026-07-16 14:48:00+05:30,24113.8,24113.8,24102.0,24106.0,3120.0,15657330.0
2026-07-16 14:49:00+05:30,24106.0,24110.2,24100.0,24100.0,3835.0,15659150.0
2026-07-16 14:50:00+05:30,24096.0,24109.0,24095.0,24108.6,4615.0,15660190.0
2026-07-16 14:51:00+05:30,24100.0,24108.6,24096.1,24100.0,4745.0,15660450.0
2026-07-16 14:52:00+05:30,24100.0,24109.3,24096.1,24108.9,3380.0,15661945.0
2026-07-16 14:53:00+05:30,24108.0,24112.0,24100.0,24112.0,2470.0,15654730.0
2026-07-16 14:54:00+05:30,24112.1,24112.2,24102.0,24112.0,2340.0,15655835.0
2026-07-16 14:55:00+05:30,24112.0,24116.9,24104.1,24105.0,2925.0,15656355.0
2026-07-16 14:56:00+05:30,24117.2,24120.0,24107.0,24120.0,6110.0,15656550.0
2026-07-16 14:57:00+05:30,24111.1,24120.8,24109.0,24119.3,3575.0,15657460.0
2026-07-16 14:58:00+05:30,24119.2,24124.0,24111.0,24124.0,14235.0,15651805.0
2026-07-16 14:59:00+05:30,24114.5,24125.0,24110.0,24124.6,18915.0,15637245.0
2026-07-16 15:00:00+05:30,24124.6,24134.8,24110.0,24125.8,28145.0,15639390.0
2026-07-16 15:01:00+05:30,24124.0,24124.7,24098.9,24103.2,12805.0,15646150.0
2026-07-16 15:02:00+05:30,24101.8,24113.2,24088.2,24102.6,16640.0,15648815.0
2026-07-16 15:03:00+05:30,24090.4,24102.4,24085.3,24085.3,8450.0,15637895.0
2026-07-16 15:04:00+05:30,24085.4,24093.7,24085.0,24085.0,5525.0,15642965.0
2026-07-16 15:05:00+05:30,24085.0,24100.0,24085.0,24099.7,11050.0,15651545.0
2026-07-16 15:06:00+05:30,24091.7,24102.9,24089.0,24089.0,4940.0,15653430.0
2026-07-16 15:07:00+05:30,24089.0,24098.0,24085.8,24085.8,11050.0,15657655.0
2026-07-16 15:08:00+05:30,24097.9,24102.9,24086.9,24090.0,6240.0,15652455.0
2026-07-16 15:09:00+05:30,24099.0,24101.9,24085.7,24085.7,7605.0,15655445.0
2026-07-16 15:10:00+05:30,24098.4,24098.4,24085.7,24085.7,7735.0,15657395.0
2026-07-16 15:11:00+05:30,24085.7,24095.0,24085.7,24086.0,6890.0,15660710.0
2026-07-16 15:12:00+05:30,24094.9,24099.9,24086.0,24090.7,7280.0,15660060.0
2026-07-16 15:13:00+05:30,24098.0,24102.0,24090.1,24093.0,7605.0,15651935.0
2026-07-16 15:14:00+05:30,24093.0,24103.0,24090.0,24094.0,7150.0,15655185.0
2026-07-16 15:15:00+05:30,24100.0,24105.0,24091.6,24091.6,8710.0,15655705.0
2026-07-16 15:16:00+05:30,24091.0,24097.9,24090.0,24091.3,7930.0,15658305.0
2026-07-16 15:17:00+05:30,24095.9,24099.9,24090.0,24091.1,6760.0,15659410.0
2026-07-16 15:18:00+05:30,24098.5,24100.9,24090.0,24095.7,13260.0,15650830.0
2026-07-16 15:19:00+05:30,24100.6,24101.1,24095.0,24095.1,12870.0,15649400.0
2026-07-16 15:20:00+05:30,24100.9,24100.9,24090.0,24090.0,23270.0,15657980.0
2026-07-16 15:21:00+05:30,24091.0,24095.0,24086.9,24090.8,22165.0,15665000.0
2026-07-16 15:22:00+05:30,24092.7,24093.7,24087.5,24090.8,16185.0,15670330.0
2026-07-16 15:23:00+05:30,24091.5,24096.0,24090.0,24090.7,12740.0,15657720.0
2026-07-16 15:24:00+05:30,24095.0,24098.0,24090.9,24095.0,20605.0,15659800.0
2026-07-16 15:25:00+05:30,24098.0,24098.0,24091.5,24092.0,17485.0,15661360.0
2026-07-16 15:26:00+05:30,24091.5,24095.0,24086.7,24089.1,28405.0,15672865.0
2026-07-16 15:27:00+05:30,24090.0,24095.0,24089.1,24091.3,14560.0,15671825.0
2026-07-16 15:28:00+05:30,24091.3,24098.0,24091.0,24093.0,16445.0,15666495.0
2026-07-16 15:29:00+05:30,24095.0,24103.7,24093.0,24103.7,28080.0,15671110.0
2026-07-17 09:15:00+05:30,24096.1,24135.0,24083.3,24134.1,51350.0,15439255.0
2026-07-17 09:16:00+05:30,24136.0,24156.6,24135.6,24156.6,71305.0,15469220.0
2026-07-17 09:17:00+05:30,24155.3,24164.0,24152.2,24161.4,50635.0,15469220.0
2026-07-17 09:18:00+05:30,24161.4,24179.0,24159.7,24179.0,34645.0,15478255.0
2026-07-17 09:19:00+05:30,24176.1,24185.0,24174.8,24180.0,41665.0,15475980.0
2026-07-17 09:20:00+05:30,24180.0,24189.0,24169.9,24178.5,33280.0,15483000.0
2026-07-17 09:21:00+05:30,24183.2,24184.0,24169.7,24180.0,27950.0,15487680.0
2026-07-17 09:22:00+05:30,24172.9,24180.0,24169.5,24177.8,23140.0,15491580.0
2026-07-17 09:23:00+05:30,24179.0,24180.0,24172.4,24175.3,19435.0,15496065.0
2026-07-17 09:24:00+05:30,24179.7,24190.0,24170.5,24178.2,31070.0,15498860.0
2026-07-17 09:25:00+05:30,24177.8,24190.9,24177.8,24190.0,35165.0,15490995.0
2026-07-17 09:26:00+05:30,24190.0,24194.8,24182.4,24189.2,17615.0,15490150.0
2026-07-17 09:27:00+05:30,24189.2,24195.0,24182.9,24191.9,17420.0,15483130.0
2026-07-17 09:28:00+05:30,24188.0,24192.0,24185.6,24187.2,15145.0,15488005.0
2026-07-17 09:29:00+05:30,24190.7,24198.0,24186.2,24198.0,29965.0,15466100.0
2026-07-17 09:30:00+05:30,24198.0,24199.9,24184.2,24190.0,39260.0,15469350.0
2026-07-17 09:31:00+05:30,24189.5,24198.2,24185.0,24185.9,13455.0,15476890.0
2026-07-17 09:32:00+05:30,24185.0,24197.0,24181.1,24187.2,17485.0,15476890.0
2026-07-17 09:33:00+05:30,24189.2,24200.5,24187.5,24200.0,33735.0,15470780.0
2026-07-17 09:34:00+05:30,24200.3,24212.0,24186.0,24196.5,40170.0,15425865.0
2026-07-17 09:35:00+05:30,24197.7,24200.0,24186.1,24195.0,13585.0,15433535.0
2026-07-17 09:36:00+05:30,24195.0,24199.8,24189.7,24194.0,12675.0,15438020.0
2026-07-17 09:37:00+05:30,24193.6,24205.0,24193.6,24201.0,16120.0,15444390.0
2026-07-17 09:38:00+05:30,24201.0,24207.0,24201.0,24204.1,18590.0,15444390.0
2026-07-17 09:39:00+05:30,24206.0,24209.0,24201.0,24201.0,20930.0,15418260.0
2026-07-17 09:40:00+05:30,24201.0,24209.5,24198.0,24209.2,29900.0,15422745.0
2026-07-17 09:41:00+05:30,24209.2,24209.9,24198.2,24202.0,14365.0,15427035.0
2026-07-17 09:42:00+05:30,24202.0,24209.9,24202.0,24208.9,9100.0,15431390.0
2026-07-17 09:43:00+05:30,24207.0,24211.5,24202.0,24210.0,21060.0,15434510.0
2026-07-17 09:44:00+05:30,24210.0,24218.0,24206.0,24215.0,33150.0,15414620.0
2026-07-17 09:45:00+05:30,24215.0,24225.0,24211.0,24217.6,50180.0,15421185.0
2026-07-17 09:46:00+05:30,24218.0,24225.0,24214.7,24222.0,19175.0,15426255.0
2026-07-17 09:47:00+05:30,24225.0,24230.0,24219.6,24219.6,24570.0,15425995.0
2026-07-17 09:48:00+05:30,24220.0,24222.5,24219.0,24219.9,10595.0,15425670.0
2026-07-17 09:49:00+05:30,24220.1,24225.0,24218.0,24221.2,23400.0,15399020.0
2026-07-17 09:50:00+05:30,24221.3,24228.8,24220.9,24227.0,12415.0,15404480.0
2026-07-17 09:51:00+05:30,24227.0,24227.9,24216.0,24216.2,9555.0,15407925.0
2026-07-17 09:52:00+05:30,24216.1,24218.2,24210.1,24213.0,21060.0,15408445.0
2026-07-17 09:53:00+05:30,24213.0,24217.0,24210.6,24212.0,11570.0,15419300.0
2026-07-17 09:54:00+05:30,24212.0,24225.0,24209.3,24224.0,23790.0,15390765.0
2026-07-17 09:55:00+05:30,24224.0,24224.9,24211.0,24211.0,8060.0,15395185.0
2026-07-17 09:56:00+05:30,24211.0,24211.5,24200.1,24205.0,8710.0,15398045.0
2026-07-17 09:57:00+05:30,24205.0,24210.0,24196.6,24197.0,7475.0,15399670.0
2026-07-17 09:58:00+05:30,24197.0,24205.0,24193.8,24200.9,15730.0,15380690.0
2026-07-17 09:59:00+05:30,24202.9,24214.8,24200.0,24214.8,8320.0,15380690.0
2026-07-17 10:00:00+05:30,24205.0,24215.0,24200.2,24203.4,7410.0,15385240.0
2026-07-17 10:01:00+05:30,24200.0,24207.8,24191.1,24191.1,9035.0,15388815.0
2026-07-17 10:02:00+05:30,24192.0,24201.3,24191.1,24195.0,9360.0,15389010.0
2026-07-17 10:03:00+05:30,24194.8,24200.0,24190.0,24198.0,9685.0,15387645.0
2026-07-17 10:04:00+05:30,24192.0,24199.0,24187.6,24194.0,7150.0,15372370.0
2026-07-17 10:05:00+05:30,24190.0,24200.0,24186.8,24198.0,7150.0,15370290.0
2026-07-17 10:06:00+05:30,24200.0,24204.9,24194.5,24197.6,8125.0,15370225.0
2026-07-17 10:07:00+05:30,24197.6,24208.8,24197.6,24208.6,3250.0,15369315.0
2026-07-17 10:08:00+05:30,24208.7,24209.7,24192.2,24200.0,8515.0,15369965.0
2026-07-17 10:09:00+05:30,24201.0,24215.0,24200.0,24210.0,7800.0,15362165.0
2026-07-17 10:10:00+05:30,24210.0,24212.0,24200.6,24210.0,4095.0,15364245.0
2026-07-17 10:11:00+05:30,24201.0,24214.0,24200.9,24206.0,4420.0,15365935.0
2026-07-17 10:12:00+05:30,24203.6,24220.0,24202.6,24219.0,5200.0,15367755.0
2026-07-17 10:13:00+05:30,24216.0,24228.0,24216.0,24226.0,22360.0,15368795.0
2026-07-17 10:14:00+05:30,24226.0,24226.4,24218.4,24218.4,21775.0,15359565.0
2026-07-17 10:15:00+05:30,24218.4,24222.0,24218.0,24221.2,8580.0,15364310.0
2026-07-17 10:16:00+05:30,24221.2,24228.0,24220.0,24225.0,7085.0,15368340.0
2026-07-17 10:17:00+05:30,24225.0,24230.0,24225.0,24230.0,27430.0,15373475.0
2026-07-17 10:18:00+05:30,24229.5,24272.7,24229.5,24268.1,117000.0,15340325.0
2026-07-17 10:19:00+05:30,24265.0,24270.0,24258.2,24260.6,36790.0,15324855.0
2026-07-17 10:20:00+05:30,24260.6,24265.0,24245.0,24245.0,22360.0,15325700.0
2026-07-17 10:21:00+05:30,24250.0,24261.2,24245.0,24252.2,15535.0,15322320.0
2026-07-17 10:22:00+05:30,24252.4,24253.0,24239.0,24246.0,9425.0,15325310.0
2026-07-17 10:23:00+05:30,24241.0,24250.0,24236.1,24239.0,7735.0,15326220.0
2026-07-17 10:24:00+05:30,24244.0,24249.9,24235.0,24249.0,5915.0,15307825.0
2026-07-17 10:25:00+05:30,24240.5,24250.0,24237.0,24245.9,5460.0,15306330.0
2026-07-17 10:26:00+05:30,24246.0,24250.0,24245.4,24245.8,5720.0,15309320.0
2026-07-17 10:27:00+05:30,24246.0,24252.0,24246.0,24252.0,13975.0,15312440.0
2026-07-17 10:28:00+05:30,24251.0,24265.0,24251.0,24264.0,50310.0,15316535.0
2026-07-17 10:29:00+05:30,24260.1,24265.0,24257.1,24260.2,7150.0,15307110.0
2026-07-17 10:30:00+05:30,24265.0,24266.0,24260.0,24260.0,13455.0,15310490.0
2026-07-17 10:31:00+05:30,24260.5,24265.0,24260.5,24264.9,9425.0,15313025.0
2026-07-17 10:32:00+05:30,24264.9,24275.0,24264.9,24273.0,26195.0,15314585.0
2026-07-17 10:33:00+05:30,24270.9,24273.0,24252.2,24260.4,37635.0,15328170.0
2026-07-17 10:34:00+05:30,24260.5,24269.5,24260.1,24269.5,7085.0,15304315.0
2026-07-17 10:35:00+05:30,24269.6,24270.0,24254.6,24254.7,5720.0,15306200.0
2026-07-17 10:36:00+05:30,24254.8,24260.0,24247.0,24251.3,7150.0,15303470.0
2026-07-17 10:37:00+05:30,24251.3,24259.0,24246.0,24247.5,9035.0,15303015.0
2026-07-17 10:38:00+05:30,24250.0,24258.3,24245.0,24249.1,8580.0,15304770.0
2026-07-17 10:39:00+05:30,24248.8,24256.9,24246.4,24249.0,9165.0,15292550.0
2026-07-17 10:40:00+05:30,24249.0,24250.0,24248.4,24250.0,6175.0,15294695.0
2026-07-17 10:41:00+05:30,24250.0,24257.0,24246.0,24257.0,5460.0,15296190.0
2026-07-17 10:42:00+05:30,24250.6,24260.0,24250.5,24255.0,8450.0,15288975.0
2026-07-17 10:43:00+05:30,24252.0,24252.8,24229.5,24229.5,21450.0,15270320.0
2026-07-17 10:44:00+05:30,24229.1,24237.0,24229.1,24236.2,7085.0,15268955.0
2026-07-17 10:45:00+05:30,24236.2,24243.4,24231.0,24231.1,12675.0,15269540.0
2026-07-17 10:46:00+05:30,24231.0,24232.7,24226.2,24228.1,7605.0,15268240.0
2026-07-17 10:47:00+05:30,24230.0,24242.0,24228.0,24241.9,6500.0,15269085.0
2026-07-17 10:48:00+05:30,24235.0,24239.8,24232.0,24233.0,5200.0,15261675.0
2026-07-17 10:49:00+05:30,24233.0,24238.9,24226.2,24226.2,6045.0,15261740.0
2026-07-17 10:50:00+05:30,24228.0,24230.5,24225.0,24227.0,5200.0,15262455.0
2026-07-17 10:51:00+05:30,24227.1,24233.0,24224.0,24225.0,4875.0,15261090.0
2026-07-17 10:52:00+05:30,24224.1,24232.3,24221.0,24230.0,9230.0,15264795.0
2026-07-17 10:53:00+05:30,24230.0,24240.4,24223.0,24235.0,7670.0,15271165.0
2026-07-17 10:54:00+05:30,24235.0,24240.0,24222.0,24235.0,7085.0,15254135.0
2026-07-17 10:55:00+05:30,24225.0,24236.3,24223.6,24228.0,5525.0,15256215.0
2026-07-17 10:56:00+05:30,24228.0,24239.9,24227.6,24238.0,4030.0,15259010.0
2026-07-17 10:57:00+05:30,24228.4,24240.0,24228.4,24230.0,3770.0,15257580.0
2026-07-17 10:58:00+05:30,24231.0,24232.0,24230.0,24231.9,6110.0,15250430.0
2026-07-17 10:59:00+05:30,24232.0,24232.1,24229.2,24231.5,14300.0,15251795.0
2026-07-17 11:00:00+05:30,24231.3,24235.0,24230.7,24233.5,20930.0,15252250.0
2026-07-17 11:01:00+05:30,24233.8,24233.8,24230.0,24230.2,16315.0,15252705.0
2026-07-17 11:02:00+05:30,24229.1,24233.8,24221.1,24226.0,14105.0,15253875.0
2026-07-17 11:03:00+05:30,24226.0,24231.4,24222.0,24228.0,15925.0,15245295.0
2026-07-17 11:04:00+05:30,24225.6,24239.0,24225.4,24235.0,3770.0,15246725.0
2026-07-17 11:05:00+05:30,24235.0,24245.0,24235.0,24236.8,3835.0,15247700.0
2026-07-17 11:06:00+05:30,24237.2,24245.0,24225.7,24236.7,6370.0,15250625.0
2026-07-17 11:07:00+05:30,24245.0,24246.8,24223.5,24230.8,7540.0,15254395.0
2026-07-17 11:08:00+05:30,24223.5,24227.9,24203.0,24220.7,122850.0,15265965.0
2026-07-17 11:09:00+05:30,24211.6,24223.9,24209.4,24218.5,11310.0,15283775.0
2026-07-17 11:10:00+05:30,24212.6,24224.0,24211.5,24211.5,10205.0,15286310.0
2026-07-17 11:11:00+05:30,24211.5,24224.0,24210.0,24210.2,11895.0,15280590.0
2026-07-17 11:12:00+05:30,24210.0,24223.9,24208.3,24212.6,20085.0,15285855.0
2026-07-17 11:13:00+05:30,24211.2,24223.5,24208.0,24209.7,15535.0,15287545.0
2026-07-17 11:14:00+05:30,24208.2,24211.5,24202.9,24209.8,42185.0,15296905.0
2026-07-17 11:15:00+05:30,24209.0,24222.9,24205.2,24212.7,17875.0,15289365.0
2026-07-17 11:16:00+05:30,24212.7,24222.0,24203.1,24209.3,24765.0,15257645.0
2026-07-17 11:17:00+05:30,24209.3,24222.0,24207.4,24212.2,9165.0,15260700.0
2026-07-17 11:18:00+05:30,24212.1,24217.5,24207.4,24208.3,7930.0,15266290.0
2026-07-17 11:19:00+05:30,24207.8,24220.0,24207.1,24215.4,9685.0,15273440.0
2026-07-17 11:20:00+05:30,24215.2,24221.5,24211.0,24221.1,13260.0,15280200.0
2026-07-17 11:21:00+05:30,24215.7,24220.3,24208.5,24215.8,19435.0,15246595.0
2026-07-17 11:22:00+05:30,24215.8,24229.0,24215.8,24224.7,16575.0,15254980.0
2026-07-17 11:23:00+05:30,24224.4,24224.4,24211.7,24214.6,13585.0,15261415.0
2026-07-17 11:24:00+05:30,24215.0,24222.0,24208.4,24217.6,11440.0,15269735.0
2026-07-17 11:25:00+05:30,24217.6,24228.0,24210.1,24212.3,15990.0,15278835.0
2026-07-17 11:26:00+05:30,24211.7,24216.8,24207.3,24212.0,22360.0,15288910.0
2026-07-17 11:27:00+05:30,24212.0,24226.0,24210.8,24219.9,10075.0,15294760.0
2026-07-17 11:28:00+05:30,24219.9,24226.0,24213.4,24220.9,9620.0,15301780.0
2026-07-17 11:29:00+05:30,24220.8,24226.0,24213.7,24214.6,11895.0,15307695.0
2026-07-17 11:30:00+05:30,24214.2,24226.0,24212.7,24215.8,20410.0,15315560.0
2026-07-17 11:31:00+05:30,24215.0,24226.0,24212.1,24218.7,8125.0,15287350.0
2026-07-17 11:32:00+05:30,24218.0,24227.2,24213.7,24225.0,8710.0,15294630.0
2026-07-17 11:33:00+05:30,24219.3,24227.0,24216.3,24222.5,7475.0,15299310.0
2026-07-17 11:34:00+05:30,24225.0,24230.0,24221.0,24227.7,4680.0,15300545.0
2026-07-17 11:35:00+05:30,24225.7,24239.5,24225.7,24235.0,6045.0,15301195.0
2026-07-17 11:36:00+05:30,24229.0,24236.5,24225.1,24225.1,3835.0,15291250.0
2026-07-17 11:37:00+05:30,24225.0,24231.7,24219.0,24219.0,6435.0,15293395.0
2026-07-17 11:38:00+05:30,24220.5,24229.0,24219.0,24224.5,12350.0,15297815.0
2026-07-17 11:39:00+05:30,24224.5,24235.0,24224.4,24231.5,5915.0,15300350.0
2026-07-17 11:40:00+05:30,24234.0,24239.1,24230.0,24239.1,5070.0,15302495.0
2026-07-17 11:41:00+05:30,24235.0,24240.0,24225.6,24236.5,15275.0,15284620.0
2026-07-17 11:42:00+05:30,24239.0,24241.0,24233.0,24237.0,7605.0,15284360.0
2026-07-17 11:43:00+05:30,24235.7,24243.6,24229.0,24233.7,10335.0,15289235.0
2026-07-17 11:44:00+05:30,24234.9,24244.3,24234.9,24244.0,8775.0,15288845.0
2026-07-17 11:45:00+05:30,24244.0,24246.9,24240.3,24246.9,5265.0,15290730.0
2026-07-17 11:46:00+05:30,24246.4,24249.7,24241.3,24242.4,4160.0,15280980.0
2026-07-17 11:47:00+05:30,24245.7,24246.5,24230.0,24239.9,4420.0,15282540.0
2026-07-17 11:48:00+05:30,24238.5,24248.0,24234.0,24242.3,5525.0,15285400.0
2026-07-17 11:49:00+05:30,24245.0,24248.3,24240.0,24240.0,3120.0,15287415.0
2026-07-17 11:50:00+05:30,24242.1,24248.0,24241.2,24245.3,3965.0,15288065.0
2026-07-17 11:51:00+05:30,24244.9,24249.7,24242.1,24248.0,5395.0,15277860.0
2026-07-17 11:52:00+05:30,24249.0,24252.0,24244.4,24251.3,13065.0,15277210.0
2026-07-17 11:53:00+05:30,24251.4,24255.0,24250.8,24251.0,5850.0,15278510.0
2026-07-17 11:54:00+05:30,24253.0,24259.0,24251.2,24254.0,5590.0,15278510.0
2026-07-17 11:55:00+05:30,24257.8,24258.7,24245.0,24251.3,5460.0,15280135.0
2026-07-17 11:56:00+05:30,24246.2,24257.2,24245.1,24257.2,13520.0,15273505.0
2026-07-17 11:57:00+05:30,24252.3,24258.6,24252.3,24257.0,10660.0,15273180.0
2026-07-17 11:58:00+05:30,24254.9,24255.6,24248.5,24250.9,10010.0,15274415.0
2026-07-17 11:59:00+05:30,24250.9,24253.9,24246.5,24253.9,4290.0,15273245.0
2026-07-17 12:00:00+05:30,24251.2,24253.0,24241.0,24241.0,6825.0,15275520.0
2026-07-17 12:01:00+05:30,24243.9,24249.6,24241.3,24242.6,4290.0,15261675.0
2026-07-17 12:02:00+05:30,24242.6,24246.0,24241.0,24241.0,4875.0,15261220.0
2026-07-17 12:03:00+05:30,24241.1,24250.0,24241.0,24249.1,6630.0,15259335.0
2026-07-17 12:04:00+05:30,24249.9,24255.0,24248.6,24250.0,4940.0,15261220.0
2026-07-17 12:05:00+05:30,24250.0,24252.3,24240.1,24249.1,4680.0,15261935.0
2026-07-17 12:06:00+05:30,24244.6,24250.1,24241.0,24242.0,9100.0,15259075.0
2026-07-17 12:07:00+05:30,24242.0,24245.0,24236.9,24238.3,4615.0,15261285.0
2026-07-17 12:08:00+05:30,24236.0,24242.9,24230.0,24240.0,3510.0,15261675.0
2026-07-17 12:09:00+05:30,24240.4,24248.0,24239.6,24245.3,8125.0,15267395.0
2026-07-17 12:10:00+05:30,24245.4,24254.9,24245.4,24251.1,17485.0,15262260.0
2026-07-17 12:11:00+05:30,24248.5,24251.3,24240.4,24241.6,6890.0,15166450.0
2026-07-17 12:12:00+05:30,24241.8,24248.9,24241.8,24247.3,2730.0,15165475.0
2026-07-17 12:13:00+05:30,24247.6,24253.8,24240.0,24243.2,4550.0,15168205.0
2026-07-17 12:14:00+05:30,24243.0,24252.0,24241.5,24249.7,6435.0,15164760.0
2026-07-17 12:15:00+05:30,24249.7,24254.9,24249.7,24250.9,12935.0,15164630.0
2026-07-17 12:16:00+05:30,24251.7,24255.0,24242.0,24242.0,5330.0,15164630.0
2026-07-17 12:17:00+05:30,24242.1,24247.5,24234.1,24239.6,4810.0,15168400.0
2026-07-17 12:18:00+05:30,24245.0,24250.0,24239.6,24250.0,5590.0,15168530.0
2026-07-17 12:19:00+05:30,24245.7,24250.0,24245.7,24245.7,2860.0,15168530.0
2026-07-17 12:20:00+05:30,24247.7,24252.9,24245.3,24252.9,10660.0,15164240.0
2026-07-17 12:21:00+05:30,24251.7,24252.4,24246.2,24248.5,9165.0,15164240.0
2026-07-17 12:22:00+05:30,24248.2,24248.4,24241.6,24245.0,9165.0,15169830.0
2026-07-17 12:23:00+05:30,24242.7,24255.0,24242.7,24255.0,5655.0,15169830.0
2026-07-17 12:24:00+05:30,24252.9,24256.3,24251.1,24251.2,6045.0,15168010.0
2026-07-17 12:25:00+05:30,24256.0,24260.0,24251.0,24252.7,5785.0,15161250.0
2026-07-17 12:26:00+05:30,24252.7,24257.7,24251.0,24251.0,7605.0,15164760.0
2026-07-17 12:27:00+05:30,24250.9,24258.6,24250.9,24256.4,10205.0,15164760.0
2026-07-17 12:28:00+05:30,24252.4,24258.0,24250.0,24252.0,4615.0,15173535.0
2026-07-17 12:29:00+05:30,24252.2,24253.9,24248.5,24248.5,6500.0,15176395.0
2026-07-17 12:30:00+05:30,24247.0,24250.0,24246.3,24248.4,4355.0,15159820.0
2026-07-17 12:31:00+05:30,24248.8,24251.5,24248.8,24251.0,4940.0,15161380.0
2026-07-17 12:32:00+05:30,24251.6,24252.1,24250.0,24250.0,2990.0,15162550.0
2026-07-17 12:33:00+05:30,24250.0,24252.9,24250.0,24252.0,2730.0,15162095.0
2026-07-17 12:34:00+05:30,24252.4,24255.0,24251.8,24255.0,7540.0,15160015.0
2026-07-17 12:35:00+05:30,24254.9,24255.5,24250.6,24251.6,5330.0,15150005.0
2026-07-17 12:36:00+05:30,24254.0,24255.6,24249.8,24251.4,4745.0,15150915.0
2026-07-17 12:37:00+05:30,24255.7,24257.5,24245.1,24252.7,8060.0,15151630.0
2026-07-17 12:38:00+05:30,24249.6,24254.5,24247.0,24250.0,8515.0,15149550.0
2026-07-17 12:39:00+05:30,24251.0,24252.0,24247.0,24247.0,7020.0,15149225.0
2026-07-17 12:40:00+05:30,24246.6,24252.0,24242.0,24242.0,5265.0,15144805.0
2026-07-17 12:41:00+05:30,24242.0,24246.9,24233.4,24246.9,9750.0,15144935.0
2026-07-17 12:42:00+05:30,24242.0,24254.8,24242.0,24254.8,5460.0,15147275.0
2026-07-17 12:43:00+05:30,24254.0,24255.0,24244.0,24244.0,3575.0,15150915.0
2026-07-17 12:44:00+05:30,24250.0,24250.0,24244.1,24248.9,4095.0,15152280.0
2026-07-17 12:45:00+05:30,24250.0,24260.0,24249.5,24260.0,33475.0,15145195.0
2026-07-17 12:46:00+05:30,24258.5,24260.0,24250.0,24255.0,5720.0,15171130.0
2026-07-17 12:47:00+05:30,24252.5,24259.2,24252.5,24255.5,14430.0,15174445.0
2026-07-17 12:48:00+05:30,24258.0,24259.0,24256.5,24259.0,4810.0,15186795.0
2026-07-17 12:49:00+05:30,24259.0,24275.0,24258.9,24267.4,42900.0,15185560.0
2026-07-17 12:50:00+05:30,24267.4,24269.7,24252.1,24257.0,7345.0,15177110.0
2026-07-17 12:51:00+05:30,24252.5,24255.2,24242.0,24250.1,11050.0,15177565.0
2026-07-17 12:52:00+05:30,24250.1,24257.1,24242.0,24248.0,7085.0,15180945.0
2026-07-17 12:53:00+05:30,24248.0,24255.1,24234.7,24235.0,8970.0,15185300.0
2026-07-17 12:54:00+05:30,24240.0,24248.0,24230.1,24240.5,7280.0,15189460.0
2026-07-17 12:55:00+05:30,24241.2,24251.7,24234.6,24240.0,8385.0,15160600.0
2026-07-17 12:56:00+05:30,24239.5,24249.5,24232.5,24236.6,4680.0,15163525.0
2026-07-17 12:57:00+05:30,24236.6,24255.0,24236.6,24245.8,7670.0,15162030.0
2026-07-17 12:58:00+05:30,24249.9,24255.0,24241.4,24245.0,3445.0,15168270.0
2026-07-17 12:59:00+05:30,24250.0,24254.0,24245.0,24248.6,12480.0,15161315.0
2026-07-17 13:00:00+05:30,24250.0,24259.9,24247.4,24255.0,12610.0,15157675.0
2026-07-17 13:01:00+05:30,24255.0,24260.0,24248.0,24251.0,4550.0,15158975.0
2026-07-17 13:02:00+05:30,24259.0,24259.0,24249.0,24250.0,2145.0,15160730.0
2026-07-17 13:03:00+05:30,24250.0,24255.0,24245.1,24247.5,2535.0,15161965.0
2026-07-17 13:04:00+05:30,24250.0,24255.0,24246.0,24249.0,3705.0,15159105.0
2026-07-17 13:05:00+05:30,24249.0,24250.0,24245.0,24249.9,1365.0,15143180.0
2026-07-17 13:06:00+05:30,24249.9,24255.0,24245.0,24250.1,5330.0,15144025.0
2026-07-17 13:07:00+05:30,24255.0,24255.0,24247.0,24247.0,9555.0,15147210.0
2026-07-17 13:08:00+05:30,24247.0,24250.0,24245.0,24245.0,1690.0,15155205.0
2026-07-17 13:09:00+05:30,24248.4,24250.0,24245.0,24247.0,3575.0,15156375.0
2026-07-17 13:10:00+05:30,24245.0,24249.9,24245.0,24246.5,1950.0,15144805.0
2026-07-17 13:11:00+05:30,24246.5,24253.3,24245.1,24246.5,3055.0,15144025.0
2026-07-17 13:12:00+05:30,24246.5,24250.0,24245.0,24245.0,2275.0,15145455.0
2026-07-17 13:13:00+05:30,24245.0,24249.3,24245.0,24247.7,4550.0,15146430.0
2026-07-17 13:14:00+05:30,24248.3,24255.0,24245.0,24255.0,23335.0,15145715.0
2026-07-17 13:15:00+05:30,24251.4,24253.3,24235.0,24243.2,8255.0,15142660.0
2026-07-17 13:16:00+05:30,24240.0,24245.0,24237.5,24239.4,3250.0,15146625.0
2026-07-17 13:17:00+05:30,24240.0,24247.3,24238.0,24247.1,9815.0,15146625.0
2026-07-17 13:18:00+05:30,24243.0,24249.4,24237.0,24239.9,6695.0,15153450.0
2026-07-17 13:19:00+05:30,24243.0,24243.4,24237.0,24242.9,7085.0,15158585.0
2026-07-17 13:20:00+05:30,24239.7,24249.4,24235.0,24247.2,6890.0,15150720.0
2026-07-17 13:21:00+05:30,24246.6,24246.6,24236.1,24240.0,4225.0,15156960.0
2026-07-17 13:22:00+05:30,24238.5,24246.1,24238.5,24240.0,6435.0,15157740.0
2026-07-17 13:23:00+05:30,24245.7,24245.8,24235.1,24241.3,3900.0,15162615.0
2026-07-17 13:24:00+05:30,24236.4,24244.8,24231.0,24231.5,6435.0,15151760.0
2026-07-17 13:25:00+05:30,24231.0,24241.5,24228.0,24235.5,8970.0,15140775.0
2026-07-17 13:26:00+05:30,24237.9,24242.8,24230.3,24232.0,2210.0,15141100.0
2026-07-17 13:27:00+05:30,24232.0,24236.6,24228.0,24232.8,6435.0,15141620.0
2026-07-17 13:28:00+05:30,24228.0,24234.3,24227.0,24234.0,6110.0,15144285.0
2026-07-17 13:29:00+05:30,24234.0,24240.0,24234.0,24234.0,10075.0,15141945.0
2026-07-17 13:30:00+05:30,24236.9,24239.6,24228.0,24239.0,7345.0,15135965.0
2026-07-17 13:31:00+05:30,24230.5,24240.0,24230.0,24230.0,3900.0,15132780.0
2026-07-17 13:32:00+05:30,24231.0,24238.0,24226.2,24238.0,2275.0,15134340.0
2026-07-17 13:33:00+05:30,24230.0,24237.2,24228.0,24236.4,3250.0,15135640.0
2026-07-17 13:34:00+05:30,24236.3,24236.3,24226.1,24230.0,1950.0,15136355.0
2026-07-17 13:35:00+05:30,24235.0,24240.0,24229.0,24240.0,3835.0,15129660.0
2026-07-17 13:36:00+05:30,24239.9,24248.6,24235.1,24242.5,5200.0,15127320.0
2026-07-17 13:37:00+05:30,24242.2,24245.0,24228.6,24237.0,5265.0,15125565.0
2026-07-17 13:38:00+05:30,24230.0,24235.6,24226.1,24234.8,2600.0,15129530.0
2026-07-17 13:39:00+05:30,24234.9,24237.8,24227.5,24229.0,7085.0,15086825.0
2026-07-17 13:40:00+05:30,24237.4,24237.4,24223.0,24224.6,6695.0,15093975.0
2026-07-17 13:41:00+05:30,24223.0,24229.0,24219.7,24229.0,6630.0,15093195.0
2026-07-17 13:42:00+05:30,24222.0,24229.0,24215.0,24220.7,4225.0,15093520.0
2026-07-17 13:43:00+05:30,24220.0,24223.0,24215.0,24220.0,5200.0,15093715.0
2026-07-17 13:44:00+05:30,24215.1,24227.8,24215.0,24226.6,21775.0,15087540.0
2026-07-17 13:45:00+05:30,24226.0,24226.8,24215.0,24225.9,46670.0,15098525.0
2026-07-17 13:46:00+05:30,24225.1,24227.3,24209.0,24213.9,54405.0,15120950.0
2026-07-17 13:47:00+05:30,24213.9,24215.4,24200.0,24212.2,55640.0,15146885.0
2026-07-17 13:48:00+05:30,24212.3,24218.5,24202.0,24218.1,47190.0,15159170.0
2026-07-17 13:49:00+05:30,24217.6,24218.8,24205.0,24205.0,10985.0,15169440.0
2026-07-17 13:50:00+05:30,24205.0,24206.0,24200.0,24200.0,14820.0,15170350.0
2026-07-17 13:51:00+05:30,24200.2,24201.8,24180.0,24190.0,25675.0,15167945.0
2026-07-17 13:52:00+05:30,24190.0,24195.8,24181.3,24185.0,11960.0,15166840.0
2026-07-17 13:53:00+05:30,24191.0,24199.5,24185.0,24192.0,6370.0,15169895.0
2026-07-17 13:54:00+05:30,24199.5,24200.0,24192.0,24196.5,6500.0,15171195.0
2026-07-17 13:55:00+05:30,24198.0,24212.6,24190.0,24210.1,15665.0,15177955.0
2026-07-17 13:56:00+05:30,24200.0,24208.1,24195.0,24195.0,6370.0,15178475.0
2026-07-17 13:57:00+05:30,24200.1,24208.1,24195.0,24196.0,6760.0,15178735.0
2026-07-17 13:58:00+05:30,24199.0,24210.0,24199.0,24207.7,3445.0,15182050.0
2026-07-17 13:59:00+05:30,24207.8,24222.7,24204.5,24218.0,13065.0,15185365.0
2026-07-17 14:00:00+05:30,24217.8,24227.9,24213.3,24227.9,7605.0,15189330.0
2026-07-17 14:01:00+05:30,24218.1,24227.3,24215.0,24220.0,4875.0,15191865.0
2026-07-17 14:02:00+05:30,24220.0,24220.0,24210.0,24217.0,6890.0,15194205.0
2026-07-17 14:03:00+05:30,24217.0,24217.0,24208.0,24217.0,5005.0,15197130.0
2026-07-17 14:04:00+05:30,24217.0,24220.0,24213.5,24220.0,4420.0,15201225.0
2026-07-17 14:05:00+05:30,24220.0,24220.0,24215.5,24220.0,11245.0,15201420.0
2026-07-17 14:06:00+05:30,24220.0,24229.0,24215.0,24215.0,10985.0,15195180.0
2026-07-17 14:07:00+05:30,24215.0,24215.0,24212.0,24215.0,4095.0,15197585.0
2026-07-17 14:08:00+05:30,24215.0,24225.0,24213.0,24213.0,4290.0,15199600.0
2026-07-17 14:09:00+05:30,24219.0,24225.0,24212.5,24224.0,5330.0,15202460.0
2026-07-17 14:10:00+05:30,24225.0,24225.0,24215.0,24220.0,6370.0,15204865.0
2026-07-17 14:11:00+05:30,24220.0,24236.1,24219.8,24228.5,13000.0,15210325.0
2026-07-17 14:12:00+05:30,24234.9,24244.4,24225.5,24244.0,9620.0,15214810.0
2026-07-17 14:13:00+05:30,24240.0,24250.0,24235.0,24249.9,13520.0,15211300.0
2026-07-17 14:14:00+05:30,24250.0,24260.0,24246.5,24259.0,17485.0,15221570.0
2026-07-17 14:15:00+05:30,24260.0,24336.0,24252.1,24333.6,185185.0,15221570.0
2026-07-17 14:16:00+05:30,24335.1,24351.9,24314.9,24351.0,87880.0,15183350.0
2026-07-17 14:17:00+05:30,24350.0,24364.9,24325.1,24328.0,74035.0,15195245.0
2026-07-17 14:18:00+05:30,24328.0,24330.0,24310.0,24321.3,29445.0,15195765.0
2026-07-17 14:19:00+05:30,24312.2,24319.9,24290.0,24299.1,39000.0,15207400.0
2026-07-17 14:20:00+05:30,24298.7,24302.9,24290.0,24299.4,22425.0,15233010.0
2026-07-17 14:21:00+05:30,24292.0,24299.4,24280.0,24285.0,17420.0,15233010.0
2026-07-17 14:22:00+05:30,24285.0,24290.0,24271.6,24271.6,27105.0,15226900.0
2026-07-17 14:23:00+05:30,24271.2,24275.0,24262.3,24265.0,21775.0,15199275.0
2026-07-17 14:24:00+05:30,24264.9,24275.0,24261.0,24275.0,21320.0,15203760.0
2026-07-17 14:25:00+05:30,24273.0,24294.0,24265.0,24280.0,18395.0,15212210.0
2026-07-17 14:26:00+05:30,24291.4,24298.4,24280.0,24295.0,7085.0,15218060.0
2026-07-17 14:27:00+05:30,24294.1,24299.0,24287.1,24298.0,12610.0,15219880.0
2026-07-17 14:28:00+05:30,24294.0,24300.0,24289.3,24292.1,10270.0,15199730.0
2026-07-17 14:29:00+05:30,24292.1,24292.1,24263.4,24266.0,12740.0,15203370.0
2026-07-17 14:30:00+05:30,24275.6,24294.8,24266.0,24286.7,13195.0,15204930.0
2026-07-17 14:31:00+05:30,24293.0,24293.0,24276.0,24276.0,6305.0,15204995.0
2026-07-17 14:32:00+05:30,24280.0,24288.0,24271.6,24283.5,7215.0,15182895.0
2026-07-17 14:33:00+05:30,24285.0,24287.3,24275.5,24280.0,3575.0,15174705.0
2026-07-17 14:34:00+05:30,24280.0,24292.1,24276.0,24288.0,4225.0,15176785.0
2026-07-17 14:35:00+05:30,24281.8,24289.0,24279.0,24283.7,4420.0,15177175.0
2026-07-17 14:36:00+05:30,24280.0,24285.9,24275.1,24277.0,5590.0,15179320.0
2026-07-17 14:37:00+05:30,24277.0,24283.5,24275.0,24283.0,8060.0,15180490.0
2026-07-17 14:38:00+05:30,24277.2,24285.0,24275.0,24280.5,5005.0,15173860.0
2026-07-17 14:39:00+05:30,24282.0,24287.0,24278.0,24287.0,7085.0,15166775.0
2026-07-17 14:40:00+05:30,24281.9,24292.0,24281.9,24285.0,5915.0,15168790.0
2026-07-17 14:41:00+05:30,24285.0,24298.0,24285.0,24298.0,6240.0,15168790.0
2026-07-17 14:42:00+05:30,24295.0,24300.0,24290.5,24299.0,13260.0,15165475.0
2026-07-17 14:43:00+05:30,24298.3,24305.9,24296.3,24302.2,11050.0,15156440.0
2026-07-17 14:44:00+05:30,24301.9,24309.0,24295.5,24305.6,8125.0,15156570.0
2026-07-17 14:45:00+05:30,24309.3,24310.0,24303.5,24305.0,7995.0,15155400.0
2026-07-17 14:46:00+05:30,24305.0,24310.0,24300.0,24310.0,7670.0,15150005.0
2026-07-17 14:47:00+05:30,24308.5,24310.0,24301.0,24304.0,6045.0,15148510.0
2026-07-17 14:48:00+05:30,24304.0,24309.0,24296.7,24305.0,7995.0,15146040.0
2026-07-17 14:49:00+05:30,24305.0,24310.0,24300.0,24302.0,7605.0,15147535.0
2026-07-17 14:50:00+05:30,24302.0,24309.0,24297.6,24304.0,10140.0,15151045.0
2026-07-17 14:51:00+05:30,24300.5,24304.9,24297.0,24297.0,5135.0,15142725.0
2026-07-17 14:52:00+05:30,24300.9,24304.9,24298.0,24304.9,9100.0,15144480.0
2026-07-17 14:53:00+05:30,24304.9,24304.9,24298.0,24301.5,7930.0,15144220.0
2026-07-17 14:54:00+05:30,24301.5,24304.0,24298.0,24304.0,9295.0,15141555.0
2026-07-17 14:55:00+05:30,24304.9,24309.9,24301.0,24309.9,31525.0,15139475.0
2026-07-17 14:56:00+05:30,24309.9,24315.0,24303.0,24304.0,11700.0,15125045.0
2026-07-17 14:57:00+05:30,24310.0,24312.7,24304.0,24306.0,12480.0,15133170.0
2026-07-17 14:58:00+05:30,24306.0,24309.2,24301.0,24303.6,11570.0,15127385.0
2026-07-17 14:59:00+05:30,24303.7,24308.1,24300.0,24300.5,9555.0,15123355.0
2026-07-17 15:00:00+05:30,24300.5,24314.8,24295.2,24314.2,14300.0,15122770.0
2026-07-17 15:01:00+05:30,24313.2,24325.0,24310.0,24316.0,24635.0,15126345.0
2026-07-17 15:02:00+05:30,24316.1,24318.0,24309.4,24314.1,10140.0,15130635.0
2026-07-17 15:03:00+05:30,24314.1,24317.6,24305.9,24306.4,17940.0,15125565.0
2026-07-17 15:04:00+05:30,24305.9,24311.3,24301.0,24310.7,8125.0,15115360.0
2026-07-17 15:05:00+05:30,24310.0,24318.0,24307.2,24312.9,12350.0,15116400.0
2026-07-17 15:06:00+05:30,24312.7,24320.0,24310.0,24314.1,9295.0,15103790.0
2026-07-17 15:07:00+05:30,24314.1,24320.0,24313.3,24319.9,13390.0,15108080.0
2026-07-17 15:08:00+05:30,24317.5,24320.0,24313.5,24313.5,9490.0,15111135.0
2026-07-17 15:09:00+05:30,24314.7,24320.7,24310.1,24318.5,8710.0,15100735.0
2026-07-17 15:10:00+05:30,24317.7,24319.6,24311.0,24313.0,13845.0,15104635.0
2026-07-17 15:11:00+05:30,24312.7,24320.0,24312.7,24314.7,9295.0,15074865.0
2026-07-17 15:12:00+05:30,24319.0,24325.0,24315.0,24318.8,17225.0,15078700.0
2026-07-17 15:13:00+05:30,24324.0,24324.0,24315.1,24319.5,11895.0,15064465.0
2026-07-17 15:14:00+05:30,24321.1,24321.8,24310.2,24310.2,16575.0,15066285.0
2026-07-17 15:15:00+05:30,24312.3,24312.3,24301.0,24305.3,19110.0,15067390.0
2026-07-17 15:16:00+05:30,24306.9,24307.2,24301.0,24302.0,11895.0,15069860.0
2026-07-17 15:17:00+05:30,24302.0,24310.0,24302.0,24306.9,12350.0,15069925.0
2026-07-17 15:18:00+05:30,24306.9,24311.0,24302.0,24302.0,24310.0,15061540.0
2026-07-17 15:19:00+05:30,24304.0,24308.2,24302.0,24304.5,16250.0,15065570.0
2026-07-17 15:20:00+05:30,24305.0,24309.6,24304.0,24304.9,26130.0,15087085.0
2026-07-17 15:21:00+05:30,24305.0,24322.4,24304.0,24322.4,48295.0,15087085.0
2026-07-17 15:22:00+05:30,24322.5,24325.0,24313.0,24321.0,43615.0,15080260.0
2026-07-17 15:23:00+05:30,24319.9,24326.5,24319.0,24326.4,27625.0,15090725.0
2026-07-17 15:24:00+05:30,24326.0,24338.7,24325.5,24332.7,60775.0,15103140.0
2026-07-17 15:25:00+05:30,24331.9,24338.0,24330.0,24334.9,41925.0,15134925.0
2026-07-17 15:26:00+05:30,24334.9,24337.0,24329.9,24330.0,51285.0,15134925.0
2026-07-17 15:27:00+05:30,24330.8,24337.9,24330.0,24334.4,24310.0,15100865.0
2026-07-17 15:28:00+05:30,24334.4,24340.0,24333.4,24338.6,30485.0,15103855.0
2026-07-17 15:29:00+05:30,24338.0,24349.0,24338.0,24345.0,46735.0,15103855.0
2026-07-20 09:15:00+05:30,24290.0,24290.0,24222.0,24261.6,121550.0,14630720.0
2026-07-20 09:16:00+05:30,24263.3,24263.3,24209.0,24225.0,94640.0,14611220.0
2026-07-20 09:17:00+05:30,24225.0,24233.3,24211.1,24225.3,43095.0,14610830.0
2026-07-20 09:18:00+05:30,24227.3,24232.4,24211.6,24215.0,29770.0,14619995.0
2026-07-20 09:19:00+05:30,24211.5,24215.0,24207.3,24207.3,22100.0,14626300.0
2026-07-20 09:20:00+05:30,24209.7,24214.7,24186.1,24199.4,73710.0,14629680.0
2026-07-20 09:21:00+05:30,24187.0,24205.9,24187.0,24194.0,21580.0,14624805.0
2026-07-20 09:22:00+05:30,24192.0,24195.0,24171.2,24183.0,49920.0,14622855.0
2026-07-20 09:23:00+05:30,24189.9,24197.7,24178.7,24192.1,30550.0,14621880.0
2026-07-20 09:24:00+05:30,24190.0,24210.0,24187.5,24210.0,14560.0,14613625.0
2026-07-20 09:25:00+05:30,24209.0,24210.0,24186.0,24191.0,18590.0,14616290.0
2026-07-20 09:26:00+05:30,24190.9,24198.4,24183.1,24194.0,10725.0,14623440.0
2026-07-20 09:27:00+05:30,24194.0,24194.6,24180.0,24180.1,22880.0,14624545.0
2026-07-20 09:28:00+05:30,24181.0,24181.0,24167.9,24173.8,40235.0,14632735.0
2026-07-20 09:29:00+05:30,24174.8,24179.8,24172.0,24175.0,17745.0,14635790.0
2026-07-20 09:30:00+05:30,24175.0,24179.8,24168.1,24169.8,26325.0,14633255.0
2026-07-20 09:31:00+05:30,24168.0,24174.0,24162.0,24167.8,27885.0,14622855.0
2026-07-20 09:32:00+05:30,24167.8,24167.9,24161.8,24164.0,7930.0,14615445.0
2026-07-20 09:33:00+05:30,24164.0,24164.7,24155.0,24157.9,23595.0,14616160.0
2026-07-20 09:34:00+05:30,24155.1,24164.0,24153.1,24164.0,11960.0,14616160.0
2026-07-20 09:35:00+05:30,24164.0,24174.9,24157.1,24162.5,13715.0,14616095.0
2026-07-20 09:36:00+05:30,24173.7,24180.0,24162.7,24175.0,14495.0,14616810.0
2026-07-20 09:37:00+05:30,24175.0,24177.4,24165.0,24170.0,7735.0,14623635.0
2026-07-20 09:38:00+05:30,24171.4,24173.8,24158.1,24161.9,11635.0,14624935.0
2026-07-20 09:39:00+05:30,24161.8,24161.8,24151.0,24151.6,17810.0,14628770.0
2026-07-20 09:40:00+05:30,24151.2,24158.9,24150.8,24154.4,13975.0,14635010.0
2026-07-20 09:41:00+05:30,24158.0,24160.0,24152.0,24152.1,7930.0,14637610.0
2026-07-20 09:42:00+05:30,24152.1,24152.1,24150.0,24152.1,16900.0,14636895.0
2026-07-20 09:43:00+05:30,24152.1,24168.6,24150.6,24165.9,12675.0,14640080.0
2026-07-20 09:44:00+05:30,24160.1,24165.6,24155.1,24161.6,8710.0,14645150.0
2026-07-20 09:45:00+05:30,24161.6,24164.1,24152.1,24158.3,7995.0,14649765.0
2026-07-20 09:46:00+05:30,24158.0,24158.7,24153.0,24155.0,9750.0,14649310.0
2026-07-20 09:47:00+05:30,24153.1,24157.8,24150.1,24150.1,5655.0,14651000.0
2026-07-20 09:48:00+05:30,24150.1,24158.1,24145.0,24147.5,23985.0,14652820.0
2026-07-20 09:49:00+05:30,24146.0,24147.5,24142.0,24146.9,10335.0,14653340.0
2026-07-20 09:50:00+05:30,24146.9,24165.6,24145.0,24164.0,8515.0,14649700.0
2026-07-20 09:51:00+05:30,24163.0,24164.2,24151.7,24151.7,7540.0,14652625.0
2026-07-20 09:52:00+05:30,24151.7,24153.0,24150.0,24152.9,7020.0,14654770.0
2026-07-20 09:53:00+05:30,24153.0,24166.9,24152.9,24163.2,12480.0,14649830.0
2026-07-20 09:54:00+05:30,24160.0,24166.8,24155.0,24164.9,6695.0,14651065.0
2026-07-20 09:55:00+05:30,24164.8,24175.0,24160.0,24175.0,8580.0,14651780.0
2026-07-20 09:56:00+05:30,24174.5,24180.0,24169.0,24177.6,4160.0,14651325.0
2026-07-20 09:57:00+05:30,24177.6,24183.1,24174.0,24180.0,15990.0,14648985.0
2026-07-20 09:58:00+05:30,24180.2,24187.8,24180.0,24185.0,10985.0,14654445.0
2026-07-20 09:59:00+05:30,24183.8,24184.7,24177.9,24177.9,7020.0,14656525.0
2026-07-20 10:00:00+05:30,24177.7,24177.7,24165.6,24172.1,6630.0,14657825.0
2026-07-20 10:01:00+05:30,24172.0,24178.6,24172.0,24178.0,1820.0,14657890.0
2026-07-20 10:02:00+05:30,24176.0,24183.0,24175.0,24182.6,3445.0,14657175.0
2026-07-20 10:03:00+05:30,24180.0,24191.8,24176.0,24180.0,3510.0,14658150.0
2026-07-20 10:04:00+05:30,24181.0,24183.4,24175.0,24177.0,7540.0,14662895.0
2026-07-20 10:05:00+05:30,24177.0,24192.0,24177.0,24185.0,2730.0,14663415.0
2026-07-20 10:06:00+05:30,24189.0,24192.9,24188.6,24190.0,5070.0,14663675.0
2026-07-20 10:07:00+05:30,24188.4,24190.0,24180.2,24188.0,4030.0,14664910.0
2026-07-20 10:08:00+05:30,24187.1,24189.5,24175.0,24182.5,4160.0,14666795.0
2026-07-20 10:09:00+05:30,24177.0,24186.0,24177.0,24180.0,1820.0,14668095.0
2026-07-20 10:10:00+05:30,24184.7,24193.0,24184.4,24190.0,2925.0,14668615.0
2026-07-20 10:11:00+05:30,24192.0,24195.0,24185.0,24190.2,4550.0,14669850.0
2026-07-20 10:12:00+05:30,24195.0,24200.0,24188.6,24200.0,6825.0,14668940.0
2026-07-20 10:13:00+05:30,24200.0,24200.0,24185.0,24196.1,7865.0,14668030.0
2026-07-20 10:14:00+05:30,24195.0,24195.0,24190.0,24190.0,3575.0,14668875.0
2026-07-20 10:15:00+05:30,24191.1,24199.0,24187.4,24190.0,25220.0,14668420.0
2026-07-20 10:16:00+05:30,24190.0,24201.6,24189.6,24198.0,71760.0,14689090.0
2026-07-20 10:17:00+05:30,24200.0,24217.0,24196.4,24210.0,11635.0,14716260.0
2026-07-20 10:18:00+05:30,24214.7,24215.0,24208.0,24210.0,8645.0,14717365.0
2026-07-20 10:19:00+05:30,24210.0,24216.0,24210.0,24212.7,8775.0,14721720.0
2026-07-20 10:20:00+05:30,24212.0,24215.0,24206.0,24208.0,6370.0,14723475.0
2026-07-20 10:21:00+05:30,24206.0,24208.9,24202.0,24203.5,3445.0,14723865.0
2026-07-20 10:22:00+05:30,24203.5,24208.0,24200.4,24204.2,4420.0,14725100.0
2026-07-20 10:23:00+05:30,24201.0,24204.2,24195.0,24197.6,4615.0,14723670.0
2026-07-20 10:24:00+05:30,24198.1,24200.5,24192.0,24195.0,4160.0,14724515.0
2026-07-20 10:25:00+05:30,24195.0,24201.9,24194.0,24198.0,2210.0,14726400.0
2026-07-20 10:26:00+05:30,24196.0,24210.0,24194.0,24208.0,3770.0,14727440.0
2026-07-20 10:27:00+05:30,24210.0,24210.0,24202.9,24209.0,975.0,14723995.0
2026-07-20 10:28:00+05:30,24206.5,24210.0,24202.9,24210.0,1235.0,14724190.0
2026-07-20 10:29:00+05:30,24209.9,24210.0,24205.3,24205.3,845.0,14724515.0
2026-07-20 10:30:00+05:30,24209.9,24213.0,24206.1,24210.5,1560.0,14724385.0
2026-07-20 10:31:00+05:30,24214.3,24218.0,24211.2,24218.0,9100.0,14724450.0
2026-07-20 10:32:00+05:30,24218.0,24220.0,24210.0,24219.0,4290.0,14723800.0
2026-07-20 10:33:00+05:30,24219.0,24220.0,24210.0,24215.0,18070.0,14723085.0
2026-07-20 10:34:00+05:30,24219.0,24220.0,24207.0,24207.0,8320.0,14711255.0
2026-07-20 10:35:00+05:30,24207.0,24209.5,24193.0,24193.0,9490.0,14715675.0
2026-07-20 10:36:00+05:30,24195.0,24200.0,24193.0,24193.0,3510.0,14715220.0
2026-07-20 10:37:00+05:30,24199.7,24200.0,24195.5,24195.5,3185.0,14710930.0
2026-07-20 10:38:00+05:30,24195.0,24196.0,24190.0,24190.3,5980.0,14710995.0
2026-07-20 10:39:00+05:30,24190.2,24200.0,24190.2,24200.0,3250.0,14713725.0
2026-07-20 10:40:00+05:30,24200.0,24204.0,24196.0,24198.8,5005.0,14717365.0
2026-07-20 10:41:00+05:30,24190.0,24199.0,24190.0,24191.0,845.0,14717560.0
2026-07-20 10:42:00+05:30,24191.0,24202.4,24190.0,24201.8,3770.0,14711580.0
2026-07-20 10:43:00+05:30,24193.0,24202.0,24190.0,24202.0,3575.0,14711775.0
2026-07-20 10:44:00+05:30,24200.0,24209.0,24196.0,24202.4,2340.0,14712750.0
2026-07-20 10:45:00+05:30,24195.0,24197.5,24195.0,24197.5,520.0,14712815.0
2026-07-20 10:46:00+05:30,24197.0,24201.0,24197.0,24200.0,1235.0,14713465.0
2026-07-20 10:47:00+05:30,24200.0,24204.9,24191.1,24191.3,1170.0,14706510.0
2026-07-20 10:48:00+05:30,24199.5,24204.0,24192.3,24204.0,1040.0,14707290.0
2026-07-20 10:49:00+05:30,24204.0,24210.0,24196.6,24210.0,2080.0,14707290.0
2026-07-20 10:50:00+05:30,24205.9,24215.0,24201.4,24206.9,8970.0,14709305.0
2026-07-20 10:51:00+05:30,24207.0,24209.0,24201.0,24201.0,4940.0,14712880.0
2026-07-20 10:52:00+05:30,24208.0,24208.0,24200.1,24200.9,1365.0,14714700.0
2026-07-20 10:53:00+05:30,24201.0,24204.0,24199.0,24199.0,1040.0,14709565.0
2026-07-20 10:54:00+05:30,24195.2,24200.0,24194.0,24200.0,1950.0,14709305.0
2026-07-20 10:55:00+05:30,24195.0,24195.0,24195.0,24195.0,195.0,14709630.0
2026-07-20 10:56:00+05:30,24199.0,24204.0,24195.1,24200.0,2275.0,14709760.0
2026-07-20 10:57:00+05:30,24200.0,24205.0,24198.9,24201.1,3640.0,14704105.0
2026-07-20 10:58:00+05:30,24208.0,24208.0,24200.8,24207.0,1365.0,14706250.0
2026-07-20 10:59:00+05:30,24200.9,24208.0,24200.8,24202.2,2925.0,14705860.0
2026-07-20 11:00:00+05:30,24201.9,24210.0,24200.0,24200.0,2470.0,14707225.0
2026-07-20 11:01:00+05:30,24200.0,24210.7,24200.0,24210.7,2665.0,14706965.0
2026-07-20 11:02:00+05:30,24201.0,24209.9,24200.0,24206.4,5265.0,14709630.0
2026-07-20 11:03:00+05:30,24206.2,24206.3,24200.7,24206.0,520.0,14709630.0
2026-07-20 11:04:00+05:30,24201.0,24203.0,24200.0,24200.0,845.0,14710020.0
2026-07-20 11:05:00+05:30,24203.0,24203.0,24185.0,24189.8,4420.0,14710020.0
2026-07-20 11:06:00+05:30,24190.0,24198.0,24187.4,24193.0,1885.0,14710995.0
2026-07-20 11:07:00+05:30,24194.6,24210.0,24194.6,24201.4,2925.0,14707615.0
2026-07-20 11:08:00+05:30,24202.3,24212.0,24200.0,24208.9,3510.0,14708590.0
2026-07-20 11:09:00+05:30,24208.9,24212.6,24199.6,24202.6,4355.0,14711905.0
2026-07-20 11:10:00+05:30,24202.8,24210.7,24196.0,24196.0,2990.0,14713855.0
2026-07-20 11:11:00+05:30,24208.5,24208.5,24196.0,24205.0,1755.0,14715155.0
2026-07-20 11:12:00+05:30,24200.0,24205.0,24195.9,24197.1,780.0,14714115.0
2026-07-20 11:13:00+05:30,24208.0,24210.0,24197.0,24197.0,2795.0,14713920.0
2026-07-20 11:14:00+05:30,24197.0,24197.5,24195.0,24195.0,1885.0,14717235.0
2026-07-20 11:15:00+05:30,24195.0,24196.0,24190.7,24190.7,1300.0,14717235.0
2026-07-20 11:16:00+05:30,24190.0,24192.0,24181.2,24185.0,3965.0,14718730.0
2026-07-20 11:17:00+05:30,24185.0,24192.0,24185.0,24190.0,6110.0,14717755.0
2026-07-20 11:18:00+05:30,24192.5,24200.0,24190.9,24190.9,975.0,14717755.0
2026-07-20 11:19:00+05:30,24200.0,24200.0,24198.5,24198.5,130.0,14717235.0
2026-07-20 11:20:00+05:30,24198.5,24199.0,24194.8,24194.8,1625.0,14713010.0
2026-07-20 11:21:00+05:30,24195.0,24200.0,24195.0,24200.0,585.0,14711385.0
2026-07-20 11:22:00+05:30,24198.2,24200.0,24195.0,24195.0,715.0,14711060.0
2026-07-20 11:23:00+05:30,24195.0,24195.0,24192.0,24192.9,910.0,14711320.0
2026-07-20 11:24:00+05:30,24191.0,24192.0,24185.5,24190.0,910.0,14711320.0
2026-07-20 11:25:00+05:30,24185.2,24191.0,24185.2,24191.0,1040.0,14711905.0
2026-07-20 11:26:00+05:30,24191.0,24196.0,24191.0,24196.0,325.0,14709370.0
2026-07-20 11:27:00+05:30,24196.0,24196.0,24192.4,24196.0,975.0,14709695.0
2026-07-20 11:28:00+05:30,24198.7,24199.0,24190.0,24190.0,1040.0,14709825.0
2026-07-20 11:29:00+05:30,24194.5,24194.5,24186.0,24186.0,845.0,14710280.0
2026-07-20 11:30:00+05:30,24192.0,24192.4,24185.0,24186.7,1560.0,14709955.0
2026-07-20 11:31:00+05:30,24186.7,24188.0,24182.4,24182.4,1690.0,14708265.0
2026-07-20 11:32:00+05:30,24185.0,24187.7,24182.0,24182.0,1235.0,14708395.0
2026-07-20 11:33:00+05:30,24182.2,24190.0,24182.2,24190.0,1430.0,14708980.0
2026-07-20 11:34:00+05:30,24186.1,24186.1,24185.0,24185.3,585.0,14709175.0
2026-07-20 11:35:00+05:30,24186.0,24191.8,24170.2,24175.0,7215.0,14710020.0
2026-07-20 11:36:00+05:30,24178.1,24187.3,24178.1,24185.6,585.0,14709110.0
2026-07-20 11:37:00+05:30,24185.6,24195.5,24182.4,24190.0,1560.0,14709305.0
2026-07-20 11:38:00+05:30,24196.7,24198.7,24191.1,24193.0,780.0,14709630.0
2026-07-20 11:39:00+05:30,24193.0,24197.1,24185.6,24185.6,1755.0,14710215.0
2026-07-20 11:40:00+05:30,24186.0,24192.3,24185.0,24185.0,1040.0,14709695.0
2026-07-20 11:41:00+05:30,24185.0,24190.0,24185.0,24185.0,1560.0,14708395.0
2026-07-20 11:42:00+05:30,24185.0,24187.5,24185.0,24185.0,455.0,14708590.0
2026-07-20 11:43:00+05:30,24180.0,24184.2,24175.0,24179.3,2145.0,14708460.0
2026-07-20 11:44:00+05:30,24175.9,24179.0,24172.0,24172.0,1365.0,14708850.0
2026-07-20 11:45:00+05:30,24172.0,24176.6,24166.4,24167.1,4810.0,14709305.0
2026-07-20 11:46:00+05:30,24166.9,24178.9,24166.9,24178.9,2535.0,14709435.0
2026-07-20 11:47:00+05:30,24178.9,24178.9,24170.0,24170.0,2080.0,14709565.0
2026-07-20 11:48:00+05:30,24172.0,24177.7,24170.0,24170.0,1105.0,14710085.0
2026-07-20 11:49:00+05:30,24170.0,24176.6,24167.0,24176.2,1365.0,14709695.0
2026-07-20 11:50:00+05:30,24176.2,24176.2,24165.0,24166.0,2600.0,14709630.0
2026-07-20 11:51:00+05:30,24173.0,24176.2,24165.0,24165.0,2665.0,14709305.0
2026-07-20 11:52:00+05:30,24165.0,24171.4,24160.0,24165.0,6825.0,14709630.0
2026-07-20 11:53:00+05:30,24165.0,24165.0,24160.6,24165.0,2925.0,14709565.0
2026-07-20 11:54:00+05:30,24162.1,24165.0,24157.0,24157.0,10465.0,14710410.0
2026-07-20 11:55:00+05:30,24158.0,24160.0,24156.0,24160.0,3120.0,14709890.0
2026-07-20 11:56:00+05:30,24156.6,24162.1,24156.6,24160.5,2210.0,14710800.0
2026-07-20 11:57:00+05:30,24160.5,24162.1,24160.0,24160.0,2405.0,14711905.0
2026-07-20 11:58:00+05:30,24160.0,24165.0,24157.0,24165.0,7410.0,14712490.0
2026-07-20 11:59:00+05:30,24170.0,24178.9,24165.0,24174.5,1755.0,14712035.0
2026-07-20 12:00:00+05:30,24174.5,24174.5,24166.0,24166.6,1820.0,14713205.0
2026-07-20 12:01:00+05:30,24166.6,24171.7,24163.5,24164.2,2860.0,14713530.0
2026-07-20 12:02:00+05:30,24163.5,24165.0,24157.1,24158.0,3835.0,14714505.0
2026-07-20 12:03:00+05:30,24160.0,24170.9,24156.0,24157.0,5005.0,14716260.0
2026-07-20 12:04:00+05:30,24160.0,24161.9,24150.0,24150.2,9360.0,14718730.0
2026-07-20 12:05:00+05:30,24151.0,24165.1,24151.0,24152.0,1885.0,14719640.0
2026-07-20 12:06:00+05:30,24153.0,24158.8,24153.0,24156.0,1690.0,14720485.0
2026-07-20 12:07:00+05:30,24160.0,24160.0,24153.3,24156.0,1365.0,14721005.0
2026-07-20 12:08:00+05:30,24158.0,24165.0,24157.0,24160.7,1040.0,14721265.0
2026-07-20 12:09:00+05:30,24158.0,24160.7,24152.0,24152.0,1755.0,14721525.0
2026-07-20 12:10:00+05:30,24152.0,24169.9,24151.8,24169.9,1625.0,14721980.0
2026-07-20 12:11:00+05:30,24170.0,24179.1,24161.2,24178.0,2795.0,14721655.0
2026-07-20 12:12:00+05:30,24175.0,24179.0,24170.0,24175.0,2795.0,14721655.0
2026-07-20 12:13:00+05:30,24175.0,24177.9,24170.0,24170.0,4160.0,14719445.0
2026-07-20 12:14:00+05:30,24170.0,24176.0,24164.8,24165.8,1820.0,14719835.0
2026-07-20 12:15:00+05:30,24165.2,24175.0,24164.3,24173.9,1560.0,14719445.0
2026-07-20 12:16:00+05:30,24172.0,24174.9,24172.0,24174.4,325.0,14719445.0
2026-07-20 12:17:00+05:30,24174.2,24187.9,24173.0,24187.3,4355.0,14719770.0
2026-07-20 12:18:00+05:30,24175.0,24184.2,24170.0,24172.0,2210.0,14720225.0
2026-07-20 12:19:00+05:30,24180.0,24184.9,24172.0,24172.6,1170.0,14720225.0
2026-07-20 12:20:00+05:30,24172.7,24184.6,24171.5,24184.2,1820.0,14720680.0
2026-07-20 12:21:00+05:30,24172.2,24176.6,24172.2,24176.4,2015.0,14720485.0
2026-07-20 12:22:00+05:30,24183.0,24183.0,24175.0,24180.0,1105.0,14721005.0
2026-07-20 12:23:00+05:30,24172.6,24181.2,24170.0,24170.0,1885.0,14721915.0
2026-07-20 12:24:00+05:30,24167.2,24172.8,24155.0,24155.0,9100.0,14724060.0
2026-07-20 12:25:00+05:30,24155.0,24170.0,24154.8,24170.0,3510.0,14724060.0
2026-07-20 12:26:00+05:30,24170.0,24170.0,24160.1,24160.1,715.0,14722955.0
2026-07-20 12:27:00+05:30,24160.1,24165.0,24158.0,24164.0,650.0,14722435.0
2026-07-20 12:28:00+05:30,24160.0,24163.8,24160.0,24160.0,585.0,14722695.0
2026-07-20 12:29:00+05:30,24160.0,24160.0,24151.0,24155.0,4875.0,14723995.0
2026-07-20 12:30:00+05:30,24153.0,24158.0,24152.3,24158.0,3640.0,14722565.0
2026-07-20 12:31:00+05:30,24158.0,24167.0,24158.0,24166.9,715.0,14722565.0
2026-07-20 12:32:00+05:30,24161.8,24166.9,24160.0,24160.0,975.0,14722305.0
2026-07-20 12:33:00+05:30,24160.0,24166.1,24155.5,24160.0,1625.0,14722695.0
2026-07-20 12:34:00+05:30,24160.0,24164.1,24157.0,24157.0,1105.0,14723215.0
2026-07-20 12:35:00+05:30,24157.0,24165.0,24157.0,24162.4,1820.0,14723215.0
2026-07-20 12:36:00+05:30,24160.0,24162.4,24153.0,24158.0,4485.0,14723995.0
2026-07-20 12:37:00+05:30,24152.6,24159.6,24152.6,24153.0,1495.0,14725165.0
2026-07-20 12:38:00+05:30,24153.0,24159.4,24151.0,24151.0,4485.0,14725555.0
2026-07-20 12:39:00+05:30,24151.0,24158.0,24151.0,24155.0,4810.0,14726205.0
2026-07-20 12:40:00+05:30,24155.0,24160.0,24155.0,24155.0,1170.0,14724320.0
2026-07-20 12:41:00+05:30,24159.0,24159.0,24155.0,24155.0,1690.0,14724060.0
2026-07-20 12:42:00+05:30,24155.0,24167.2,24155.0,24163.1,7865.0,14723020.0
2026-07-20 12:43:00+05:30,24155.0,24161.7,24151.0,24151.0,7930.0,14722435.0
2026-07-20 12:44:00+05:30,24151.1,24161.0,24151.0,24151.2,6240.0,14726530.0
2026-07-20 12:45:00+05:30,24151.2,24158.2,24150.0,24150.1,50440.0,14725880.0
2026-07-20 12:46:00+05:30,24158.0,24159.0,24150.0,24153.0,7670.0,14734850.0
2026-07-20 12:47:00+05:30,24150.0,24155.4,24127.3,24127.3,56485.0,14733420.0
2026-07-20 12:48:00+05:30,24127.3,24133.7,24121.0,24127.2,26520.0,14726140.0
2026-07-20 12:49:00+05:30,24127.2,24137.7,24124.0,24132.8,31330.0,14716195.0
2026-07-20 12:50:00+05:30,24133.9,24142.0,24130.8,24142.0,9620.0,14706055.0
2026-07-20 12:51:00+05:30,24142.0,24147.6,24136.1,24139.9,4095.0,14707745.0
2026-07-20 12:52:00+05:30,24139.7,24164.0,24138.0,24159.0,11635.0,14707550.0
2026-07-20 12:53:00+05:30,24160.0,24163.7,24150.0,24150.1,3315.0,14707615.0
2026-07-20 12:54:00+05:30,24150.2,24160.2,24150.2,24156.0,3835.0,14707875.0
2026-07-20 12:55:00+05:30,24156.0,24167.9,24151.0,24164.4,8515.0,14708980.0
2026-07-20 12:56:00+05:30,24160.0,24169.0,24155.1,24169.0,2015.0,14711580.0
2026-07-20 12:57:00+05:30,24169.0,24177.5,24158.1,24174.0,5460.0,14712230.0
2026-07-20 12:58:00+05:30,24175.0,24186.4,24170.1,24185.0,12480.0,14712945.0
2026-07-20 12:59:00+05:30,24185.0,24185.6,24177.0,24183.6,7475.0,14716325.0
2026-07-20 13:00:00+05:30,24180.0,24189.0,24180.0,24184.2,5395.0,14717430.0
2026-07-20 13:01:00+05:30,24180.2,24183.2,24175.1,24180.6,4160.0,14715480.0
2026-07-20 13:02:00+05:30,24180.0,24181.0,24175.2,24181.0,4160.0,14715155.0
2026-07-20 13:03:00+05:30,24180.0,24182.0,24175.0,24180.0,4160.0,14714635.0
2026-07-20 13:04:00+05:30,24180.0,24185.0,24175.0,24183.6,2990.0,14712685.0
2026-07-20 13:05:00+05:30,24183.6,24185.0,24175.1,24175.1,5200.0,14712490.0
2026-07-20 13:06:00+05:30,24176.0,24182.0,24176.0,24178.0,585.0,14715025.0
2026-07-20 13:07:00+05:30,24178.0,24182.0,24176.0,24181.0,1235.0,14712945.0
2026-07-20 13:08:00+05:30,24176.0,24178.4,24175.0,24175.0,2080.0,14713400.0
2026-07-20 13:09:00+05:30,24175.0,24181.8,24171.0,24181.8,2925.0,14713855.0
2026-07-20 13:10:00+05:30,24176.0,24178.8,24176.0,24176.0,1170.0,14714245.0
2026-07-20 13:11:00+05:30,24172.0,24180.0,24172.0,24180.0,1300.0,14714115.0
2026-07-20 13:12:00+05:30,24180.0,24189.0,24179.0,24180.0,3770.0,14714375.0
2026-07-20 13:13:00+05:30,24184.0,24198.0,24184.0,24194.1,7345.0,14713855.0
2026-07-20 13:14:00+05:30,24194.1,24229.0,24192.8,24224.9,47385.0,14713725.0
2026-07-20 13:15:00+05:30,24224.9,24243.9,24211.9,24213.1,35165.0,14697800.0
2026-07-20 13:16:00+05:30,24220.0,24225.9,24214.0,24220.0,16510.0,14699360.0
2026-07-20 13:17:00+05:30,24224.0,24226.0,24212.2,24219.7,18525.0,14703065.0
2026-07-20 13:18:00+05:30,24219.8,24219.9,24213.0,24215.4,17550.0,14694420.0
2026-07-20 13:19:00+05:30,24218.0,24223.8,24213.0,24213.0,4680.0,14687530.0
2026-07-20 13:20:00+05:30,24215.2,24220.0,24215.0,24220.0,2405.0,14687660.0
2026-07-20 13:21:00+05:30,24218.0,24218.0,24213.0,24215.0,1690.0,14687270.0
2026-07-20 13:22:00+05:30,24216.9,24240.0,24215.3,24233.0,10270.0,14674855.0
2026-07-20 13:23:00+05:30,24240.0,24240.0,24232.9,24237.6,5200.0,14673685.0
2026-07-20 13:24:00+05:30,24238.0,24240.1,24235.0,24240.0,9555.0,14670760.0
2026-07-20 13:25:00+05:30,24240.0,24245.2,24226.8,24226.8,10595.0,14669785.0
2026-07-20 13:26:00+05:30,24226.6,24240.0,24226.1,24240.0,8840.0,14669460.0
2026-07-20 13:27:00+05:30,24240.0,24250.0,24239.4,24248.5,9945.0,14665820.0
2026-07-20 13:28:00+05:30,24249.9,24250.0,24240.0,24248.0,6110.0,14664260.0
2026-07-20 13:29:00+05:30,24248.0,24249.9,24238.0,24248.0,4030.0,14664715.0
2026-07-20 13:30:00+05:30,24248.0,24250.0,24240.0,24240.0,13650.0,14664130.0
2026-07-20 13:31:00+05:30,24240.9,24248.4,24238.0,24238.0,2535.0,14670175.0
2026-07-20 13:32:00+05:30,24241.8,24248.0,24237.0,24241.6,2535.0,14670240.0
2026-07-20 13:33:00+05:30,24245.0,24249.0,24240.4,24240.4,5005.0,14670630.0
2026-07-20 13:34:00+05:30,24243.0,24248.0,24240.4,24244.4,4940.0,14673945.0
2026-07-20 13:35:00+05:30,24242.4,24247.9,24239.9,24245.0,4030.0,14676350.0
2026-07-20 13:36:00+05:30,24243.0,24248.8,24241.3,24244.0,5850.0,14670240.0
2026-07-20 13:37:00+05:30,24244.0,24248.0,24242.0,24248.0,1755.0,14669720.0
2026-07-20 13:38:00+05:30,24245.0,24248.0,24242.0,24245.0,2275.0,14670175.0
2026-07-20 13:39:00+05:30,24241.9,24246.0,24240.0,24245.0,2600.0,14670630.0
2026-07-20 13:40:00+05:30,24245.0,24248.0,24242.3,24242.4,2795.0,14667770.0
2026-07-20 13:41:00+05:30,24242.2,24247.0,24238.5,24238.5,2080.0,14651000.0
2026-07-20 13:42:00+05:30,24239.0,24247.0,24238.2,24247.0,3315.0,14650090.0
2026-07-20 13:43:00+05:30,24241.8,24245.2,24240.0,24240.0,1365.0,14649245.0
2026-07-20 13:44:00+05:30,24240.0,24244.0,24239.9,24240.4,2795.0,14650155.0
2026-07-20 13:45:00+05:30,24241.2,24258.0,24241.2,24251.0,24115.0,14649570.0
2026-07-20 13:46:00+05:30,24250.0,24258.0,24249.9,24258.0,9230.0,14647880.0
2026-07-20 13:47:00+05:30,24255.0,24265.0,24251.0,24264.0,17550.0,14646905.0
2026-07-20 13:48:00+05:30,24260.1,24269.8,24251.1,24260.0,14235.0,14647880.0
2026-07-20 13:49:00+05:30,24259.1,24265.0,24250.0,24257.8,14235.0,14653925.0
2026-07-20 13:50:00+05:30,24261.9,24265.0,24250.0,24250.8,6760.0,14658605.0
2026-07-20 13:51:00+05:30,24250.8,24259.9,24250.8,24251.0,3640.0,14659450.0
2026-07-20 13:52:00+05:30,24251.0,24258.8,24242.4,24245.0,15600.0,14660620.0
2026-07-20 13:53:00+05:30,24242.7,24248.0,24241.0,24241.7,2405.0,14672905.0
2026-07-20 13:54:00+05:30,24241.6,24250.0,24241.6,24250.0,5395.0,14675635.0
2026-07-20 13:55:00+05:30,24250.0,24260.0,24249.9,24254.9,3510.0,14676610.0
2026-07-20 13:56:00+05:30,24254.5,24263.0,24254.4,24263.0,1950.0,14675830.0
2026-07-20 13:57:00+05:30,24256.5,24267.9,24256.3,24264.4,8710.0,14676350.0
2026-07-20 13:58:00+05:30,24264.6,24271.9,24264.6,24266.5,10530.0,14677780.0
2026-07-20 13:59:00+05:30,24266.5,24274.9,24266.5,24270.0,11505.0,14682460.0
2026-07-20 14:00:00+05:30,24270.0,24274.8,24266.9,24267.5,6240.0,14681160.0
2026-07-20 14:01:00+05:30,24268.9,24270.0,24267.3,24269.9,4875.0,14596205.0
2026-07-20 14:02:00+05:30,24270.0,24278.3,24269.9,24271.4,18070.0,14596595.0
2026-07-20 14:03:00+05:30,24270.9,24278.9,24268.5,24278.0,14950.0,14594060.0
2026-07-20 14:04:00+05:30,24271.6,24282.3,24271.6,24277.0,30030.0,14599780.0
2026-07-20 14:05:00+05:30,24282.3,24282.9,24271.0,24279.0,6565.0,14604460.0
2026-07-20 14:06:00+05:30,24279.0,24280.0,24271.0,24277.0,5265.0,14604070.0
2026-07-20 14:07:00+05:30,24273.5,24279.0,24266.3,24278.8,10855.0,14605435.0
2026-07-20 14:08:00+05:30,24276.0,24279.9,24267.9,24271.0,6370.0,14613170.0
2026-07-20 14:09:00+05:30,24279.0,24279.0,24265.0,24272.9,5525.0,14611415.0
2026-07-20 14:10:00+05:30,24265.0,24270.0,24261.0,24261.0,3640.0,14610505.0
2026-07-20 14:11:00+05:30,24263.0,24269.8,24260.7,24269.0,4290.0,14610440.0
2026-07-20 14:12:00+05:30,24265.0,24272.0,24265.0,24272.0,2925.0,14610960.0
2026-07-20 14:13:00+05:30,24266.1,24272.0,24260.5,24260.5,3965.0,14611935.0
2026-07-20 14:14:00+05:30,24260.4,24267.0,24253.9,24256.9,10985.0,14611350.0
2026-07-20 14:15:00+05:30,24265.0,24265.0,24254.0,24254.0,3640.0,14609010.0
2026-07-20 14:16:00+05:30,24254.0,24256.0,24251.9,24251.9,1430.0,14607775.0
2026-07-20 14:17:00+05:30,24251.9,24254.0,24251.0,24254.0,4225.0,14607060.0
2026-07-20 14:18:00+05:30,24251.0,24264.7,24251.0,24256.5,3900.0,14607710.0
2026-07-20 14:19:00+05:30,24258.0,24265.0,24255.6,24265.0,6500.0,14606020.0
2026-07-20 14:20:00+05:30,24265.0,24265.0,24260.3,24265.0,2860.0,14604525.0
2026-07-20 14:21:00+05:30,24265.0,24269.0,24265.0,24269.0,1885.0,14603095.0
2026-07-20 14:22:00+05:30,24269.0,24272.9,24265.8,24266.0,2665.0,14601470.0
2026-07-20 14:23:00+05:30,24266.0,24274.9,24265.8,24274.9,3640.0,14601860.0
2026-07-20 14:24:00+05:30,24274.9,24274.9,24266.0,24266.0,1430.0,14600820.0
2026-07-20 14:25:00+05:30,24266.0,24266.9,24262.0,24264.9,1755.0,14483105.0
2026-07-20 14:26:00+05:30,24266.9,24270.0,24265.9,24270.0,1820.0,14483430.0
2026-07-20 14:27:00+05:30,24265.9,24275.0,24265.9,24268.9,3770.0,14483300.0
2026-07-20 14:28:00+05:30,24269.6,24276.0,24266.2,24275.0,5070.0,14481415.0
2026-07-20 14:29:00+05:30,24270.5,24274.9,24268.9,24269.9,2795.0,14474525.0
2026-07-20 14:30:00+05:30,24268.9,24271.0,24260.0,24260.0,3510.0,14476605.0
2026-07-20 14:31:00+05:30,24260.0,24265.0,24259.4,24264.5,12155.0,14475370.0
2026-07-20 14:32:00+05:30,24259.4,24265.9,24258.9,24260.1,3315.0,14473160.0
2026-07-20 14:33:00+05:30,24264.0,24264.7,24258.0,24262.4,4420.0,14470040.0
2026-07-20 14:34:00+05:30,24262.4,24262.4,24256.3,24260.0,5070.0,14470625.0
2026-07-20 14:35:00+05:30,24259.9,24262.0,24251.8,24252.4,3185.0,14463475.0
2026-07-20 14:36:00+05:30,24252.3,24254.7,24249.8,24251.9,8515.0,14468545.0
2026-07-20 14:37:00+05:30,24250.4,24252.5,24242.0,24245.4,10400.0,14449305.0
2026-07-20 14:38:00+05:30,24249.0,24252.5,24245.0,24250.9,4485.0,14442545.0
2026-07-20 14:39:00+05:30,24249.4,24252.2,24249.2,24250.0,1430.0,14435265.0
2026-07-20 14:40:00+05:30,24250.0,24253.5,24245.1,24253.5,6175.0,14434355.0
2026-07-20 14:41:00+05:30,24254.0,24256.0,24250.0,24252.2,1885.0,14434680.0
2026-07-20 14:42:00+05:30,24252.0,24254.0,24249.7,24250.4,2405.0,14425190.0
2026-07-20 14:43:00+05:30,24249.7,24249.9,24246.0,24246.0,715.0,14424605.0
2026-07-20 14:44:00+05:30,24247.0,24248.4,24246.0,24248.0,1625.0,14424020.0
2026-07-20 14:45:00+05:30,24245.9,24251.0,24245.6,24251.0,2990.0,14424345.0
2026-07-20 14:46:00+05:30,24247.8,24255.0,24247.8,24255.0,5590.0,14424020.0
2026-07-20 14:47:00+05:30,24255.0,24256.0,24253.0,24253.0,910.0,14414140.0
2026-07-20 14:48:00+05:30,24253.0,24259.0,24252.5,24258.8,3120.0,14414335.0
2026-07-20 14:49:00+05:30,24251.9,24255.0,24250.0,24250.0,650.0,14413750.0
2026-07-20 14:50:00+05:30,24247.4,24249.7,24247.4,24249.7,3055.0,14413425.0
2026-07-20 14:51:00+05:30,24255.0,24258.9,24249.9,24256.2,5785.0,14413685.0
2026-07-20 14:52:00+05:30,24257.0,24263.0,24255.7,24263.0,5070.0,14406535.0
2026-07-20 14:53:00+05:30,24263.4,24265.0,24258.0,24258.0,2600.0,14405495.0
2026-07-20 14:54:00+05:30,24264.0,24264.0,24258.5,24258.5,1560.0,14406210.0
2026-07-20 14:55:00+05:30,24261.0,24265.1,24255.0,24265.1,13520.0,14406210.0
2026-07-20 14:56:00+05:30,24255.8,24256.0,24255.8,24255.8,585.0,14411020.0
2026-07-20 14:57:00+05:30,24255.8,24258.5,24255.0,24256.7,1170.0,14402180.0
2026-07-20 14:58:00+05:30,24255.0,24255.0,24250.0,24250.0,2600.0,14403610.0
2026-07-20 14:59:00+05:30,24250.0,24252.6,24246.0,24249.5,2470.0,14402700.0
2026-07-20 15:00:00+05:30,24250.0,24260.0,24235.5,24244.0,15340.0,14402570.0
2026-07-20 15:01:00+05:30,24245.1,24258.2,24244.8,24253.0,2730.0,14401530.0
2026-07-20 15:02:00+05:30,24253.0,24256.8,24247.3,24248.0,1235.0,14401465.0
2026-07-20 15:03:00+05:30,24247.3,24256.0,24247.3,24252.0,2405.0,14400165.0
2026-07-20 15:04:00+05:30,24250.0,24250.0,24246.0,24246.0,845.0,14399840.0
2026-07-20 15:05:00+05:30,24246.0,24248.0,24245.0,24245.2,4940.0,14398865.0
2026-07-20 15:06:00+05:30,24248.0,24250.0,24245.0,24249.8,3900.0,14399255.0
2026-07-20 15:07:00+05:30,24247.9,24254.8,24247.9,24250.0,4290.0,14395030.0
2026-07-20 15:08:00+05:30,24250.3,24254.9,24249.7,24250.8,6045.0,14397500.0
2026-07-20 15:09:00+05:30,24254.9,24258.0,24250.8,24252.0,7150.0,14398735.0
2026-07-20 15:10:00+05:30,24251.8,24258.3,24250.0,24257.0,6565.0,14398215.0
2026-07-20 15:11:00+05:30,24258.7,24260.0,24251.4,24251.4,13520.0,14392690.0
2026-07-20 15:12:00+05:30,24251.4,24260.0,24251.2,24257.7,6825.0,14396330.0
2026-07-20 15:13:00+05:30,24253.0,24257.8,24252.8,24253.7,7540.0,14394510.0
2026-07-20 15:14:00+05:30,24253.7,24257.9,24252.7,24257.0,12675.0,14393600.0
2026-07-20 15:15:00+05:30,24256.8,24260.0,24256.7,24259.1,13715.0,14391975.0
2026-07-20 15:16:00+05:30,24259.1,24259.4,24256.3,24256.3,10270.0,14387230.0
2026-07-20 15:17:00+05:30,24256.2,24259.0,24255.1,24257.0,6955.0,14371890.0
2026-07-20 15:18:00+05:30,24256.2,24257.0,24255.0,24256.8,16965.0,14375920.0
2026-07-20 15:19:00+05:30,24256.5,24258.0,24255.6,24257.7,13715.0,14378975.0
2026-07-20 15:20:00+05:30,24257.7,24259.7,24253.7,24259.4,38740.0,14377870.0
2026-07-20 15:21:00+05:30,24259.7,24260.0,24257.0,24259.8,22425.0,14357005.0
2026-07-20 15:22:00+05:30,24259.9,24260.0,24257.0,24259.5,20865.0,14351220.0
2026-07-20 15:23:00+05:30,24259.9,24262.3,24259.6,24260.1,17485.0,14351220.0
2026-07-20 15:24:00+05:30,24262.2,24268.8,24261.0,24268.0,30420.0,14342900.0
2026-07-20 15:25:00+05:30,24268.8,24268.8,24265.0,24265.0,22165.0,14335035.0
2026-07-20 15:26:00+05:30,24266.0,24266.9,24261.7,24265.5,28600.0,14303705.0
2026-07-20 15:27:00+05:30,24264.2,24268.1,24260.9,24267.5,34710.0,14303185.0
2026-07-20 15:28:00+05:30,24267.5,24267.6,24261.7,24264.9,16705.0,14297790.0
2026-07-20 15:29:00+05:30,24262.7,24269.0,24262.0,24269.0,19825.0,14294475.0
2026-07-21 09:15:00+05:30,24220.0,24279.9,24201.8,24262.9,89310.0,14106040.0
2026-07-21 09:16:00+05:30,24262.9,24262.9,24240.0,24242.0,148460.0,14154790.0
2026-07-21 09:17:00+05:30,24242.1,24256.6,24241.5,24254.8,129805.0,14226290.0
2026-07-21 09:18:00+05:30,24253.4,24265.0,24246.8,24265.0,60580.0,14264510.0
2026-07-21 09:19:00+05:30,24261.6,24270.0,24260.5,24267.1,22295.0,14278810.0
2026-07-21 09:20:00+05:30,24267.6,24268.9,24253.0,24257.7,33280.0,14285050.0
2026-07-21 09:21:00+05:30,24256.9,24265.0,24253.0,24264.9,12805.0,14292525.0
2026-07-21 09:22:00+05:30,24264.0,24269.0,24253.0,24260.0,22620.0,14292980.0
2026-07-21 09:23:00+05:30,24252.0,24260.0,24240.2,24251.6,20410.0,14299545.0
2026-07-21 09:24:00+05:30,24240.1,24251.2,24225.2,24246.2,31005.0,14308125.0
2026-07-21 09:25:00+05:30,24245.2,24245.2,24221.1,24239.5,28275.0,14318785.0
2026-07-21 09:26:00+05:30,24235.6,24256.2,24225.0,24254.0,16055.0,14326390.0
2026-07-21 09:27:00+05:30,24255.5,24260.0,24243.8,24246.0,15795.0,14332110.0
2026-07-21 09:28:00+05:30,24244.0,24260.0,24241.0,24260.0,21645.0,14339390.0
2026-07-21 09:29:00+05:30,24260.0,24262.1,24245.0,24257.7,14755.0,14342185.0
2026-07-21 09:30:00+05:30,24250.0,24260.0,24238.2,24240.0,9620.0,14346345.0
2026-07-21 09:31:00+05:30,24240.0,24251.9,24231.3,24245.5,5330.0,14350700.0
2026-07-21 09:32:00+05:30,24238.0,24247.7,24231.0,24242.0,25740.0,14351090.0
2026-07-21 09:33:00+05:30,24231.0,24241.1,24225.0,24232.0,9360.0,14346735.0
2026-07-21 09:34:00+05:30,24230.0,24238.7,24225.5,24234.4,10790.0,14348555.0
2026-07-21 09:35:00+05:30,24230.8,24235.3,24218.0,24225.0,22620.0,14349530.0
2026-07-21 09:36:00+05:30,24224.5,24229.5,24220.0,24223.5,7215.0,14350830.0
2026-07-21 09:37:00+05:30,24229.2,24240.0,24223.7,24240.0,4095.0,14351415.0
2026-07-21 09:38:00+05:30,24238.0,24240.0,24227.0,24230.0,5720.0,14352130.0
2026-07-21 09:39:00+05:30,24228.3,24231.7,24225.4,24230.0,4940.0,14352455.0
2026-07-21 09:40:00+05:30,24225.0,24234.6,24222.0,24229.8,5200.0,14352390.0
2026-07-21 09:41:00+05:30,24226.0,24234.1,24222.1,24234.0,6370.0,14352780.0
2026-07-21 09:42:00+05:30,24233.4,24234.9,24224.0,24234.3,21060.0,14352065.0
2026-07-21 09:43:00+05:30,24229.8,24235.5,24222.6,24223.0,34840.0,14344590.0
2026-07-21 09:44:00+05:30,24224.7,24236.2,24222.7,24235.0,10660.0,14338610.0
2026-07-21 09:45:00+05:30,24235.0,24235.9,24221.1,24221.5,23400.0,14339325.0
2026-07-21 09:46:00+05:30,24221.0,24230.8,24220.0,24228.0,10075.0,14340105.0
2026-07-21 09:47:00+05:30,24227.0,24232.6,24220.0,24220.1,7605.0,14337245.0
2026-07-21 09:48:00+05:30,24220.3,24223.8,24215.0,24217.9,9815.0,14332695.0
2026-07-21 09:49:00+05:30,24215.0,24220.0,24215.0,24217.6,3835.0,14332435.0
2026-07-21 09:50:00+05:30,24219.8,24229.4,24215.8,24222.1,3965.0,14332240.0
2026-07-21 09:51:00+05:30,24227.9,24233.5,24222.0,24232.3,8580.0,14330030.0
2026-07-21 09:52:00+05:30,24230.4,24234.1,24225.2,24230.0,5525.0,14329770.0
2026-07-21 09:53:00+05:30,24230.0,24240.0,24230.0,24235.0,21645.0,14322100.0
2026-07-21 09:54:00+05:30,24229.1,24235.0,24224.0,24232.1,6760.0,14319565.0
2026-07-21 09:55:00+05:30,24232.1,24233.9,24223.0,24226.9,33150.0,14320020.0
2026-07-21 09:56:00+05:30,24223.0,24233.7,24220.3,24227.4,11570.0,14327365.0
2026-07-21 09:57:00+05:30,24224.3,24234.7,24219.7,24229.6,25220.0,14325935.0
2026-07-21 09:58:00+05:30,24229.0,24234.3,24223.0,24230.1,36530.0,14321060.0
2026-07-21 09:59:00+05:30,24229.2,24234.0,24221.9,24233.5,4420.0,14314950.0
2026-07-21 10:00:00+05:30,24231.1,24233.5,24221.9,24232.8,3445.0,14314690.0
2026-07-21 10:01:00+05:30,24233.4,24233.5,24222.0,24225.2,4485.0,14314105.0
2026-07-21 10:02:00+05:30,24222.0,24226.9,24219.0,24225.1,3120.0,14310140.0
2026-07-21 10:03:00+05:30,24225.0,24227.4,24215.2,24226.3,6045.0,14309945.0
2026-07-21 10:04:00+05:30,24226.3,24230.2,24211.0,24223.9,22425.0,14306695.0
2026-07-21 10:05:00+05:30,24223.9,24227.3,24215.1,24227.3,4810.0,14304550.0
2026-07-21 10:06:00+05:30,24222.2,24228.2,24220.0,24227.3,1170.0,14304355.0
2026-07-21 10:07:00+05:30,24222.0,24231.1,24216.3,24231.1,4680.0,14298505.0
2026-07-21 10:08:00+05:30,24221.0,24231.3,24221.0,24224.9,2795.0,14299025.0
2026-07-21 10:09:00+05:30,24224.9,24230.6,24220.0,24225.5,6110.0,14297595.0
2026-07-21 10:10:00+05:30,24227.5,24229.5,24222.1,24229.2,9685.0,14297595.0
2026-07-21 10:11:00+05:30,24225.0,24228.6,24220.0,24224.8,7085.0,14292460.0
2026-07-21 10:12:00+05:30,24224.6,24227.9,24220.0,24227.9,2535.0,14292395.0
2026-07-21 10:13:00+05:30,24222.0,24229.1,24219.0,24220.0,4810.0,14292720.0
2026-07-21 10:14:00+05:30,24220.0,24220.0,24211.0,24215.3,11830.0,14293110.0
2026-07-21 10:15:00+05:30,24211.1,24215.5,24205.6,24213.5,33150.0,14291810.0
2026-07-21 10:16:00+05:30,24213.5,24217.5,24207.1,24214.0,9490.0,14290445.0
2026-07-21 10:17:00+05:30,24210.0,24215.9,24206.0,24213.5,13390.0,14287000.0
2026-07-21 10:18:00+05:30,24207.0,24216.6,24207.0,24215.2,3640.0,14284920.0
2026-07-21 10:19:00+05:30,24210.0,24216.5,24210.0,24212.1,4940.0,14285375.0
2026-07-21 10:20:00+05:30,24210.0,24213.9,24205.6,24211.5,5590.0,14286740.0
2026-07-21 10:21:00+05:30,24211.5,24212.0,24205.6,24211.0,5330.0,14287455.0
2026-07-21 10:22:00+05:30,24208.0,24210.9,24190.1,24195.7,40560.0,14288690.0
2026-07-21 10:23:00+05:30,24195.7,24200.0,24181.0,24200.0,20020.0,14288950.0
2026-07-21 10:24:00+05:30,24199.0,24201.4,24185.5,24196.0,27625.0,14291615.0
2026-07-21 10:25:00+05:30,24199.0,24203.5,24185.1,24200.9,11830.0,14290250.0
2026-07-21 10:26:00+05:30,24200.9,24201.6,24190.0,24194.3,6305.0,14291095.0
2026-07-21 10:27:00+05:30,24190.0,24195.6,24181.1,24190.0,12025.0,14290640.0
2026-07-21 10:28:00+05:30,24192.0,24197.9,24184.1,24197.9,7150.0,14290900.0
2026-07-21 10:29:00+05:30,24191.0,24205.0,24187.1,24203.0,9945.0,14293370.0
2026-07-21 10:30:00+05:30,24194.3,24203.5,24193.0,24196.0,7605.0,14294345.0
2026-07-21 10:31:00+05:30,24200.4,24200.8,24197.4,24197.8,1950.0,14293240.0
2026-07-21 10:32:00+05:30,24198.0,24199.5,24194.0,24194.0,3835.0,14288170.0
2026-07-21 10:33:00+05:30,24195.0,24195.5,24189.0,24192.5,2990.0,14288950.0
2026-07-21 10:34:00+05:30,24188.0,24190.8,24183.0,24188.5,3770.0,14290445.0
2026-07-21 10:35:00+05:30,24182.1,24190.0,24181.0,24186.0,5655.0,14292070.0
2026-07-21 10:36:00+05:30,24186.9,24193.2,24185.0,24188.5,6435.0,14294540.0
2026-07-21 10:37:00+05:30,24188.5,24191.0,24185.2,24188.3,3510.0,14293890.0
2026-07-21 10:38:00+05:30,24188.3,24189.8,24176.0,24178.5,12935.0,14294995.0
2026-07-21 10:39:00+05:30,24176.0,24181.7,24171.0,24174.4,16965.0,14296685.0
2026-07-21 10:40:00+05:30,24172.0,24179.4,24170.0,24177.7,10725.0,14299610.0
2026-07-21 10:41:00+05:30,24176.6,24184.5,24175.0,24175.2,15015.0,14304225.0
2026-07-21 10:42:00+05:30,24175.6,24186.9,24175.0,24180.0,4095.0,14299805.0
2026-07-21 10:43:00+05:30,24188.0,24191.8,24177.5,24188.5,29445.0,14300455.0
2026-07-21 10:44:00+05:30,24189.5,24195.5,24185.0,24185.0,17355.0,14297075.0
2026-07-21 10:45:00+05:30,24185.0,24189.4,24176.3,24180.0,4095.0,14297985.0
2026-07-21 10:46:00+05:30,24179.7,24187.4,24176.3,24186.7,3640.0,14299870.0
2026-07-21 10:47:00+05:30,24176.3,24186.3,24176.3,24181.7,3770.0,14296100.0
2026-07-21 10:48:00+05:30,24180.4,24184.5,24177.0,24178.8,7345.0,14296100.0
2026-07-21 10:49:00+05:30,24177.6,24180.0,24172.0,24175.5,8190.0,14296945.0
2026-07-21 10:50:00+05:30,24175.3,24177.0,24164.6,24170.0,12545.0,14298635.0
2026-07-21 10:51:00+05:30,24167.0,24176.3,24162.6,24175.4,10010.0,14302665.0
2026-07-21 10:52:00+05:30,24164.0,24175.0,24163.0,24175.0,5005.0,14299220.0
2026-07-21 10:53:00+05:30,24175.0,24180.0,24170.0,24172.0,7865.0,14299935.0
2026-07-21 10:54:00+05:30,24172.0,24180.0,24171.0,24173.3,5850.0,14297660.0
2026-07-21 10:55:00+05:30,24173.0,24180.0,24170.1,24180.0,5395.0,14298310.0
2026-07-21 10:56:00+05:30,24180.0,24195.0,24180.0,24194.0,4940.0,14298245.0
2026-07-21 10:57:00+05:30,24188.0,24193.9,24186.6,24192.0,4745.0,14297465.0
2026-07-21 10:58:00+05:30,24191.0,24195.0,24186.9,24187.5,14560.0,14298440.0
2026-07-21 10:59:00+05:30,24187.4,24194.9,24185.2,24194.6,4810.0,14303445.0
2026-07-21 11:00:00+05:30,24188.4,24195.2,24186.0,24193.5,7995.0,14304030.0
2026-07-21 11:01:00+05:30,24193.5,24196.3,24188.0,24194.9,13715.0,14303055.0
2026-07-21 11:02:00+05:30,24190.0,24196.4,24188.2,24193.3,5590.0,14299675.0
2026-07-21 11:03:00+05:30,24194.3,24200.3,24190.0,24195.0,12610.0,14299675.0
2026-07-21 11:04:00+05:30,24194.3,24199.0,24193.3,24195.9,6630.0,14299155.0
2026-07-21 11:05:00+05:30,24193.5,24197.0,24185.0,24193.6,13845.0,14299740.0
2026-07-21 11:06:00+05:30,24190.0,24200.6,24190.0,24196.3,3250.0,14299090.0
2026-07-21 11:07:00+05:30,24195.0,24201.0,24190.1,24199.1,1885.0,14299805.0
2026-07-21 11:08:00+05:30,24195.0,24199.4,24190.0,24194.9,4225.0,14300000.0
2026-07-21 11:09:00+05:30,24190.0,24193.5,24185.1,24190.6,3055.0,14300195.0
2026-07-21 11:10:00+05:30,24190.6,24195.9,24185.1,24195.0,1625.0,14299870.0
2026-07-21 11:11:00+05:30,24190.3,24195.0,24187.0,24193.8,3120.0,14300130.0
2026-07-21 11:12:00+05:30,24190.5,24190.5,24184.0,24188.5,3640.0,14298765.0
2026-07-21 11:13:00+05:30,24183.5,24192.5,24183.0,24191.0,3445.0,14299090.0
2026-07-21 11:14:00+05:30,24189.9,24192.5,24183.0,24190.0,1495.0,14299155.0
2026-07-21 11:15:00+05:30,24183.0,24195.0,24182.0,24189.9,2145.0,14299155.0
2026-07-21 11:16:00+05:30,24183.0,24193.9,24181.0,24189.0,4030.0,14298570.0
2026-07-21 11:17:00+05:30,24188.8,24192.5,24180.1,24192.5,7670.0,14297270.0
2026-07-21 11:18:00+05:30,24191.4,24195.0,24180.1,24195.0,4940.0,14295645.0
2026-07-21 11:19:00+05:30,24194.8,24194.8,24184.4,24190.0,1430.0,14296035.0
2026-07-21 11:20:00+05:30,24189.4,24193.8,24180.0,24191.6,2210.0,14296490.0
2026-07-21 11:21:00+05:30,24190.7,24192.4,24181.0,24192.4,3380.0,14296815.0
2026-07-21 11:22:00+05:30,24181.0,24185.8,24177.9,24177.9,11830.0,14294670.0
2026-07-21 11:23:00+05:30,24177.0,24182.3,24170.0,24182.3,9750.0,14296165.0
2026-07-21 11:24:00+05:30,24185.0,24187.0,24171.0,24185.2,2210.0,14296750.0
2026-07-21 11:25:00+05:30,24185.0,24187.0,24180.0,24184.7,1430.0,14296750.0
2026-07-21 11:26:00+05:30,24184.9,24189.0,24183.8,24183.8,6110.0,14296100.0
2026-07-21 11:27:00+05:30,24180.0,24184.0,24176.7,24178.7,3705.0,14295905.0
2026-07-21 11:28:00+05:30,24176.0,24181.8,24175.0,24178.9,2080.0,14296100.0
2026-07-21 11:29:00+05:30,24178.0,24180.1,24175.0,24179.9,1300.0,14295970.0
2026-07-21 11:30:00+05:30,24174.1,24182.0,24168.2,24182.0,10205.0,14298245.0
2026-07-21 11:31:00+05:30,24178.1,24186.6,24172.1,24184.5,3835.0,14297140.0
2026-07-21 11:32:00+05:30,24182.0,24189.0,24180.0,24189.0,2210.0,14296880.0
2026-07-21 11:33:00+05:30,24189.0,24194.9,24186.4,24194.2,3770.0,14297595.0
2026-07-21 11:34:00+05:30,24190.0,24195.0,24186.0,24194.2,1690.0,14297660.0
2026-07-21 11:35:00+05:30,24186.5,24196.5,24186.5,24193.7,7800.0,14297725.0
2026-07-21 11:36:00+05:30,24193.5,24193.8,24188.0,24191.6,1170.0,14298115.0
2026-07-21 11:37:00+05:30,24188.0,24192.2,24180.0,24181.9,6240.0,14298115.0
2026-07-21 11:38:00+05:30,24180.0,24185.1,24174.2,24179.7,9425.0,14298115.0
2026-07-21 11:39:00+05:30,24179.7,24183.1,24175.0,24182.9,4355.0,14298375.0
2026-07-21 11:40:00+05:30,24178.5,24180.7,24165.0,24176.4,16900.0,14306175.0
2026-07-21 11:41:00+05:30,24175.3,24177.7,24165.2,24176.5,5850.0,14306825.0
2026-07-21 11:42:00+05:30,24176.5,24177.0,24169.0,24175.0,3835.0,14308190.0
2026-07-21 11:43:00+05:30,24170.1,24174.6,24165.0,24170.0,3380.0,14309230.0
2026-07-21 11:44:00+05:30,24168.5,24174.8,24165.0,24171.5,3640.0,14311765.0
2026-07-21 11:45:00+05:30,24167.0,24172.5,24165.0,24171.8,7410.0,14315210.0
2026-07-21 11:46:00+05:30,24165.0,24179.0,24165.0,24178.3,9490.0,14317810.0
2026-07-21 11:47:00+05:30,24178.4,24178.6,24172.9,24174.2,12805.0,14317745.0
2026-07-21 11:48:00+05:30,24172.6,24176.6,24159.6,24175.2,38545.0,14319565.0
2026-07-21 11:49:00+05:30,24175.2,24178.2,24171.0,24178.2,10530.0,14322165.0
2026-07-21 11:50:00+05:30,24169.0,24178.8,24166.1,24175.4,4680.0,14321905.0
2026-07-21 11:51:00+05:30,24175.0,24177.4,24172.0,24172.5,7800.0,14321905.0
2026-07-21 11:52:00+05:30,24171.0,24176.0,24170.0,24171.8,7800.0,14331720.0
2026-07-21 11:53:00+05:30,24171.0,24174.4,24168.0,24172.0,2730.0,14333670.0
2026-07-21 11:54:00+05:30,24172.0,24177.0,24165.0,24174.0,7540.0,14335685.0
2026-07-21 11:55:00+05:30,24171.0,24184.1,24169.0,24182.0,4745.0,14336790.0
2026-07-21 11:56:00+05:30,24182.0,24184.5,24170.0,24179.5,5915.0,14336790.0
2026-07-21 11:57:00+05:30,24178.5,24184.7,24173.3,24181.5,1950.0,14340105.0
2026-07-21 11:58:00+05:30,24177.5,24184.5,24175.5,24180.5,910.0,14341015.0
2026-07-21 11:59:00+05:30,24181.0,24183.6,24175.0,24180.0,4290.0,14341600.0
2026-07-21 12:00:00+05:30,24177.9,24182.3,24175.1,24178.5,1690.0,14343550.0
2026-07-21 12:01:00+05:30,24175.1,24183.2,24175.1,24183.2,1820.0,14344395.0
2026-07-21 12:02:00+05:30,24183.2,24188.9,24182.9,24188.1,2665.0,14344395.0
2026-07-21 12:03:00+05:30,24188.0,24189.9,24181.0,24189.9,2210.0,14345695.0
2026-07-21 12:04:00+05:30,24189.5,24191.0,24181.0,24190.6,2600.0,14346735.0
2026-07-21 12:05:00+05:30,24190.5,24197.5,24190.5,24194.0,4810.0,14347190.0
2026-07-21 12:06:00+05:30,24193.6,24196.5,24185.5,24189.9,3445.0,14347840.0
2026-07-21 12:07:00+05:30,24190.3,24193.5,24185.0,24193.0,2015.0,14348555.0
2026-07-21 12:08:00+05:30,24190.0,24190.2,24183.0,24187.7,8190.0,14348555.0
2026-07-21 12:09:00+05:30,24187.5,24187.5,24181.3,24182.5,1820.0,14349790.0
2026-07-21 12:10:00+05:30,24181.2,24188.0,24181.2,24188.0,1755.0,14350830.0
2026-07-21 12:11:00+05:30,24183.0,24190.5,24182.0,24188.0,1950.0,14350830.0
2026-07-21 12:12:00+05:30,24188.0,24190.8,24182.0,24184.0,1690.0,14351870.0
2026-07-21 12:13:00+05:30,24184.0,24187.5,24182.0,24182.5,2210.0,14353040.0
2026-07-21 12:14:00+05:30,24181.0,24183.9,24175.0,24178.3,7735.0,14354470.0
2026-07-21 12:15:00+05:30,24179.4,24181.0,24175.0,24180.0,2860.0,14356030.0
2026-07-21 12:16:00+05:30,24178.0,24180.5,24175.0,24175.0,1495.0,14355510.0
2026-07-21 12:17:00+05:30,24176.5,24176.5,24172.0,24176.0,5005.0,14355510.0
2026-07-21 12:18:00+05:30,24176.0,24176.0,24173.0,24175.0,1170.0,14355965.0
2026-07-21 12:19:00+05:30,24175.0,24176.0,24173.0,24175.0,3965.0,14356095.0
2026-07-21 12:20:00+05:30,24175.9,24182.0,24174.0,24181.3,1170.0,14356030.0
2026-07-21 12:21:00+05:30,24180.0,24187.8,24175.3,24182.0,975.0,14355965.0
2026-07-21 12:22:00+05:30,24181.3,24187.0,24181.3,24182.0,1170.0,14356030.0
2026-07-21 12:23:00+05:30,24182.4,24184.0,24181.1,24184.0,2860.0,14355835.0
2026-07-21 12:24:00+05:30,24181.9,24187.0,24174.0,24174.0,1105.0,14355575.0
2026-07-21 12:25:00+05:30,24174.0,24181.0,24174.0,24176.6,2340.0,14355250.0
2026-07-21 12:26:00+05:30,24177.4,24184.0,24177.3,24179.0,585.0,14355510.0
2026-07-21 12:27:00+05:30,24180.0,24182.5,24175.1,24175.1,1820.0,14355380.0
2026-07-21 12:28:00+05:30,24175.0,24180.0,24171.0,24180.0,6175.0,14355250.0
2026-07-21 12:29:00+05:30,24176.5,24179.5,24171.0,24179.5,1040.0,14353105.0
2026-07-21 12:30:00+05:30,24175.0,24183.1,24174.0,24180.0,3380.0,14353885.0
2026-07-21 12:31:00+05:30,24181.1,24185.0,24175.0,24180.4,1300.0,14353430.0
2026-07-21 12:32:00+05:30,24175.0,24187.9,24175.0,24187.9,1040.0,14352910.0
2026-07-21 12:33:00+05:30,24187.1,24190.0,24181.0,24181.0,1625.0,14352260.0
2026-07-21 12:34:00+05:30,24189.7,24194.0,24187.7,24188.9,1300.0,14351740.0
2026-07-21 12:35:00+05:30,24182.0,24194.5,24182.0,24191.2,3510.0,14351805.0
2026-07-21 12:36:00+05:30,24191.2,24191.7,24188.0,24189.6,3315.0,14348295.0
2026-07-21 12:37:00+05:30,24190.0,24192.0,24189.0,24192.0,910.0,14346865.0
2026-07-21 12:38:00+05:30,24190.0,24197.0,24190.0,24190.1,2340.0,14346865.0
2026-07-21 12:39:00+05:30,24196.0,24196.0,24187.0,24187.0,1040.0,14347515.0
2026-07-21 12:40:00+05:30,24186.0,24186.0,24180.0,24180.0,1885.0,14347385.0
2026-07-21 12:41:00+05:30,24179.6,24181.0,24174.0,24180.8,1820.0,14347385.0
2026-07-21 12:42:00+05:30,24179.8,24179.8,24174.0,24174.0,4225.0,14347775.0
2026-07-21 12:43:00+05:30,24174.0,24177.5,24171.5,24176.4,2535.0,14347840.0
2026-07-21 12:44:00+05:30,24176.9,24177.5,24171.0,24171.0,1170.0,14347905.0
2026-07-21 12:45:00+05:30,24175.5,24178.0,24170.1,24176.0,4160.0,14347515.0
2026-07-21 12:46:00+05:30,24175.0,24176.0,24175.0,24175.0,1625.0,14349595.0
2026-07-21 12:47:00+05:30,24172.0,24176.0,24170.0,24175.0,5460.0,14348360.0
2026-07-21 12:48:00+05:30,24176.0,24176.5,24170.0,24175.0,2145.0,14348685.0
2026-07-21 12:49:00+05:30,24173.9,24175.8,24170.1,24174.0,1560.0,14348945.0
2026-07-21 12:50:00+05:30,24170.6,24175.5,24170.6,24172.0,4290.0,14348685.0
2026-07-21 12:51:00+05:30,24171.1,24178.0,24167.9,24174.5,7280.0,14343420.0
2026-07-21 12:52:00+05:30,24173.4,24174.8,24164.0,24170.6,12805.0,14332305.0
2026-07-21 12:53:00+05:30,24170.8,24174.5,24162.0,24174.4,12545.0,14323270.0
2026-07-21 12:54:00+05:30,24165.0,24177.3,24165.0,24175.0,3575.0,14313520.0
2026-07-21 12:55:00+05:30,24175.0,24179.4,24166.3,24175.4,585.0,14312025.0
2026-07-21 12:56:00+05:30,24175.0,24175.4,24166.0,24175.0,12285.0,14311505.0
2026-07-21 12:57:00+05:30,24174.0,24174.8,24164.0,24164.0,5655.0,14300455.0
2026-07-21 12:58:00+05:30,24170.8,24170.8,24156.0,24156.0,8645.0,14296880.0
2026-07-21 12:59:00+05:30,24156.0,24158.3,24145.0,24150.0,29380.0,14294085.0
2026-07-21 13:00:00+05:30,24147.0,24150.0,24139.0,24139.0,13650.0,14300130.0
2026-07-21 13:01:00+05:30,24139.2,24150.0,24135.0,24150.0,10140.0,14300975.0
2026-07-21 13:02:00+05:30,24150.0,24150.0,24142.0,24145.0,5915.0,14304615.0
2026-07-21 13:03:00+05:30,24149.9,24149.9,24144.0,24149.0,3835.0,14306955.0
2026-07-21 13:04:00+05:30,24149.0,24149.9,24149.0,24149.9,1885.0,14307410.0
2026-07-21 13:05:00+05:30,24149.0,24157.5,24148.0,24156.9,2535.0,14307800.0
2026-07-21 13:06:00+05:30,24156.9,24160.0,24152.0,24160.0,3380.0,14308190.0
2026-07-21 13:07:00+05:30,24159.7,24160.2,24155.0,24156.9,3705.0,14308775.0
2026-07-21 13:08:00+05:30,24151.2,24156.4,24150.0,24156.4,2015.0,14309685.0
2026-07-21 13:09:00+05:30,24154.0,24163.0,24152.0,24159.4,4355.0,14309945.0
2026-07-21 13:10:00+05:30,24158.6,24171.2,24156.8,24167.9,6955.0,14310075.0
2026-07-21 13:11:00+05:30,24166.0,24166.6,24164.2,24165.0,2535.0,14311635.0
2026-07-21 13:12:00+05:30,24165.0,24165.0,24159.0,24161.3,1365.0,14313065.0
2026-07-21 13:13:00+05:30,24161.0,24161.6,24159.0,24159.8,1950.0,14313000.0
2026-07-21 13:14:00+05:30,24160.0,24164.5,24158.7,24159.0,2860.0,14312480.0
2026-07-21 13:15:00+05:30,24159.1,24163.7,24152.0,24152.0,3315.0,14311245.0
2026-07-21 13:16:00+05:30,24151.3,24156.7,24150.0,24150.0,2600.0,14310660.0
2026-07-21 13:17:00+05:30,24158.5,24158.7,24150.0,24152.8,975.0,14311960.0
2026-07-21 13:18:00+05:30,24152.0,24164.0,24152.0,24163.7,780.0,14311635.0
2026-07-21 13:19:00+05:30,24156.0,24165.8,24156.0,24165.8,1430.0,14311635.0
2026-07-21 13:20:00+05:30,24161.6,24161.6,24158.0,24160.0,325.0,14311310.0
2026-07-21 13:21:00+05:30,24162.8,24167.2,24160.0,24166.0,2015.0,14310270.0
2026-07-21 13:22:00+05:30,24164.0,24169.0,24156.5,24169.0,2145.0,14310270.0
2026-07-21 13:23:00+05:30,24163.8,24179.0,24163.8,24171.4,3250.0,14310075.0
2026-07-21 13:24:00+05:30,24171.4,24174.0,24165.2,24174.0,4095.0,14312350.0
2026-07-21 13:25:00+05:30,24173.0,24177.0,24166.0,24174.0,1885.0,14313455.0
2026-07-21 13:26:00+05:30,24174.0,24174.0,24166.5,24170.0,975.0,14313845.0
2026-07-21 13:27:00+05:30,24170.0,24183.4,24166.5,24180.0,7020.0,14313975.0
2026-07-21 13:28:00+05:30,24180.0,24180.0,24175.0,24175.0,5590.0,14314105.0
2026-07-21 13:29:00+05:30,24180.0,24180.0,24166.7,24178.0,2275.0,14311375.0
2026-07-21 13:30:00+05:30,24177.5,24182.0,24174.0,24174.0,1430.0,14311375.0
2026-07-21 13:31:00+05:30,24177.5,24180.0,24177.5,24179.5,780.0,14312220.0
2026-07-21 13:32:00+05:30,24179.5,24182.0,24179.0,24182.0,520.0,14312610.0
2026-07-21 13:33:00+05:30,24179.5,24184.9,24179.5,24182.5,975.0,14312740.0
2026-07-21 13:34:00+05:30,24182.5,24184.8,24180.0,24184.8,1495.0,14313260.0
2026-07-21 13:35:00+05:30,24184.0,24189.0,24184.0,24188.8,4160.0,14311895.0
2026-07-21 13:36:00+05:30,24185.0,24188.0,24180.0,24182.0,1690.0,14311440.0
2026-07-21 13:37:00+05:30,24187.9,24194.0,24182.5,24190.0,4680.0,14310855.0
2026-07-21 13:38:00+05:30,24190.9,24194.5,24190.0,24193.0,2535.0,14308840.0
2026-07-21 13:39:00+05:30,24193.0,24193.0,24182.5,24192.9,2795.0,14309815.0
2026-07-21 13:40:00+05:30,24192.3,24195.0,24192.3,24195.0,2665.0,14309035.0
2026-07-21 13:41:00+05:30,24194.8,24195.0,24190.0,24190.0,2080.0,14308580.0
2026-07-21 13:42:00+05:30,24190.0,24193.0,24185.0,24185.0,1885.0,14308840.0
2026-07-21 13:43:00+05:30,24184.5,24187.5,24178.3,24180.2,2405.0,14309425.0
2026-07-21 13:44:00+05:30,24180.5,24193.0,24180.5,24185.0,2470.0,14309425.0
2026-07-21 13:45:00+05:30,24190.0,24190.0,24185.0,24185.0,2535.0,14309685.0
2026-07-21 13:46:00+05:30,24187.0,24190.0,24185.0,24190.0,715.0,14310400.0
2026-07-21 13:47:00+05:30,24185.0,24185.4,24180.1,24184.8,3445.0,14310010.0
2026-07-21 13:48:00+05:30,24185.4,24186.5,24180.1,24180.1,1300.0,14309620.0
2026-07-21 13:49:00+05:30,24180.1,24184.8,24180.1,24184.1,2470.0,14309490.0
2026-07-21 13:50:00+05:30,24184.0,24185.4,24180.0,24181.4,2795.0,14307995.0
2026-07-21 13:51:00+05:30,24181.2,24181.2,24174.0,24179.9,1300.0,14308060.0
2026-07-21 13:52:00+05:30,24180.0,24181.4,24175.2,24179.9,1040.0,14307995.0
2026-07-21 13:53:00+05:30,24176.7,24182.0,24176.7,24182.0,585.0,14307865.0
2026-07-21 13:54:00+05:30,24177.0,24182.0,24176.0,24182.0,1495.0,14308060.0
2026-07-21 13:55:00+05:30,24181.0,24181.0,24170.0,24172.5,15470.0,14309360.0
2026-07-21 13:56:00+05:30,24173.5,24173.5,24168.0,24168.2,18590.0,14320540.0
2026-07-21 13:57:00+05:30,24164.1,24172.0,24164.1,24167.0,10140.0,14323660.0
2026-07-21 13:58:00+05:30,24167.0,24168.8,24166.0,24166.0,2080.0,14327105.0
2026-07-21 13:59:00+05:30,24165.9,24165.9,24161.4,24161.4,12350.0,14327430.0
2026-07-21 14:00:00+05:30,24161.1,24172.0,24161.1,24172.0,1365.0,14336595.0
2026-07-21 14:01:00+05:30,24172.0,24176.5,24170.1,24174.5,1560.0,14336465.0
2026-07-21 14:02:00+05:30,24174.5,24181.0,24174.5,24180.5,715.0,14336595.0
2026-07-21 14:03:00+05:30,24175.2,24180.0,24171.0,24178.0,910.0,14337050.0
2026-07-21 14:04:00+05:30,24172.0,24177.0,24170.5,24172.1,1235.0,14337375.0
2026-07-21 14:05:00+05:30,24175.0,24181.0,24172.0,24177.8,2080.0,14337375.0
2026-07-21 14:06:00+05:30,24177.0,24180.0,24173.0,24173.0,845.0,14337635.0
2026-07-21 14:07:00+05:30,24172.0,24180.0,24172.0,24179.0,1300.0,14338350.0
2026-07-21 14:08:00+05:30,24176.0,24178.0,24168.0,24168.0,11180.0,14347905.0
2026-07-21 14:09:00+05:30,24167.1,24171.0,24165.0,24169.5,2145.0,14348230.0
2026-07-21 14:10:00+05:30,24165.0,24171.0,24165.0,24165.0,845.0,14348035.0
2026-07-21 14:11:00+05:30,24165.0,24166.0,24161.1,24161.1,2925.0,14348685.0
2026-07-21 14:12:00+05:30,24161.1,24169.0,24161.1,24169.0,1300.0,14350375.0
2026-07-21 14:13:00+05:30,24169.0,24169.0,24161.2,24161.2,390.0,14350375.0
2026-07-21 14:14:00+05:30,24161.2,24165.0,24161.2,24161.6,520.0,14350505.0
2026-07-21 14:15:00+05:30,24161.8,24166.0,24161.5,24166.0,2405.0,14349595.0
2026-07-21 14:16:00+05:30,24164.6,24167.5,24163.0,24163.0,975.0,14349790.0
2026-07-21 14:17:00+05:30,24161.8,24165.0,24161.0,24161.0,9880.0,14350440.0
2026-07-21 14:18:00+05:30,24161.1,24165.0,24160.0,24160.0,2925.0,14353170.0
2026-07-21 14:19:00+05:30,24162.0,24174.5,24160.6,24174.5,2600.0,14353495.0
2026-07-21 14:20:00+05:30,24173.0,24174.5,24165.0,24171.1,650.0,14353495.0
2026-07-21 14:21:00+05:30,24174.0,24174.0,24167.8,24167.8,390.0,14353755.0
2026-07-21 14:22:00+05:30,24174.9,24180.0,24169.0,24180.0,1430.0,14353885.0
2026-07-21 14:23:00+05:30,24175.0,24180.0,24170.1,24178.0,1430.0,14354145.0
2026-07-21 14:24:00+05:30,24178.0,24180.0,24172.0,24173.0,585.0,14354600.0
2026-07-21 14:25:00+05:30,24175.0,24176.5,24172.0,24176.5,650.0,14354730.0
2026-07-21 14:26:00+05:30,24175.0,24177.5,24171.0,24171.0,975.0,14354925.0
2026-07-21 14:27:00+05:30,24171.0,24177.0,24171.0,24172.2,650.0,14355380.0
2026-07-21 14:28:00+05:30,24175.0,24178.0,24172.2,24178.0,650.0,14355640.0
2026-07-21 14:29:00+05:30,24172.6,24172.6,24170.0,24170.0,13260.0,14355510.0
2026-07-21 14:30:00+05:30,24169.1,24172.2,24167.0,24167.0,10855.0,14372800.0
2026-07-21 14:31:00+05:30,24166.5,24172.0,24166.5,24168.7,1365.0,14373645.0
2026-07-21 14:32:00+05:30,24168.7,24173.5,24168.7,24170.0,650.0,14373710.0
2026-07-21 14:33:00+05:30,24169.0,24170.0,24163.0,24163.0,1885.0,14373710.0
2026-07-21 14:34:00+05:30,24162.0,24168.0,24161.0,24161.0,650.0,14373840.0
2026-07-21 14:35:00+05:30,24168.0,24170.0,24159.1,24170.0,5200.0,14370200.0
2026-07-21 14:36:00+05:30,24170.0,24172.0,24155.0,24155.0,1885.0,14370460.0
2026-07-21 14:37:00+05:30,24158.0,24162.2,24152.0,24160.0,10465.0,14366300.0
2026-07-21 14:38:00+05:30,24152.0,24162.0,24152.0,24155.2,910.0,14362790.0
2026-07-21 14:39:00+05:30,24155.0,24162.0,24152.1,24153.5,4160.0,14362660.0
2026-07-21 14:40:00+05:30,24154.2,24162.0,24154.2,24162.0,390.0,14361230.0
2026-07-21 14:41:00+05:30,24162.0,24166.5,24155.3,24166.5,1040.0,14361425.0
2026-07-21 14:42:00+05:30,24160.2,24167.0,24160.2,24165.0,390.0,14361490.0
2026-07-21 14:43:00+05:30,24167.0,24171.0,24167.0,24170.0,5525.0,14364935.0
2026-07-21 14:44:00+05:30,24170.0,24174.0,24170.0,24174.0,3185.0,14367860.0
2026-07-21 14:45:00+05:30,24172.5,24175.0,24171.0,24171.0,520.0,14368770.0
2026-07-21 14:46:00+05:30,24174.9,24174.9,24165.5,24165.5,1820.0,14369810.0
2026-07-21 14:47:00+05:30,24165.1,24167.5,24162.0,24162.0,1755.0,14369745.0
2026-07-21 14:48:00+05:30,24162.9,24174.9,24162.9,24174.9,650.0,14369420.0
2026-07-21 14:49:00+05:30,24174.9,24180.0,24172.5,24180.0,2990.0,14369355.0
2026-07-21 14:50:00+05:30,24182.0,24182.0,24172.5,24175.1,2340.0,14368575.0
2026-07-21 14:51:00+05:30,24172.0,24175.0,24165.1,24173.0,2990.0,14370720.0
2026-07-21 14:52:00+05:30,24167.5,24168.0,24167.1,24167.1,715.0,14370915.0
2026-07-21 14:53:00+05:30,24167.6,24179.0,24167.6,24178.5,910.0,14371175.0
2026-07-21 14:54:00+05:30,24176.0,24180.0,24175.0,24178.5,2145.0,14370525.0
2026-07-21 14:55:00+05:30,24177.5,24177.5,24168.8,24170.1,4095.0,14369030.0
2026-07-21 14:56:00+05:30,24170.0,24188.1,24166.4,24180.0,9165.0,14363830.0
2026-07-21 14:57:00+05:30,24182.5,24182.5,24169.4,24176.5,4355.0,14365325.0
2026-07-21 14:58:00+05:30,24180.0,24180.0,24175.4,24178.5,2210.0,14363830.0
2026-07-21 14:59:00+05:30,24179.0,24185.0,24174.0,24174.0,5850.0,14360255.0
2026-07-21 15:00:00+05:30,24171.2,24193.0,24170.1,24191.5,11375.0,14355120.0
2026-07-21 15:01:00+05:30,24191.5,24192.0,24173.4,24184.0,8255.0,14354470.0
2026-07-21 15:02:00+05:30,24182.0,24186.0,24175.0,24176.4,7020.0,14350895.0
2026-07-21 15:03:00+05:30,24186.0,24187.0,24177.0,24178.0,5200.0,14344265.0
2026-07-21 15:04:00+05:30,24177.0,24185.0,24176.0,24176.0,3965.0,14343550.0
2026-07-21 15:05:00+05:30,24176.0,24182.0,24176.0,24176.0,3185.0,14339780.0
2026-07-21 15:06:00+05:30,24182.0,24184.9,24176.4,24179.7,3575.0,14337830.0
2026-07-21 15:07:00+05:30,24179.7,24184.9,24176.5,24177.0,2210.0,14338480.0
2026-07-21 15:08:00+05:30,24177.0,24183.0,24177.0,24180.0,3445.0,14339910.0
2026-07-21 15:09:00+05:30,24181.4,24182.0,24177.0,24177.0,3705.0,14340040.0
2026-07-21 15:10:00+05:30,24177.0,24185.0,24171.1,24176.1,9685.0,14339000.0
2026-07-21 15:11:00+05:30,24171.0,24180.0,24170.0,24176.5,2925.0,14339260.0
2026-07-21 15:12:00+05:30,24179.5,24179.5,24174.5,24177.0,2210.0,14339130.0
2026-07-21 15:13:00+05:30,24179.0,24180.1,24175.0,24175.0,5525.0,14335685.0
2026-07-21 15:14:00+05:30,24176.4,24178.0,24172.4,24173.2,6305.0,14335165.0
2026-07-21 15:15:00+05:30,24177.9,24180.0,24173.2,24179.0,4225.0,14333085.0
2026-07-21 15:16:00+05:30,24179.0,24180.0,24176.6,24179.0,12155.0,14336270.0
2026-07-21 15:17:00+05:30,24179.0,24180.0,24177.5,24179.0,5980.0,14336205.0
2026-07-21 15:18:00+05:30,24179.9,24180.0,24178.0,24178.0,3900.0,14334905.0
2026-07-21 15:19:00+05:30,24180.0,24186.0,24178.0,24178.0,5850.0,14333800.0
2026-07-21 15:20:00+05:30,24178.1,24183.9,24178.0,24181.8,6500.0,14331590.0
2026-07-21 15:21:00+05:30,24181.8,24184.0,24178.0,24179.0,10985.0,14334255.0
2026-07-21 15:22:00+05:30,24178.0,24184.0,24178.0,24183.4,8125.0,14332045.0
2026-07-21 15:23:00+05:30,24182.0,24188.0,24179.0,24185.6,21190.0,14338610.0
2026-07-21 15:24:00+05:30,24185.6,24187.9,24179.0,24185.5,24570.0,14353430.0
2026-07-21 15:25:00+05:30,24180.0,24185.0,24177.5,24177.5,16185.0,14351675.0
2026-07-21 15:26:00+05:30,24180.0,24185.0,24177.4,24181.0,10660.0,14350245.0
2026-07-21 15:27:00+05:30,24181.0,24183.0,24180.0,24180.1,10400.0,14350375.0
2026-07-21 15:28:00+05:30,24181.0,24181.0,24178.0,24178.3,25935.0,14357590.0
2026-07-21 15:29:00+05:30,24181.0,24185.0,24178.3,24185.0,15210.0,14354470.0
2026-07-22 09:15:00+05:30,24126.3,24137.0,24075.0,24075.0,114725.0,14335685.0
2026-07-22 09:16:00+05:30,24079.9,24085.1,24067.0,24072.1,48165.0,14360320.0
2026-07-22 09:17:00+05:30,24073.1,24073.1,24055.1,24060.0,39130.0,14358500.0
2026-07-22 09:18:00+05:30,24059.0,24076.0,24055.8,24076.0,20735.0,14365000.0
2026-07-22 09:19:00+05:30,24078.0,24086.0,24068.0,24083.3,17875.0,14365715.0
2026-07-22 09:20:00+05:30,24080.1,24090.0,24075.0,24082.5,11180.0,14372020.0
2026-07-22 09:21:00+05:30,24090.0,24095.0,24075.0,24075.0,17485.0,14376115.0
2026-07-22 09:22:00+05:30,24078.0,24082.0,24065.1,24082.0,18395.0,14384370.0
2026-07-22 09:23:00+05:30,24082.5,24086.8,24072.0,24080.0,12610.0,14382420.0
2026-07-22 09:24:00+05:30,24080.0,24088.2,24073.0,24078.0,14040.0,14385540.0
2026-07-22 09:25:00+05:30,24085.8,24088.1,24075.7,24077.6,7735.0,14385995.0
2026-07-22 09:26:00+05:30,24080.0,24080.0,24062.0,24066.0,16835.0,14387815.0
2026-07-22 09:27:00+05:30,24065.0,24066.5,24055.4,24065.0,16640.0,14391455.0
2026-07-22 09:28:00+05:30,24062.6,24064.9,24055.0,24058.5,18330.0,14395420.0
2026-07-22 09:29:00+05:30,24057.1,24059.5,24050.1,24051.0,50960.0,14395030.0
2026-07-22 09:30:00+05:30,24053.9,24062.0,24050.0,24052.5,28665.0,14419535.0
2026-07-22 09:31:00+05:30,24052.0,24053.0,24030.1,24030.1,56810.0,14419210.0
2026-07-22 09:32:00+05:30,24034.5,24042.4,24025.3,24031.7,62530.0,14425190.0
2026-07-22 09:33:00+05:30,24039.5,24041.8,24026.0,24030.0,26000.0,14446965.0
2026-07-22 09:34:00+05:30,24030.0,24035.0,24025.5,24026.0,23205.0,14448330.0
2026-07-22 09:35:00+05:30,24030.5,24033.0,24017.2,24029.5,43355.0,14453920.0
2026-07-22 09:36:00+05:30,24028.9,24031.0,24019.0,24025.0,26585.0,14456585.0
2026-07-22 09:37:00+05:30,24024.0,24031.9,24017.5,24027.5,22425.0,14456780.0
2026-07-22 09:38:00+05:30,24027.6,24040.0,24025.0,24036.0,31915.0,14457820.0
2026-07-22 09:39:00+05:30,24036.0,24036.0,24024.0,24027.6,19305.0,14473225.0
2026-07-22 09:40:00+05:30,24026.0,24037.0,24025.0,24036.0,13325.0,14475435.0
2026-07-22 09:41:00+05:30,24032.0,24036.2,24027.0,24032.0,11180.0,14477125.0
2026-07-22 09:42:00+05:30,24032.0,24035.5,24027.0,24032.0,10660.0,14480895.0
2026-07-22 09:43:00+05:30,24032.0,24035.7,24025.6,24026.5,15535.0,14485640.0
2026-07-22 09:44:00+05:30,24026.0,24032.0,24025.8,24027.0,7865.0,14493180.0
2026-07-22 09:45:00+05:30,24025.8,24032.0,24025.6,24030.0,8840.0,14490515.0
2026-07-22 09:46:00+05:30,24028.5,24030.0,24025.0,24025.0,11570.0,14489410.0
2026-07-22 09:47:00+05:30,24024.5,24027.0,24011.0,24015.0,31460.0,14497470.0
2026-07-22 09:48:00+05:30,24011.0,24020.0,24011.0,24012.0,13845.0,14499160.0
2026-07-22 09:49:00+05:30,24012.0,24020.0,24012.0,24018.0,6500.0,14498835.0
2026-07-22 09:50:00+05:30,24016.0,24028.0,24011.0,24020.5,18070.0,14500655.0
2026-07-22 09:51:00+05:30,24028.0,24032.0,24020.2,24020.2,9035.0,14500525.0
2026-07-22 09:52:00+05:30,24024.0,24028.0,24016.8,24021.5,5720.0,14502670.0
2026-07-22 09:53:00+05:30,24028.1,24028.2,24020.0,24026.0,3120.0,14505920.0
2026-07-22 09:54:00+05:30,24020.0,24026.5,24015.0,24022.3,7150.0,14506960.0
2026-07-22 09:55:00+05:30,24022.3,24022.8,24010.5,24011.3,9815.0,14510600.0
2026-07-22 09:56:00+05:30,24011.2,24020.0,24007.0,24007.0,14755.0,14511380.0
2026-07-22 09:57:00+05:30,24006.3,24018.2,24003.0,24018.0,28795.0,14511120.0
2026-07-22 09:58:00+05:30,24018.0,24024.4,24013.3,24019.8,3965.0,14503905.0
2026-07-22 09:59:00+05:30,24015.0,24024.1,24015.0,24024.1,3835.0,14505985.0
2026-07-22 10:00:00+05:30,24024.9,24024.9,24007.6,24020.0,9555.0,14509105.0
2026-07-22 10:01:00+05:30,24020.0,24020.0,24010.3,24019.0,5720.0,14511120.0
2026-07-22 10:02:00+05:30,24019.0,24024.0,24010.0,24024.0,8450.0,14512485.0
2026-07-22 10:03:00+05:30,24021.5,24027.5,24019.7,24026.0,14365.0,14510340.0
2026-07-22 10:04:00+05:30,24024.0,24032.0,24023.0,24026.5,12480.0,14509105.0
2026-07-22 10:05:00+05:30,24025.0,24033.0,24020.0,24030.0,8255.0,14511900.0
2026-07-22 10:06:00+05:30,24029.0,24047.8,24029.0,24046.4,31850.0,14513525.0
2026-07-22 10:07:00+05:30,24045.0,24046.8,24035.0,24044.8,7865.0,14509040.0
2026-07-22 10:08:00+05:30,24044.9,24045.4,24035.0,24042.8,4615.0,14509885.0
2026-07-22 10:09:00+05:30,24040.1,24045.0,24039.9,24045.0,6890.0,14512290.0
2026-07-22 10:10:00+05:30,24046.0,24046.0,24039.9,24040.0,2665.0,14512745.0
2026-07-22 10:11:00+05:30,24039.9,24048.4,24035.0,24044.4,24700.0,14515410.0
2026-07-22 10:12:00+05:30,24044.6,24045.1,24031.1,24040.0,6500.0,14507935.0
2026-07-22 10:13:00+05:30,24040.0,24044.0,24031.6,24032.6,5070.0,14508260.0
2026-07-22 10:14:00+05:30,24043.7,24043.8,24025.0,24025.0,8060.0,14509235.0
2026-07-22 10:15:00+05:30,24025.0,24031.4,24019.8,24020.0,13520.0,14508780.0
2026-07-22 10:16:00+05:30,24030.0,24030.0,24014.0,24014.0,9685.0,14504620.0
2026-07-22 10:17:00+05:30,24018.5,24020.0,24008.0,24018.0,14690.0,14501305.0
2026-07-22 10:18:00+05:30,24018.0,24020.0,24010.0,24019.5,3315.0,14501175.0
2026-07-22 10:19:00+05:30,24019.0,24021.0,24010.0,24021.0,8385.0,14502085.0
2026-07-22 10:20:00+05:30,24017.0,24020.0,24005.7,24019.0,16705.0,14502540.0
2026-07-22 10:21:00+05:30,24018.0,24020.0,24007.1,24018.0,9490.0,14497665.0
2026-07-22 10:22:00+05:30,24017.5,24019.0,24008.1,24017.0,13195.0,14496105.0
2026-07-22 10:23:00+05:30,24014.0,24018.0,24001.0,24001.1,20020.0,14495195.0
2026-07-22 10:24:00+05:30,24001.2,24012.0,24000.0,24000.0,16445.0,14497795.0
2026-07-22 10:25:00+05:30,24000.0,24004.0,23980.3,23980.3,53300.0,14488240.0
2026-07-22 10:26:00+05:30,23980.3,23981.0,23966.5,23966.5,29640.0,14491230.0
2026-07-22 10:27:00+05:30,23970.9,23980.0,23965.0,23980.0,33280.0,14485835.0
2026-07-22 10:28:00+05:30,23977.0,23990.0,23975.0,23989.0,21385.0,14490255.0
2026-07-22 10:29:00+05:30,23985.0,23998.0,23985.0,23998.0,13260.0,14490710.0
2026-07-22 10:30:00+05:30,23998.4,23998.5,23990.2,23997.0,7280.0,14491945.0
2026-07-22 10:31:00+05:30,23997.0,24005.0,23995.1,23998.0,15470.0,14495195.0
2026-07-22 10:32:00+05:30,23998.0,24000.0,23994.0,23994.0,5005.0,14496300.0
2026-07-22 10:33:00+05:30,23995.0,24001.0,23994.0,24000.2,3120.0,14496430.0
2026-07-22 10:34:00+05:30,24000.0,24003.0,23990.0,23990.0,5720.0,14501435.0
2026-07-22 10:35:00+05:30,23995.5,23999.0,23990.1,23996.0,1170.0,14501630.0
2026-07-22 10:36:00+05:30,23995.8,24000.0,23987.3,23994.0,9945.0,14502345.0
2026-07-22 10:37:00+05:30,23994.0,24000.0,23986.4,23995.4,7865.0,14499615.0
2026-07-22 10:38:00+05:30,23995.4,23996.0,23983.0,23983.0,19435.0,14487850.0
2026-07-22 10:39:00+05:30,23983.0,23994.0,23979.6,23984.1,20930.0,14476345.0
2026-07-22 10:40:00+05:30,23985.0,23990.0,23978.6,23984.7,7540.0,14479270.0
2026-07-22 10:41:00+05:30,23984.7,23989.0,23978.5,23980.5,4875.0,14480895.0
2026-07-22 10:42:00+05:30,23986.3,23987.0,23978.0,23985.5,2860.0,14481545.0
2026-07-22 10:43:00+05:30,23978.0,23986.0,23976.5,23985.0,10140.0,14484015.0
2026-07-22 10:44:00+05:30,23978.2,23987.7,23976.0,23976.2,13000.0,14492335.0
2026-07-22 10:45:00+05:30,23976.0,23990.0,23975.2,23990.0,10400.0,14497860.0
2026-07-22 10:46:00+05:30,23990.0,23991.0,23984.9,23989.0,3380.0,14498835.0
2026-07-22 10:47:00+05:30,23989.0,23999.0,23988.4,23990.2,2405.0,14500265.0
2026-07-22 10:48:00+05:30,23998.0,24000.0,23993.9,24000.0,4420.0,14502085.0
2026-07-22 10:49:00+05:30,23998.9,24004.5,23998.9,24000.0,5265.0,14503255.0
2026-07-22 10:50:00+05:30,24000.0,24000.0,23990.2,23994.0,6175.0,14505660.0
2026-07-22 10:51:00+05:30,23994.0,24000.0,23990.6,24000.0,2275.0,14506440.0
2026-07-22 10:52:00+05:30,24000.0,24005.0,24000.0,24004.9,2015.0,14506505.0
2026-07-22 10:53:00+05:30,24005.0,24006.0,24004.0,24006.0,2145.0,14506050.0
2026-07-22 10:54:00+05:30,24006.0,24007.0,24001.0,24001.0,3965.0,14501890.0
2026-07-22 10:55:00+05:30,24004.9,24016.5,24002.1,24011.0,6175.0,14497015.0
2026-07-22 10:56:00+05:30,24007.0,24013.0,24004.0,24013.0,1170.0,14497535.0
2026-07-22 10:57:00+05:30,24014.8,24017.4,24013.0,24016.0,3770.0,14497925.0
2026-07-22 10:58:00+05:30,24016.0,24018.0,24004.0,24005.0,3380.0,14499030.0
2026-07-22 10:59:00+05:30,24011.0,24018.0,24005.0,24017.9,1495.0,14500915.0
2026-07-22 11:00:00+05:30,24015.0,24018.0,24005.9,24009.9,2275.0,14501500.0
2026-07-22 11:01:00+05:30,24009.9,24010.0,24005.0,24005.0,1040.0,14502020.0
2026-07-22 11:02:00+05:30,24009.4,24009.4,24003.0,24003.0,2730.0,14502410.0
2026-07-22 11:03:00+05:30,24004.0,24009.0,23999.5,24002.0,6825.0,14500980.0
2026-07-22 11:04:00+05:30,24009.0,24009.0,24002.0,24006.5,1495.0,14500850.0
2026-07-22 11:05:00+05:30,24003.1,24009.0,24000.0,24003.8,1690.0,14500265.0
2026-07-22 11:06:00+05:30,24000.0,24004.5,23999.1,24000.3,2990.0,14499290.0
2026-07-22 11:07:00+05:30,24001.0,24011.3,23998.0,24007.3,5785.0,14498315.0
2026-07-22 11:08:00+05:30,24002.7,24013.5,24002.6,24012.3,3445.0,14497080.0
2026-07-22 11:09:00+05:30,24012.1,24012.2,24002.0,24007.2,2665.0,14496755.0
2026-07-22 11:10:00+05:30,24009.9,24010.0,24003.0,24010.0,13975.0,14502020.0
2026-07-22 11:11:00+05:30,24004.0,24009.5,24001.8,24005.0,3250.0,14500330.0
2026-07-22 11:12:00+05:30,24007.5,24008.0,23998.1,24004.5,5720.0,14499225.0
2026-07-22 11:13:00+05:30,24003.0,24004.5,23995.1,24001.8,2470.0,14497600.0
2026-07-22 11:14:00+05:30,24002.5,24005.0,23998.0,24000.0,1625.0,14497145.0
2026-07-22 11:15:00+05:30,24005.0,24005.0,23995.0,24000.0,2730.0,14496820.0
2026-07-22 11:16:00+05:30,24004.7,24005.0,23995.4,24005.0,2080.0,14497535.0
2026-07-22 11:17:00+05:30,24005.0,24015.0,24005.0,24015.0,3770.0,14494805.0
2026-07-22 11:18:00+05:30,24015.0,24020.0,24015.0,24018.5,4615.0,14496040.0
2026-07-22 11:19:00+05:30,24018.0,24018.5,24014.0,24016.5,3315.0,14496560.0
2026-07-22 11:20:00+05:30,24017.0,24018.2,24016.1,24016.5,2145.0,14497080.0
2026-07-22 11:21:00+05:30,24017.0,24020.0,24009.3,24020.0,4030.0,14494415.0
2026-07-22 11:22:00+05:30,24017.2,24019.5,24014.0,24019.5,3055.0,14495390.0
2026-07-22 11:23:00+05:30,24020.0,24030.0,24020.0,24025.0,6305.0,14492790.0
2026-07-22 11:24:00+05:30,24025.0,24030.0,24018.0,24024.0,5200.0,14492855.0
2026-07-22 11:25:00+05:30,24023.0,24025.0,24019.7,24025.0,3835.0,14494155.0
2026-07-22 11:26:00+05:30,24025.0,24031.5,24020.0,24025.0,2535.0,14492335.0
2026-07-22 11:27:00+05:30,24027.0,24028.0,24019.0,24028.0,1755.0,14491360.0
2026-07-22 11:28:00+05:30,24025.0,24029.0,24025.0,24027.0,2665.0,14493050.0
2026-07-22 11:29:00+05:30,24027.0,24030.0,24025.0,24029.5,3380.0,14492465.0
2026-07-22 11:30:00+05:30,24029.4,24035.5,24029.4,24034.8,6890.0,14488240.0
2026-07-22 11:31:00+05:30,24030.0,24034.8,24030.0,24030.0,4225.0,14485835.0
2026-07-22 11:32:00+05:30,24030.0,24035.0,24024.0,24034.5,2405.0,14485770.0
2026-07-22 11:33:00+05:30,24034.8,24038.0,24030.3,24030.3,2210.0,14485315.0
2026-07-22 11:34:00+05:30,24030.5,24038.0,24030.2,24038.0,4355.0,14482065.0
2026-07-22 11:35:00+05:30,24038.0,24039.0,24029.5,24029.5,3380.0,14483105.0
2026-07-22 11:36:00+05:30,24029.5,24034.5,24022.1,24033.0,2535.0,14484210.0
2026-07-22 11:37:00+05:30,24025.0,24032.9,24018.8,24024.9,2210.0,14484145.0
2026-07-22 11:38:00+05:30,24024.9,24029.0,24021.0,24027.8,2405.0,14484080.0
2026-07-22 11:39:00+05:30,24021.0,24027.0,24020.0,24027.0,6175.0,14479140.0
2026-07-22 11:40:00+05:30,24027.0,24034.2,24023.3,24030.0,2340.0,14479140.0
2026-07-22 11:41:00+05:30,24025.0,24030.0,24023.5,24023.5,780.0,14479205.0
2026-07-22 11:42:00+05:30,24030.0,24034.0,24024.0,24034.0,4355.0,14478685.0
2026-07-22 11:43:00+05:30,24034.0,24038.0,24026.6,24026.6,1105.0,14478035.0
2026-07-22 11:44:00+05:30,24031.0,24037.8,24028.0,24030.8,1625.0,14478490.0
2026-07-22 11:45:00+05:30,24030.9,24037.0,24027.0,24027.0,1040.0,14478815.0
2026-07-22 11:46:00+05:30,24030.0,24031.0,24030.0,24030.0,910.0,14478555.0
2026-07-22 11:47:00+05:30,24030.0,24036.9,24028.0,24030.0,2340.0,14476605.0
2026-07-22 11:48:00+05:30,24035.0,24035.0,24024.4,24028.0,2470.0,14476800.0
2026-07-22 11:49:00+05:30,24028.0,24031.9,24021.1,24021.1,910.0,14477905.0
2026-07-22 11:50:00+05:30,24021.1,24024.8,24016.2,24022.9,5005.0,14478035.0
2026-07-22 11:51:00+05:30,24017.5,24024.0,24016.7,24024.0,3120.0,14475110.0
2026-07-22 11:52:00+05:30,24024.0,24024.0,24015.9,24024.0,2275.0,14476800.0
2026-07-22 11:53:00+05:30,24017.2,24024.0,24011.6,24012.1,2600.0,14477970.0
2026-07-22 11:54:00+05:30,24010.5,24019.1,24010.0,24016.8,1690.0,14478295.0
2026-07-22 11:55:00+05:30,24016.7,24018.5,24007.0,24009.1,4485.0,14477905.0
2026-07-22 11:56:00+05:30,24009.1,24015.0,24004.8,24005.0,4225.0,14478490.0
2026-07-22 11:57:00+05:30,24005.2,24017.8,24005.2,24005.7,6760.0,14480765.0
2026-07-22 11:58:00+05:30,24016.0,24016.0,24003.0,24012.6,1755.0,14480180.0
2026-07-22 11:59:00+05:30,24013.0,24013.0,24003.0,24003.0,715.0,14481220.0
2026-07-22 12:00:00+05:30,24010.0,24010.0,23990.0,23999.0,6890.0,14480505.0
2026-07-22 12:01:00+05:30,23990.0,23999.0,23990.0,23990.0,4875.0,14480440.0
2026-07-22 12:02:00+05:30,23992.0,23994.5,23977.0,23994.5,8450.0,14479205.0
2026-07-22 12:03:00+05:30,23983.4,23994.5,23980.0,23980.0,8320.0,14481090.0
2026-07-22 12:04:00+05:30,23982.5,23994.0,23981.5,23994.0,2600.0,14481025.0
2026-07-22 12:05:00+05:30,23994.0,23995.0,23987.1,23990.0,2275.0,14480960.0
2026-07-22 12:06:00+05:30,23987.3,24003.0,23986.0,24003.0,6175.0,14479660.0
2026-07-22 12:07:00+05:30,23995.0,24002.5,23992.0,23996.0,1820.0,14479725.0
2026-07-22 12:08:00+05:30,23996.0,23998.0,23990.0,23996.5,2340.0,14480895.0
2026-07-22 12:09:00+05:30,23996.0,23996.0,23981.0,23988.0,2470.0,14480700.0
2026-07-22 12:10:00+05:30,23981.0,23988.0,23980.0,23985.0,1950.0,14480115.0
2026-07-22 12:11:00+05:30,23985.0,23994.0,23981.4,23986.0,3380.0,14481415.0
2026-07-22 12:12:00+05:30,23983.6,23992.0,23981.0,23990.0,1235.0,14482195.0
2026-07-22 12:13:00+05:30,23981.0,23990.0,23981.0,23982.0,715.0,14482715.0
2026-07-22 12:14:00+05:30,23981.1,23990.0,23981.0,23988.9,1170.0,14482780.0
2026-07-22 12:15:00+05:30,23982.0,23986.0,23981.0,23981.0,5525.0,14485640.0
2026-07-22 12:16:00+05:30,23981.0,23990.0,23980.5,23989.0,6045.0,14491425.0
2026-07-22 12:17:00+05:30,23986.0,23991.9,23976.9,23977.1,26650.0,14490905.0
2026-07-22 12:18:00+05:30,23977.1,23986.4,23975.0,23980.0,13715.0,14491945.0
2026-07-22 12:19:00+05:30,23975.0,23981.9,23957.3,23957.3,26325.0,14511835.0
2026-07-22 12:20:00+05:30,23958.0,23969.9,23945.0,23963.1,37505.0,14511835.0
2026-07-22 12:21:00+05:30,23963.0,23976.7,23952.2,23975.0,22035.0,14523210.0
2026-07-22 12:22:00+05:30,23975.1,23977.7,23960.0,23963.0,11960.0,14531140.0
2026-07-22 12:23:00+05:30,23968.3,23975.0,23960.4,23970.0,1235.0,14531140.0
2026-07-22 12:24:00+05:30,23970.0,23985.0,23970.0,23980.1,10075.0,14532115.0
2026-07-22 12:25:00+05:30,23980.0,23980.0,23972.0,23980.0,2210.0,14531335.0
2026-07-22 12:26:00+05:30,23975.0,23982.0,23970.2,23982.0,3445.0,14530880.0
2026-07-22 12:27:00+05:30,23982.0,23982.8,23970.0,23970.0,3705.0,14530880.0
2026-07-22 12:28:00+05:30,23970.0,23978.8,23968.5,23970.0,3965.0,14530100.0
2026-07-22 12:29:00+05:30,23975.0,23978.0,23966.0,23967.6,1560.0,14530165.0
2026-07-22 12:30:00+05:30,23965.0,23970.5,23960.0,23963.5,4225.0,14531465.0
2026-07-22 12:31:00+05:30,23960.0,23964.0,23955.0,23955.0,5395.0,14531465.0
2026-07-22 12:32:00+05:30,23955.0,23964.0,23951.1,23963.2,5525.0,14537705.0
2026-07-22 12:33:00+05:30,23963.0,23963.0,23952.0,23962.0,1430.0,14537705.0
2026-07-22 12:34:00+05:30,23962.0,23969.7,23957.2,23969.7,2210.0,14538355.0
2026-07-22 12:35:00+05:30,23965.0,23968.5,23955.0,23963.0,7020.0,14539525.0
2026-07-22 12:36:00+05:30,23966.0,23966.0,23952.9,23953.3,8060.0,14538745.0
2026-07-22 12:37:00+05:30,23954.0,23965.0,23951.1,23951.1,2730.0,14538745.0
2026-07-22 12:38:00+05:30,23951.1,23964.0,23945.0,23950.0,9555.0,14541280.0
2026-07-22 12:39:00+05:30,23950.0,23961.8,23945.1,23960.0,15860.0,14541280.0
2026-07-22 12:40:00+05:30,23960.0,23961.0,23947.5,23960.5,8060.0,14542710.0
2026-07-22 12:41:00+05:30,23953.0,23962.9,23948.0,23961.8,2860.0,14545180.0
2026-07-22 12:42:00+05:30,23960.0,23975.0,23953.6,23974.9,4225.0,14545700.0
2026-07-22 12:43:00+05:30,23961.6,23977.6,23961.6,23970.0,3965.0,14545960.0
2026-07-22 12:44:00+05:30,23977.0,23985.0,23968.0,23985.0,7540.0,14547975.0
2026-07-22 12:45:00+05:30,23985.5,23985.5,23975.0,23975.0,9295.0,14548300.0
2026-07-22 12:46:00+05:30,23974.0,23980.3,23970.0,23979.3,2275.0,14554735.0
2026-07-22 12:47:00+05:30,23978.6,23994.9,23970.0,23990.1,6890.0,14555320.0
2026-07-22 12:48:00+05:30,23992.9,23996.8,23983.3,23991.5,5655.0,14554930.0
2026-07-22 12:49:00+05:30,23995.0,24003.0,23990.0,24003.0,5005.0,14555840.0
2026-07-22 12:50:00+05:30,23993.0,24004.0,23990.0,24000.0,4160.0,14554280.0
2026-07-22 12:51:00+05:30,24000.0,24002.0,23991.6,24000.0,2210.0,14555060.0
2026-07-22 12:52:00+05:30,24000.0,24005.0,23992.0,24005.0,2535.0,14555450.0
2026-07-22 12:53:00+05:30,24005.0,24010.0,24000.0,24005.1,6890.0,14554800.0
2026-07-22 12:54:00+05:30,24000.0,24006.5,23990.0,24002.1,1625.0,14550445.0
2026-07-22 12:55:00+05:30,24002.1,24002.1,23990.0,24000.0,1690.0,14550055.0
2026-07-22 12:56:00+05:30,24000.0,24002.0,23994.1,24000.1,4225.0,14550250.0
2026-07-22 12:57:00+05:30,23993.9,24005.0,23993.6,24001.0,6825.0,14548105.0
2026-07-22 12:58:00+05:30,24005.0,24008.5,23993.2,24000.0,3835.0,14546220.0
2026-07-22 12:59:00+05:30,23999.0,23999.0,23985.0,23985.0,2145.0,14543750.0
2026-07-22 13:00:00+05:30,23985.5,23994.0,23980.0,23980.0,4160.0,14543230.0
2026-07-22 13:01:00+05:30,23980.0,23980.0,23973.3,23980.0,4875.0,14542125.0
2026-07-22 13:02:00+05:30,23986.0,23986.8,23970.8,23986.8,3315.0,14541540.0
2026-07-22 13:03:00+05:30,23980.0,23985.5,23975.0,23976.0,1690.0,14539915.0
2026-07-22 13:04:00+05:30,23976.0,23976.0,23965.0,23973.5,1690.0,14540435.0
2026-07-22 13:05:00+05:30,23963.0,23974.0,23960.0,23961.0,1625.0,14541020.0
2026-07-22 13:06:00+05:30,23970.0,23975.0,23962.1,23975.0,3900.0,14541410.0
2026-07-22 13:07:00+05:30,23976.0,23976.0,23963.5,23975.9,910.0,14543620.0
2026-07-22 13:08:00+05:30,23969.0,23980.0,23969.0,23980.0,1300.0,14544465.0
2026-07-22 13:09:00+05:30,23976.0,23980.0,23970.0,23970.0,1430.0,14545050.0
2026-07-22 13:10:00+05:30,23970.0,23981.0,23970.0,23981.0,975.0,14545440.0
2026-07-22 13:11:00+05:30,23979.0,23981.0,23960.0,23960.0,3380.0,14545765.0
2026-07-22 13:12:00+05:30,23960.0,23968.5,23960.0,23968.0,3120.0,14546545.0
2026-07-22 13:13:00+05:30,23968.1,23968.1,23950.0,23960.0,14885.0,14542125.0
2026-07-22 13:14:00+05:30,23963.0,23966.0,23960.0,23962.0,9555.0,14545180.0
2026-07-22 13:15:00+05:30,23962.0,23962.0,23957.0,23961.0,8060.0,14542775.0
2026-07-22 13:16:00+05:30,23961.0,23970.0,23961.0,23970.0,1170.0,14538355.0
2026-07-22 13:17:00+05:30,23964.1,23978.7,23964.1,23972.0,2990.0,14538550.0
2026-07-22 13:18:00+05:30,23972.0,23973.3,23959.0,23973.3,11245.0,14538485.0
2026-07-22 13:19:00+05:30,23960.7,23970.0,23960.0,23960.0,15470.0,14531920.0
2026-07-22 13:20:00+05:30,23969.2,23970.0,23959.0,23962.0,1560.0,14530425.0
2026-07-22 13:21:00+05:30,23969.9,23972.0,23969.0,23972.0,2860.0,14530815.0
2026-07-22 13:22:00+05:30,23971.9,23972.0,23960.0,23965.0,10205.0,14529580.0
2026-07-22 13:23:00+05:30,23959.0,23971.9,23959.0,23961.6,2275.0,14525550.0
2026-07-22 13:24:00+05:30,23963.0,23971.0,23961.0,23969.9,5915.0,14521650.0
2026-07-22 13:25:00+05:30,23970.0,23970.0,23959.0,23960.0,4225.0,14521650.0
2026-07-22 13:26:00+05:30,23960.0,23969.0,23955.5,23959.0,6825.0,14520415.0
2026-07-22 13:27:00+05:30,23955.0,23965.0,23955.0,23959.9,2405.0,14520740.0
2026-07-22 13:28:00+05:30,23965.0,23969.5,23957.9,23969.0,650.0,14520480.0
2026-07-22 13:29:00+05:30,23960.5,23971.0,23960.3,23965.0,910.0,14520675.0
2026-07-22 13:30:00+05:30,23965.5,23972.0,23965.5,23972.0,975.0,14520740.0
2026-07-22 13:31:00+05:30,23970.6,23975.0,23970.6,23974.0,650.0,14521195.0
2026-07-22 13:32:00+05:30,23974.5,23982.0,23972.9,23982.0,2860.0,14521390.0
2026-07-22 13:33:00+05:30,23977.0,23980.2,23976.9,23977.6,715.0,14521195.0
2026-07-22 13:34:00+05:30,23977.6,23985.0,23977.6,23985.0,1495.0,14521585.0
2026-07-22 13:35:00+05:30,23985.0,24014.0,23981.1,24003.5,19110.0,14522105.0
2026-07-22 13:36:00+05:30,24003.5,24003.5,23995.0,24001.5,7540.0,14518985.0
2026-07-22 13:37:00+05:30,24002.4,24002.4,23995.0,23999.0,3250.0,14519375.0
2026-07-22 13:38:00+05:30,23999.0,23999.0,23993.0,23993.0,1105.0,14519635.0
2026-07-22 13:39:00+05:30,23990.6,23998.0,23990.6,23997.1,715.0,14519635.0
2026-07-22 13:40:00+05:30,23990.6,23998.0,23985.0,23986.6,975.0,14519115.0
2026-07-22 13:41:00+05:30,23992.9,23995.0,23982.0,23983.9,1300.0,14519050.0
2026-07-22 13:42:00+05:30,23982.0,23982.9,23968.5,23970.0,2730.0,14520350.0
2026-07-22 13:43:00+05:30,23975.0,23985.0,23975.0,23985.0,3510.0,14520480.0
2026-07-22 13:44:00+05:30,23992.5,23992.5,23980.3,23983.9,1105.0,14518920.0
2026-07-22 13:45:00+05:30,23982.0,23983.8,23980.1,23980.1,1560.0,14519310.0
2026-07-22 13:46:00+05:30,23980.0,23980.0,23971.0,23971.0,715.0,14519700.0
2026-07-22 13:47:00+05:30,23977.9,23977.9,23969.1,23977.0,1235.0,14520155.0
2026-07-22 13:48:00+05:30,23978.0,23980.0,23974.4,23980.0,585.0,14520155.0
2026-07-22 13:49:00+05:30,23975.0,23975.0,23973.9,23973.9,455.0,14520220.0
2026-07-22 13:50:00+05:30,23970.2,23974.0,23970.2,23974.0,650.0,14520545.0
2026-07-22 13:51:00+05:30,23973.2,23975.0,23973.2,23974.0,650.0,14520545.0
2026-07-22 13:52:00+05:30,23975.0,23980.0,23973.2,23976.0,2145.0,14520740.0
2026-07-22 13:53:00+05:30,23975.0,23983.0,23975.0,23978.0,2340.0,14521195.0
2026-07-22 13:54:00+05:30,23975.0,23975.0,23972.0,23973.0,715.0,14520350.0
2026-07-22 13:55:00+05:30,23970.5,23979.5,23970.3,23977.5,1235.0,14518790.0
2026-07-22 13:56:00+05:30,23978.6,23978.6,23972.0,23972.0,1170.0,14519245.0
2026-07-22 13:57:00+05:30,23978.2,23978.2,23970.6,23978.2,910.0,14518985.0
2026-07-22 13:58:00+05:30,23971.1,23971.1,23971.1,23971.1,130.0,14518920.0
2026-07-22 13:59:00+05:30,23971.2,23972.0,23970.6,23970.6,1170.0,14519115.0
2026-07-22 14:00:00+05:30,23970.6,23975.0,23963.0,23975.0,3770.0,14519700.0
2026-07-22 14:01:00+05:30,23975.0,23975.0,23971.0,23971.0,520.0,14519570.0
2026-07-22 14:02:00+05:30,23972.0,23975.8,23972.0,23974.9,520.0,14519440.0
2026-07-22 14:03:00+05:30,23976.3,23978.0,23972.7,23976.5,650.0,14518530.0
2026-07-22 14:04:00+05:30,23973.2,23973.2,23962.4,23962.9,1040.0,14518530.0
2026-07-22 14:05:00+05:30,23964.6,23971.3,23964.5,23965.1,1690.0,14518530.0
2026-07-22 14:06:00+05:30,23970.0,23975.0,23970.0,23975.0,845.0,14518270.0
2026-07-22 14:07:00+05:30,23974.9,23975.7,23965.0,23965.0,2535.0,14517945.0
2026-07-22 14:08:00+05:30,23966.0,23974.0,23963.0,23974.0,1625.0,14518270.0
2026-07-22 14:09:00+05:30,23973.0,23977.9,23973.0,23977.7,3120.0,14518140.0
2026-07-22 14:10:00+05:30,23970.0,23976.9,23965.0,23976.0,390.0,14516645.0
2026-07-22 14:11:00+05:30,23976.0,23976.0,23968.0,23970.0,1040.0,14516710.0
2026-07-22 14:12:00+05:30,23970.0,23972.4,23955.0,23956.5,3835.0,14517035.0
2026-07-22 14:13:00+05:30,23965.0,23970.0,23957.0,23962.7,910.0,14517750.0
2026-07-22 14:14:00+05:30,23964.0,23966.0,23964.0,23966.0,260.0,14517490.0
2026-07-22 14:15:00+05:30,23966.0,23974.3,23960.0,23974.3,5460.0,14517295.0
2026-07-22 14:16:00+05:30,23974.9,23975.0,23960.6,23973.0,715.0,14516450.0
2026-07-22 14:17:00+05:30,23975.0,23984.0,23973.0,23983.1,4680.0,14513460.0
2026-07-22 14:18:00+05:30,23980.1,23982.0,23967.1,23972.0,1040.0,14513720.0
2026-07-22 14:19:00+05:30,23974.9,23978.0,23974.9,23978.0,390.0,14514045.0
2026-07-22 14:20:00+05:30,23979.0,23983.2,23978.0,23980.3,2145.0,14513785.0
2026-07-22 14:21:00+05:30,23979.0,23979.1,23970.1,23970.1,585.0,14513590.0
2026-07-22 14:22:00+05:30,23971.9,23975.7,23965.2,23965.2,1235.0,14513785.0
2026-07-22 14:23:00+05:30,23965.1,23969.0,23965.1,23969.0,910.0,14514175.0
2026-07-22 14:24:00+05:30,23969.0,23977.8,23965.3,23975.0,1040.0,14514435.0
2026-07-22 14:25:00+05:30,23976.0,23977.4,23965.0,23965.0,1300.0,14515280.0
2026-07-22 14:26:00+05:30,23968.7,23972.0,23965.0,23965.0,2210.0,14515605.0
2026-07-22 14:27:00+05:30,23970.0,23970.0,23970.0,23970.0,1170.0,14516580.0
2026-07-22 14:28:00+05:30,23966.0,23970.0,23966.0,23966.7,975.0,14516515.0
2026-07-22 14:29:00+05:30,23970.0,23970.0,23961.0,23961.0,4290.0,14517945.0
2026-07-22 14:30:00+05:30,23962.0,23962.0,23955.0,23960.6,4160.0,14518335.0
2026-07-22 14:31:00+05:30,23955.0,23961.0,23955.0,23957.5,2470.0,14519375.0
2026-07-22 14:32:00+05:30,23956.4,23960.0,23955.0,23960.0,8905.0,14519700.0
2026-07-22 14:33:00+05:30,23960.0,23965.0,23958.0,23965.0,29705.0,14532635.0
2026-07-22 14:34:00+05:30,23961.5,23965.0,23961.5,23965.0,2405.0,14539915.0
2026-07-22 14:35:00+05:30,23965.0,23975.0,23965.0,23971.6,15535.0,14544075.0
2026-07-22 14:36:00+05:30,23975.0,23982.6,23972.0,23975.2,3705.0,14542905.0
2026-07-22 14:37:00+05:30,23980.0,23984.0,23975.2,23983.0,1755.0,14541345.0
2026-07-22 14:38:00+05:30,23984.0,23984.0,23975.8,23978.0,2015.0,14541930.0
2026-07-22 14:39:00+05:30,23978.0,23982.0,23971.1,23971.1,1950.0,14543100.0
2026-07-22 14:40:00+05:30,23972.7,23978.0,23971.0,23971.0,1755.0,14543880.0
2026-07-22 14:41:00+05:30,23976.0,23977.5,23966.4,23974.3,2015.0,14544530.0
2026-07-22 14:42:00+05:30,23970.0,23970.0,23961.0,23962.0,2080.0,14544790.0
2026-07-22 14:43:00+05:30,23962.0,23964.0,23962.0,23964.0,1430.0,14545245.0
2026-07-22 14:44:00+05:30,23962.0,23969.0,23962.0,23969.0,2145.0,14546090.0
2026-07-22 14:45:00+05:30,23963.0,23969.0,23960.0,23960.0,2145.0,14547390.0
2026-07-22 14:46:00+05:30,23969.0,23969.0,23962.2,23968.0,910.0,14547325.0
2026-07-22 14:47:00+05:30,23969.0,23969.0,23963.0,23967.9,780.0,14548040.0
2026-07-22 14:48:00+05:30,23967.9,23967.9,23963.0,23967.9,1300.0,14548235.0
2026-07-22 14:49:00+05:30,23965.0,23968.0,23962.5,23965.0,1755.0,14548300.0
2026-07-22 14:50:00+05:30,23965.0,23970.0,23965.0,23970.0,5135.0,14547390.0
2026-07-22 14:51:00+05:30,23968.9,23975.0,23968.9,23975.0,4420.0,14543750.0
2026-07-22 14:52:00+05:30,23972.0,23978.0,23967.4,23967.5,2210.0,14543815.0
2026-07-22 14:53:00+05:30,23969.9,23980.0,23969.9,23974.0,1300.0,14543880.0
2026-07-22 14:54:00+05:30,23973.1,23978.0,23973.1,23977.9,585.0,14544010.0
2026-07-22 14:55:00+05:30,23979.0,23979.0,23974.0,23974.0,1495.0,14543750.0
2026-07-22 14:56:00+05:30,23979.0,23979.0,23967.3,23974.0,4095.0,14527500.0
2026-07-22 14:57:00+05:30,23970.0,23970.0,23962.0,23962.0,1560.0,14527565.0
2026-07-22 14:58:00+05:30,23962.0,23970.0,23960.0,23970.0,3055.0,14528085.0
2026-07-22 14:59:00+05:30,23965.5,23975.0,23958.0,23965.0,4030.0,14526915.0
2026-07-22 15:00:00+05:30,23965.1,23982.4,23965.0,23965.0,3835.0,14526200.0
2026-07-22 15:01:00+05:30,23977.7,23977.7,23960.0,23970.0,2145.0,14526265.0
2026-07-22 15:02:00+05:30,23965.1,23978.6,23965.0,23978.0,3185.0,14526460.0
2026-07-22 15:03:00+05:30,23975.3,23979.4,23965.0,23965.1,8060.0,14526460.0
2026-07-22 15:04:00+05:30,23966.2,23974.4,23965.0,23967.0,2535.0,14522755.0
2026-07-22 15:05:00+05:30,23973.0,23982.0,23969.9,23981.0,3900.0,14519505.0
2026-07-22 15:06:00+05:30,23982.0,23993.0,23975.9,23976.1,9620.0,14516905.0
2026-07-22 15:07:00+05:30,23976.4,23987.0,23970.6,23970.6,2600.0,14517620.0
2026-07-22 15:08:00+05:30,23970.0,23983.4,23970.0,23979.0,2860.0,14517230.0
2026-07-22 15:09:00+05:30,23979.0,23985.0,23979.0,23985.0,8320.0,14519505.0
2026-07-22 15:10:00+05:30,23984.9,23988.0,23979.0,23987.0,1365.0,14518790.0
2026-07-22 15:11:00+05:30,23987.0,23988.0,23981.0,23981.0,5785.0,14518075.0
2026-07-22 15:12:00+05:30,23985.0,23993.3,23981.0,23993.3,4745.0,14517555.0
2026-07-22 15:13:00+05:30,23990.2,23995.9,23989.0,23993.1,9880.0,14515670.0
2026-07-22 15:14:00+05:30,23993.0,24004.0,23993.0,24003.0,16120.0,14506570.0
2026-07-22 15:15:00+05:30,24003.0,24003.0,23983.0,23988.5,12025.0,14510405.0
2026-07-22 15:16:00+05:30,23988.5,24003.0,23988.5,24003.0,6435.0,14511185.0
2026-07-22 15:17:00+05:30,23995.0,24005.0,23990.4,23994.2,10595.0,14508000.0
2026-07-22 15:18:00+05:30,23995.0,24004.0,23992.8,24003.0,9880.0,14508975.0
2026-07-22 15:19:00+05:30,23999.0,24004.7,23993.1,24000.0,8385.0,14507740.0
2026-07-22 15:20:00+05:30,23994.5,24000.0,23992.1,23995.7,13520.0,14510275.0
2026-07-22 15:21:00+05:30,23998.4,23998.4,23986.0,23990.9,7020.0,14512875.0
2026-07-22 15:22:00+05:30,23990.2,23993.9,23985.5,23991.9,11050.0,14513525.0
2026-07-22 15:23:00+05:30,23990.3,23991.5,23983.2,23985.0,20410.0,14515995.0
2026-07-22 15:24:00+05:30,23984.6,23990.0,23983.6,23989.1,15730.0,14518725.0
2026-07-22 15:25:00+05:30,23987.2,23991.6,23985.8,23990.0,17875.0,14522885.0
2026-07-22 15:26:00+05:30,23986.9,23990.0,23983.9,23983.9,18135.0,14523405.0
2026-07-22 15:27:00+05:30,23983.8,23990.0,23983.3,23985.0,21645.0,14527630.0
2026-07-22 15:28:00+05:30,23985.0,23987.6,23982.9,23983.7,13130.0,14527760.0
2026-07-22 15:29:00+05:30,23984.1,23989.4,23981.5,23982.0,22100.0,14525615.0
2026-07-23 09:15:00+05:30,23880.0,23908.9,23880.0,23900.0,45045.0,14451190.0
2026-07-23 09:16:00+05:30,23906.9,23907.0,23890.0,23906.3,25025.0,14447160.0
2026-07-23 09:17:00+05:30,23906.3,23909.2,23899.7,23901.6,22880.0,14444625.0
2026-07-23 09:18:00+05:30,23900.0,23907.0,23897.0,23907.0,19565.0,14442610.0
2026-07-23 09:19:00+05:30,23903.7,23928.0,23903.7,23928.0,26520.0,14443845.0
2026-07-23 09:20:00+05:30,23921.5,23957.7,23921.5,23951.8,43485.0,14435525.0
2026-07-23 09:21:00+05:30,23955.0,23960.0,23930.0,23941.0,15145.0,14427790.0
2026-07-23 09:22:00+05:30,23940.9,23954.1,23937.9,23944.0,12025.0,14425840.0
2026-07-23 09:23:00+05:30,23954.4,23954.6,23940.7,23950.0,8970.0,14421940.0
2026-07-23 09:24:00+05:30,23954.0,23956.7,23944.0,23951.5,21970.0,14419860.0
2026-07-23 09:25:00+05:30,23951.2,23951.2,23935.0,23945.4,20345.0,14419860.0
2026-07-23 09:26:00+05:30,23946.3,23950.0,23937.6,23947.4,8905.0,14410435.0
2026-07-23 09:27:00+05:30,23937.5,23947.0,23930.0,23933.0,6045.0,14410435.0
2026-07-23 09:28:00+05:30,23933.0,23945.0,23926.7,23936.9,9165.0,14407770.0
2026-07-23 09:29:00+05:30,23936.3,23940.0,23922.0,23923.1,8385.0,14406990.0
2026-07-23 09:30:00+05:30,23923.6,23932.7,23915.1,23916.7,7150.0,14397240.0
2026-07-23 09:31:00+05:30,23925.1,23937.6,23911.9,23915.7,25610.0,14394770.0
2026-07-23 09:32:00+05:30,23913.2,23918.7,23906.3,23910.4,7865.0,14396915.0
2026-07-23 09:33:00+05:30,23910.5,23919.0,23908.0,23914.9,8775.0,14395225.0
2026-07-23 09:34:00+05:30,23914.9,23923.8,23911.0,23923.8,8840.0,14391195.0
2026-07-23 09:35:00+05:30,23920.0,23924.9,23904.0,23905.8,13325.0,14385020.0
2026-07-23 09:36:00+05:30,23905.8,23910.0,23892.3,23899.4,23075.0,14382940.0
2026-07-23 09:37:00+05:30,23900.0,23912.8,23892.0,23905.0,17680.0,14385865.0
2026-07-23 09:38:00+05:30,23892.5,23910.0,23892.5,23904.0,13260.0,14380080.0
2026-07-23 09:39:00+05:30,23902.3,23928.0,23902.3,23923.0,12025.0,14379950.0
2026-07-23 09:40:00+05:30,23922.8,23925.0,23909.1,23912.0,5330.0,14374945.0
2026-07-23 09:41:00+05:30,23919.8,23920.6,23908.3,23913.1,5980.0,14370915.0
2026-07-23 09:42:00+05:30,23918.2,23926.0,23913.6,23918.5,5525.0,14365260.0
2026-07-23 09:43:00+05:30,23917.2,23921.8,23911.4,23915.4,4875.0,14355315.0
2026-07-23 09:44:00+05:30,23917.9,23921.2,23912.5,23914.0,4875.0,14355705.0
2026-07-23 09:45:00+05:30,23913.8,23934.9,23913.8,23923.7,10985.0,14354730.0
2026-07-23 09:46:00+05:30,23925.8,23928.6,23916.0,23916.7,4810.0,14344460.0
2026-07-23 09:47:00+05:30,23915.7,23919.9,23912.8,23914.2,11635.0,14342250.0
2026-07-23 09:48:00+05:30,23914.2,23920.0,23912.0,23920.0,3575.0,14336140.0
2026-07-23 09:49:00+05:30,23919.9,23929.0,23917.6,23929.0,3640.0,14333345.0
2026-07-23 09:50:00+05:30,23929.9,23933.9,23921.1,23922.0,7345.0,14332825.0
2026-07-23 09:51:00+05:30,23922.8,23939.9,23917.5,23930.3,21190.0,14302015.0
2026-07-23 09:52:00+05:30,23932.4,23938.9,23928.7,23933.3,2535.0,14293370.0
2026-07-23 09:53:00+05:30,23931.4,23940.0,23930.0,23939.9,4030.0,14284920.0
2026-07-23 09:54:00+05:30,23937.2,23940.0,23930.5,23932.5,8645.0,14283685.0
2026-07-23 09:55:00+05:30,23932.9,23943.1,23932.9,23942.0,3315.0,14283035.0
2026-07-23 09:56:00+05:30,23944.9,23947.9,23940.0,23945.0,5525.0,14280045.0
2026-07-23 09:57:00+05:30,23945.0,23946.9,23937.3,23937.7,5395.0,14277510.0
2026-07-23 09:58:00+05:30,23938.2,23946.0,23938.2,23946.0,6695.0,14275365.0
2026-07-23 09:59:00+05:30,23944.6,23954.9,23941.9,23947.3,10010.0,14271010.0
2026-07-23 10:00:00+05:30,23948.2,23955.0,23942.8,23942.8,5590.0,14267955.0
2026-07-23 10:01:00+05:30,23944.8,23955.0,23943.8,23947.9,6110.0,14265160.0
2026-07-23 10:02:00+05:30,23950.0,23965.0,23948.4,23965.0,13650.0,14260740.0
2026-07-23 10:03:00+05:30,23964.0,23972.9,23961.1,23969.2,13000.0,14259115.0
2026-07-23 10:04:00+05:30,23972.8,23972.8,23962.4,23969.2,6500.0,14252355.0
2026-07-23 10:05:00+05:30,23970.0,23971.9,23965.0,23965.9,5720.0,14252030.0
2026-07-23 10:06:00+05:30,23965.8,23969.7,23961.0,23961.4,3575.0,14247545.0
2026-07-23 10:07:00+05:30,23962.0,23968.5,23956.0,23959.8,5980.0,14247220.0
2026-07-23 10:08:00+05:30,23959.4,23970.5,23957.9,23967.1,7995.0,14247350.0
2026-07-23 10:09:00+05:30,23971.9,23981.6,23971.0,23979.0,21320.0,14245530.0
2026-07-23 10:10:00+05:30,23979.0,23984.9,23966.3,23968.0,9360.0,14239615.0
2026-07-23 10:11:00+05:30,23969.4,23975.0,23964.5,23969.0,12350.0,14237405.0
2026-07-23 10:12:00+05:30,23969.0,23974.0,23965.9,23972.2,7865.0,14233570.0
2026-07-23 10:13:00+05:30,23972.2,23974.8,23971.1,23971.1,2080.0,14232595.0
2026-07-23 10:14:00+05:30,23974.0,23975.0,23967.2,23968.0,3575.0,14230450.0
2026-07-23 10:15:00+05:30,23969.3,23969.9,23961.0,23965.0,5200.0,14228240.0
2026-07-23 10:16:00+05:30,23965.0,23974.7,23963.7,23970.0,10920.0,14225315.0
2026-07-23 10:17:00+05:30,23968.9,23979.8,23968.9,23976.6,3315.0,14221675.0
2026-07-23 10:18:00+05:30,23976.6,23979.9,23965.6,23975.9,6370.0,14219400.0
2026-07-23 10:19:00+05:30,23970.0,23975.9,23970.0,23970.0,13130.0,14207310.0
2026-07-23 10:20:00+05:30,23970.0,23975.0,23965.0,23965.0,11180.0,14207310.0
2026-07-23 10:21:00+05:30,23967.0,23967.0,23961.6,23961.6,8320.0,14199575.0
2026-07-23 10:22:00+05:30,23961.6,23961.6,23955.0,23956.6,5980.0,14192555.0
2026-07-23 10:23:00+05:30,23962.7,23962.7,23953.4,23957.6,4745.0,14188070.0
2026-07-23 10:24:00+05:30,23957.5,23963.7,23954.1,23960.1,10660.0,14179360.0
2026-07-23 10:25:00+05:30,23960.0,23965.0,23959.9,23964.9,5135.0,14183975.0
2026-07-23 10:26:00+05:30,23964.9,23964.9,23956.3,23962.9,3510.0,14183130.0
2026-07-23 10:27:00+05:30,23961.7,23975.2,23961.7,23967.3,7410.0,14184365.0
2026-07-23 10:28:00+05:30,23971.6,23982.5,23971.6,23975.9,3315.0,14185080.0
2026-07-23 10:29:00+05:30,23975.9,23982.0,23970.5,23974.7,4290.0,14186510.0
2026-07-23 10:30:00+05:30,23981.1,23981.1,23965.7,23965.7,3705.0,14186770.0
2026-07-23 10:31:00+05:30,23965.5,23971.5,23965.5,23968.1,9165.0,14191320.0
2026-07-23 10:32:00+05:30,23967.4,23977.9,23967.0,23969.3,9165.0,14196130.0
2026-07-23 10:33:00+05:30,23969.0,23970.0,23965.9,23967.6,6045.0,14199120.0
2026-07-23 10:34:00+05:30,23967.6,23969.8,23961.4,23966.6,2860.0,14201070.0
2026-07-23 10:35:00+05:30,23966.9,23975.0,23966.9,23975.0,2470.0,14201525.0
2026-07-23 10:36:00+05:30,23973.4,23982.9,23973.4,23977.7,3900.0,14200420.0
2026-07-23 10:37:00+05:30,23975.1,23981.1,23972.9,23973.5,2080.0,14200225.0
2026-07-23 10:38:00+05:30,23975.0,23979.5,23974.2,23979.4,2535.0,14200680.0
2026-07-23 10:39:00+05:30,23979.4,23982.0,23976.9,23976.9,4095.0,14202565.0
2026-07-23 10:40:00+05:30,23977.0,23981.0,23976.4,23978.6,4225.0,14202110.0
2026-07-23 10:41:00+05:30,23977.9,23981.8,23975.9,23976.0,4485.0,14201265.0
2026-07-23 10:42:00+05:30,23976.1,23979.0,23973.1,23973.9,2145.0,14201720.0
2026-07-23 10:43:00+05:30,23974.0,23980.0,23973.0,23977.8,6045.0,14202760.0
2026-07-23 10:44:00+05:30,23977.6,23979.0,23976.5,23976.9,2925.0,14201590.0
2026-07-23 10:45:00+05:30,23980.0,23980.0,23974.3,23977.7,5005.0,14203475.0
2026-07-23 10:46:00+05:30,23978.0,23980.6,23975.9,23979.0,8255.0,14204450.0
2026-07-23 10:47:00+05:30,23977.6,23982.0,23973.3,23976.1,5200.0,14205620.0
2026-07-23 10:48:00+05:30,23976.2,23985.3,23976.2,23984.9,8125.0,14205490.0
2026-07-23 10:49:00+05:30,23982.7,23989.0,23982.4,23985.3,6110.0,14206465.0
2026-07-23 10:50:00+05:30,23984.2,23990.0,23981.9,23985.2,13000.0,14208675.0
2026-07-23 10:51:00+05:30,23982.9,23989.0,23981.5,23982.1,9880.0,14213940.0
2026-07-23 10:52:00+05:30,23982.1,23988.0,23982.0,23982.5,6695.0,14216215.0
2026-07-23 10:53:00+05:30,23981.5,23985.4,23972.0,23973.4,4875.0,14219075.0
2026-07-23 10:54:00+05:30,23972.0,23978.3,23969.7,23971.6,6240.0,14221415.0
2026-07-23 10:55:00+05:30,23971.3,23979.3,23971.3,23973.3,4095.0,14223300.0
2026-07-23 10:56:00+05:30,23973.8,23979.9,23973.8,23979.9,5200.0,14224535.0
2026-07-23 10:57:00+05:30,23978.7,23989.0,23977.9,23984.7,18330.0,14231490.0
2026-07-23 10:58:00+05:30,23984.9,23990.0,23977.7,23978.3,12350.0,14233310.0
2026-07-23 10:59:00+05:30,23985.0,23988.0,23980.0,23981.8,17095.0,14234350.0
2026-07-23 11:00:00+05:30,23982.2,23990.5,23982.2,23987.2,4485.0,14240265.0
2026-07-23 11:01:00+05:30,23990.0,23992.0,23985.2,23986.0,3770.0,14242280.0
2026-07-23 11:02:00+05:30,23986.0,23990.0,23984.4,23984.8,6435.0,14242085.0
2026-07-23 11:03:00+05:30,23986.3,23992.0,23984.1,23991.0,17875.0,14245530.0
2026-07-23 11:04:00+05:30,23992.0,23996.0,23989.0,23992.0,13975.0,14253070.0
2026-07-23 11:05:00+05:30,23991.8,23996.0,23988.0,23989.3,12805.0,14256515.0
2026-07-23 11:06:00+05:30,23990.0,23992.1,23985.0,23985.0,14625.0,14259765.0
2026-07-23 11:07:00+05:30,23985.0,23995.0,23983.4,23985.4,3640.0,14269450.0
2026-07-23 11:08:00+05:30,23984.0,23990.0,23984.0,23988.1,7345.0,14268995.0
2026-07-23 11:09:00+05:30,23985.7,23989.5,23984.7,23986.1,4745.0,14271270.0
2026-07-23 11:10:00+05:30,23986.1,23990.0,23985.0,23990.0,11180.0,14271010.0
2026-07-23 11:11:00+05:30,23990.0,23990.0,23985.4,23985.4,2990.0,14272375.0
2026-07-23 11:12:00+05:30,23985.0,23985.4,23980.0,23983.3,5720.0,14273870.0
2026-07-23 11:13:00+05:30,23984.9,23984.9,23977.6,23978.0,8645.0,14281215.0
2026-07-23 11:14:00+05:30,23978.2,23979.8,23975.0,23975.0,3120.0,14283490.0
2026-07-23 11:15:00+05:30,23975.0,23975.4,23968.0,23968.0,6630.0,14288300.0
2026-07-23 11:16:00+05:30,23968.0,23977.8,23963.0,23963.8,6565.0,14285440.0
2026-07-23 11:17:00+05:30,23965.0,23966.0,23960.8,23963.0,15925.0,14287715.0
2026-07-23 11:18:00+05:30,23964.0,23966.0,23960.1,23961.2,3640.0,14289925.0
2026-07-23 11:19:00+05:30,23965.0,23966.0,23958.6,23958.9,6695.0,14293045.0
2026-07-23 11:20:00+05:30,23958.9,23958.9,23956.0,23956.9,4290.0,14297530.0
2026-07-23 11:21:00+05:30,23958.8,23962.0,23956.5,23957.1,4355.0,14298375.0
2026-07-23 11:22:00+05:30,23956.0,23959.0,23953.1,23954.9,3445.0,14300455.0
2026-07-23 11:23:00+05:30,23959.0,23965.0,23956.5,23958.8,6045.0,14304680.0
2026-07-23 11:24:00+05:30,23959.3,23959.3,23951.1,23951.1,4225.0,14310010.0
2026-07-23 11:25:00+05:30,23951.7,23960.0,23945.0,23947.3,12805.0,14313845.0
2026-07-23 11:26:00+05:30,23947.2,23953.2,23945.8,23951.4,3380.0,14322230.0
2026-07-23 11:27:00+05:30,23951.4,23953.1,23945.4,23946.3,6370.0,14328210.0
2026-07-23 11:28:00+05:30,23950.3,23950.3,23944.8,23945.9,4810.0,14344395.0
2026-07-23 11:29:00+05:30,23946.0,23950.0,23940.0,23940.0,11310.0,14348230.0
2026-07-23 11:30:00+05:30,23940.0,23947.9,23936.0,23944.0,7085.0,14354795.0
2026-07-23 11:31:00+05:30,23939.1,23949.0,23939.1,23949.0,4030.0,14344265.0
2026-07-23 11:32:00+05:30,23949.0,23950.0,23942.0,23942.4,4290.0,14336920.0
2026-07-23 11:33:00+05:30,23944.0,23948.0,23940.5,23942.3,3120.0,14341860.0
2026-07-23 11:34:00+05:30,23945.0,23950.0,23942.1,23950.0,11050.0,14347580.0
2026-07-23 11:35:00+05:30,23944.8,23954.0,23944.8,23950.8,3250.0,14335230.0
2026-07-23 11:36:00+05:30,23953.9,23953.9,23945.0,23947.6,1365.0,14338220.0
2026-07-23 11:37:00+05:30,23943.1,23952.0,23938.0,23940.0,6890.0,14345500.0
2026-07-23 11:38:00+05:30,23942.0,23949.8,23942.0,23942.7,5525.0,14349855.0
2026-07-23 11:39:00+05:30,23942.6,23950.0,23941.0,23941.0,4160.0,14354925.0
2026-07-23 11:40:00+05:30,23940.6,23945.0,23940.6,23941.0,3055.0,14358305.0
2026-07-23 11:41:00+05:30,23940.6,23945.0,23938.9,23940.8,4615.0,14361880.0
2026-07-23 11:42:00+05:30,23941.5,23949.0,23940.0,23949.0,3055.0,14357915.0
2026-07-23 11:43:00+05:30,23949.0,23951.0,23944.4,23946.4,5330.0,14364545.0
2026-07-23 11:44:00+05:30,23946.4,23948.2,23945.1,23945.7,4420.0,14382160.0
2026-07-23 11:45:00+05:30,23945.9,23957.8,23945.0,23945.0,3900.0,14385410.0
2026-07-23 11:46:00+05:30,23945.0,23953.5,23941.9,23943.0,2145.0,14387425.0
2026-07-23 11:47:00+05:30,23950.0,23953.0,23942.7,23944.6,2405.0,14392170.0
2026-07-23 11:48:00+05:30,23945.5,23952.0,23943.9,23949.7,3900.0,14393210.0
2026-07-23 11:49:00+05:30,23944.6,23947.1,23939.6,23943.2,3575.0,14391195.0
2026-07-23 11:50:00+05:30,23941.7,23950.0,23938.9,23938.9,3185.0,14397760.0
2026-07-23 11:51:00+05:30,23940.4,23940.4,23935.0,23936.3,4940.0,14402765.0
2026-07-23 11:52:00+05:30,23940.0,23942.0,23932.2,23932.2,13130.0,14422655.0
2026-07-23 11:53:00+05:30,23932.5,23939.7,23925.6,23928.1,14040.0,14448135.0
2026-07-23 11:54:00+05:30,23929.0,23939.0,23929.0,23934.2,5720.0,14453205.0
2026-07-23 11:55:00+05:30,23933.6,23940.0,23933.2,23937.0,3185.0,14459315.0
2026-07-23 11:56:00+05:30,23937.9,23941.0,23931.1,23933.0,14040.0,14471145.0
2026-07-23 11:57:00+05:30,23934.7,23938.5,23928.0,23938.5,9880.0,14481675.0
2026-07-23 11:58:00+05:30,23931.6,23946.0,23931.1,23938.2,10335.0,14312285.0
2026-07-23 11:59:00+05:30,23938.2,23954.0,23937.6,23947.3,12740.0,14312285.0
2026-07-23 12:00:00+05:30,23952.2,23967.0,23946.8,23956.8,10010.0,14320800.0
2026-07-23 12:01:00+05:30,23956.1,23967.5,23947.0,23948.3,9685.0,14331070.0
2026-07-23 12:02:00+05:30,23948.5,23958.0,23943.0,23943.1,6045.0,14332825.0
2026-07-23 12:03:00+05:30,23944.4,23957.1,23941.3,23943.2,3445.0,14333800.0
2026-07-23 12:04:00+05:30,23942.6,23954.1,23938.6,23939.4,7215.0,14338870.0
2026-07-23 12:05:00+05:30,23939.7,23944.6,23936.2,23939.7,4875.0,14346280.0
2026-07-23 12:06:00+05:30,23940.0,23949.9,23939.4,23940.8,3380.0,14349725.0
2026-07-23 12:07:00+05:30,23940.9,23950.0,23940.4,23944.0,19045.0,14428700.0
2026-07-23 12:08:00+05:30,23943.7,23947.2,23943.7,23947.0,1300.0,14432990.0
2026-07-23 12:09:00+05:30,23947.9,23955.0,23947.9,23955.0,3705.0,14433640.0
2026-07-23 12:10:00+05:30,23953.3,23956.0,23947.1,23949.3,1690.0,14435525.0
2026-07-23 12:11:00+05:30,23949.9,23955.5,23942.0,23943.0,2145.0,14438450.0
2026-07-23 12:12:00+05:30,23942.9,23947.5,23935.1,23936.9,2405.0,14441895.0
2026-07-23 12:13:00+05:30,23936.9,23938.1,23933.3,23934.9,5915.0,14464840.0
2026-07-23 12:14:00+05:30,23934.3,23940.0,23930.0,23930.1,1820.0,14468415.0
2026-07-23 12:15:00+05:30,23929.3,23935.0,23925.0,23927.5,7345.0,14478555.0
2026-07-23 12:16:00+05:30,23928.4,23939.9,23928.4,23931.4,2080.0,14482585.0
2026-07-23 12:17:00+05:30,23932.1,23940.4,23930.0,23930.0,4030.0,14485185.0
2026-07-23 12:18:00+05:30,23930.0,23933.0,23929.3,23933.0,2405.0,14487070.0
2026-07-23 12:19:00+05:30,23928.5,23933.0,23927.7,23933.0,2405.0,14488630.0
2026-07-23 12:20:00+05:30,23930.6,23933.9,23926.5,23927.6,1300.0,14491750.0
2026-07-23 12:21:00+05:30,23926.3,23932.0,23921.3,23930.0,3380.0,14495325.0
2026-07-23 12:22:00+05:30,23923.3,23935.2,23921.5,23932.0,5850.0,14501890.0
2026-07-23 12:23:00+05:30,23925.0,23933.9,23920.0,23920.0,5200.0,14505790.0
2026-07-23 12:24:00+05:30,23920.8,23931.0,23915.2,23917.2,18200.0,14516125.0
2026-07-23 12:25:00+05:30,23924.4,23930.0,23915.0,23918.0,16575.0,14521975.0
2026-07-23 12:26:00+05:30,23918.0,23929.9,23910.0,23913.6,14105.0,14526850.0
2026-07-23 12:27:00+05:30,23910.4,23919.0,23910.0,23910.4,8125.0,14531855.0
2026-07-23 12:28:00+05:30,23911.0,23916.4,23910.2,23911.1,3900.0,14518660.0
2026-07-23 12:29:00+05:30,23911.1,23918.4,23906.0,23906.0,4225.0,14518595.0
2026-07-23 12:30:00+05:30,23905.0,23908.0,23885.0,23885.0,23595.0,14506375.0
2026-07-23 12:31:00+05:30,23885.0,23890.0,23873.7,23875.2,25545.0,14507675.0
2026-07-23 12:32:00+05:30,23875.1,23892.6,23872.0,23880.0,6565.0,14485965.0
2026-07-23 12:33:00+05:30,23886.0,23896.3,23876.0,23880.0,16835.0,14514435.0
2026-07-23 12:34:00+05:30,23888.5,23891.8,23876.1,23880.0,11375.0,14522300.0
2026-07-23 12:35:00+05:30,23880.0,23891.6,23880.0,23880.0,6955.0,14524315.0
2026-07-23 12:36:00+05:30,23879.8,23879.8,23870.0,23872.7,15275.0,14532440.0
2026-07-23 12:37:00+05:30,23880.0,23880.0,23870.5,23872.6,4355.0,14534260.0
2026-07-23 12:38:00+05:30,23870.3,23890.9,23870.0,23877.1,5265.0,14537380.0
2026-07-23 12:39:00+05:30,23880.0,23887.3,23870.7,23876.5,5330.0,14539330.0
2026-07-23 12:40:00+05:30,23873.0,23876.7,23864.4,23864.4,6695.0,14542320.0
2026-07-23 12:41:00+05:30,23863.0,23870.0,23860.3,23861.0,15860.0,14544205.0
2026-07-23 12:42:00+05:30,23861.0,23868.3,23846.0,23846.5,27105.0,14546480.0
2026-07-23 12:43:00+05:30,23850.0,23855.0,23837.5,23840.0,19760.0,14547910.0
2026-07-23 12:44:00+05:30,23846.0,23854.7,23836.1,23842.0,17485.0,14548950.0
2026-07-23 12:45:00+05:30,23842.0,23851.0,23840.0,23840.0,7930.0,14548950.0
2026-07-23 12:46:00+05:30,23841.3,23853.8,23836.0,23849.0,12480.0,14549210.0
2026-07-23 12:47:00+05:30,23842.4,23853.6,23840.0,23852.0,4355.0,14549210.0
2026-07-23 12:48:00+05:30,23853.6,23860.0,23840.1,23850.0,10075.0,14550445.0
2026-07-23 12:49:00+05:30,23849.3,23856.2,23840.0,23840.0,8515.0,14542905.0
2026-07-23 12:50:00+05:30,23841.5,23853.2,23841.5,23847.0,4875.0,14537510.0
2026-07-23 12:51:00+05:30,23843.0,23848.9,23840.0,23840.9,2860.0,14538290.0
2026-07-23 12:52:00+05:30,23841.0,23844.0,23835.0,23835.0,10140.0,14541540.0
2026-07-23 12:53:00+05:30,23835.1,23848.5,23835.0,23848.1,5070.0,14541995.0
2026-07-23 12:54:00+05:30,23840.5,23849.9,23837.3,23845.0,4680.0,14541345.0
2026-07-23 12:55:00+05:30,23846.7,23859.9,23845.0,23859.9,4095.0,14540955.0
2026-07-23 12:56:00+05:30,23859.8,23860.0,23850.1,23859.8,3315.0,14539525.0
2026-07-23 12:57:00+05:30,23859.5,23859.5,23845.0,23850.0,5655.0,14539135.0
2026-07-23 12:58:00+05:30,23850.0,23855.0,23845.3,23845.3,3510.0,14537380.0
2026-07-23 12:59:00+05:30,23854.9,23855.0,23845.2,23849.0,3380.0,14538875.0
2026-07-23 13:00:00+05:30,23846.3,23855.0,23845.0,23853.9,5200.0,14537965.0
2026-07-23 13:01:00+05:30,23845.4,23852.4,23840.0,23848.0,7605.0,14538875.0
2026-07-23 13:02:00+05:30,23840.5,23849.0,23835.0,23838.0,5460.0,14539785.0
2026-07-23 13:03:00+05:30,23836.5,23847.6,23836.0,23838.5,1625.0,14541540.0
2026-07-23 13:04:00+05:30,23843.0,23843.4,23837.2,23837.2,1885.0,14539785.0
2026-07-23 13:05:00+05:30,23837.2,23845.0,23830.0,23840.0,10335.0,14540695.0
2026-07-23 13:06:00+05:30,23835.0,23840.0,23829.9,23833.9,4420.0,14541150.0
2026-07-23 13:07:00+05:30,23837.0,23840.0,23832.2,23835.6,3185.0,14539915.0
2026-07-23 13:08:00+05:30,23835.0,23836.1,23826.0,23826.0,7345.0,14541865.0
2026-07-23 13:09:00+05:30,23826.0,23838.9,23825.0,23825.0,19045.0,14538615.0
2026-07-23 13:10:00+05:30,23826.3,23830.0,23820.0,23822.6,13390.0,14537705.0
2026-07-23 13:11:00+05:30,23823.2,23835.0,23820.2,23823.3,9230.0,14538550.0
2026-07-23 13:12:00+05:30,23824.2,23834.4,23820.0,23820.0,8190.0,14546740.0
2026-07-23 13:13:00+05:30,23830.0,23836.0,23820.0,23825.8,6435.0,14545635.0
2026-07-23 13:14:00+05:30,23830.0,23840.0,23825.0,23825.0,8775.0,14548105.0
2026-07-23 13:15:00+05:30,23825.0,23835.0,23822.0,23822.0,5590.0,14549730.0
2026-07-23 13:16:00+05:30,23822.0,23826.5,23815.0,23815.0,10660.0,14550445.0
2026-07-23 13:17:00+05:30,23815.0,23826.3,23808.6,23817.7,28730.0,14549535.0
2026-07-23 13:18:00+05:30,23825.0,23843.0,23817.7,23834.0,43420.0,14548755.0
2026-07-23 13:19:00+05:30,23837.3,23837.3,23821.6,23831.0,14560.0,14582555.0
2026-07-23 13:20:00+05:30,23831.0,23834.0,23827.8,23833.0,7865.0,14581255.0
2026-07-23 13:21:00+05:30,23833.0,23843.9,23830.9,23836.0,10075.0,14582945.0
2026-07-23 13:22:00+05:30,23836.0,23843.4,23831.1,23835.0,39780.0,14583400.0
2026-07-23 13:23:00+05:30,23835.0,23842.9,23832.9,23840.0,15860.0,14613755.0
2026-07-23 13:24:00+05:30,23840.0,23844.9,23835.0,23838.0,6500.0,14616940.0
2026-07-23 13:25:00+05:30,23838.0,23848.0,23837.9,23845.0,6955.0,14618175.0
2026-07-23 13:26:00+05:30,23845.0,23845.1,23837.0,23837.0,5070.0,14618110.0
2026-07-23 13:27:00+05:30,23837.0,23842.0,23835.2,23835.2,4160.0,14631370.0
2026-07-23 13:28:00+05:30,23842.0,23845.0,23835.0,23836.0,3510.0,14634815.0
2026-07-23 13:29:00+05:30,23836.0,23844.6,23835.0,23836.0,11050.0,14645085.0
2026-07-23 13:30:00+05:30,23836.1,23845.5,23830.1,23838.0,7670.0,14645215.0
2026-07-23 13:31:00+05:30,23830.1,23839.9,23825.0,23828.4,5525.0,14644760.0
2026-07-23 13:32:00+05:30,23828.0,23830.0,23824.3,23826.4,5005.0,14649180.0
2026-07-23 13:33:00+05:30,23828.0,23839.9,23826.9,23830.0,4550.0,14653535.0
2026-07-23 13:34:00+05:30,23830.0,23839.9,23827.0,23830.0,16770.0,14658150.0
2026-07-23 13:35:00+05:30,23827.2,23838.4,23827.1,23827.9,3120.0,14670695.0
2026-07-23 13:36:00+05:30,23828.0,23835.0,23826.7,23827.2,3445.0,14675180.0
2026-07-23 13:37:00+05:30,23827.2,23849.7,23826.9,23840.0,9165.0,14674855.0
2026-07-23 13:38:00+05:30,23840.8,23857.9,23840.0,23857.0,17485.0,14674465.0
2026-07-23 13:39:00+05:30,23856.6,23857.6,23842.6,23844.2,14105.0,14671280.0
2026-07-23 13:40:00+05:30,23844.2,23859.7,23844.1,23855.7,10400.0,14671280.0
2026-07-23 13:41:00+05:30,23855.3,23859.6,23855.0,23859.0,2405.0,14674010.0
2026-07-23 13:42:00+05:30,23858.2,23859.7,23848.9,23850.5,8255.0,14676545.0
2026-07-23 13:43:00+05:30,23850.2,23854.8,23846.1,23846.1,1950.0,14680055.0
2026-07-23 13:44:00+05:30,23845.6,23852.3,23843.0,23843.0,3770.0,14682070.0
2026-07-23 13:45:00+05:30,23842.9,23854.0,23842.9,23847.6,5460.0,14678885.0
2026-07-23 13:46:00+05:30,23850.0,23855.0,23845.2,23849.4,4160.0,14684085.0
2026-07-23 13:47:00+05:30,23850.6,23862.0,23850.6,23859.4,10660.0,14693380.0
2026-07-23 13:48:00+05:30,23860.8,23860.8,23855.0,23860.0,6175.0,14698190.0
2026-07-23 13:49:00+05:30,23856.9,23859.8,23851.6,23856.5,3510.0,14700660.0
2026-07-23 13:50:00+05:30,23856.5,23862.0,23855.9,23857.6,5915.0,14694485.0
2026-07-23 13:51:00+05:30,23862.5,23865.0,23858.5,23860.0,4290.0,14697085.0
2026-07-23 13:52:00+05:30,23860.2,23865.0,23855.8,23857.0,3770.0,14697540.0
2026-07-23 13:53:00+05:30,23857.0,23861.0,23851.2,23851.4,5005.0,14694550.0
2026-07-23 13:54:00+05:30,23853.5,23855.0,23850.1,23850.5,4355.0,14709565.0
2026-07-23 13:55:00+05:30,23850.5,23855.7,23848.9,23848.9,2470.0,14703390.0
2026-07-23 13:56:00+05:30,23849.4,23858.0,23847.1,23854.7,12805.0,14710020.0
2026-07-23 13:57:00+05:30,23856.0,23860.9,23854.4,23859.0,8580.0,14706835.0
2026-07-23 13:58:00+05:30,23858.8,23860.1,23853.5,23853.5,2665.0,14702610.0
2026-07-23 13:59:00+05:30,23853.5,23860.0,23852.9,23860.0,5980.0,14706575.0
2026-07-23 14:00:00+05:30,23858.4,23860.0,23853.5,23853.5,5655.0,14697670.0
2026-07-23 14:01:00+05:30,23853.5,23861.7,23853.5,23858.4,3055.0,14699685.0
2026-07-23 14:02:00+05:30,23862.0,23862.0,23850.1,23852.7,4160.0,14705080.0
2026-07-23 14:03:00+05:30,23855.0,23856.4,23850.2,23853.3,2730.0,14709175.0
2026-07-23 14:04:00+05:30,23853.1,23862.0,23853.1,23853.8,2600.0,14704820.0
2026-07-23 14:05:00+05:30,23854.3,23862.0,23854.3,23862.0,325.0,14703585.0
2026-07-23 14:06:00+05:30,23856.0,23860.3,23850.5,23852.3,2340.0,14705665.0
2026-07-23 14:07:00+05:30,23852.5,23859.5,23852.5,23854.2,3965.0,14705925.0
2026-07-23 14:08:00+05:30,23854.1,23858.1,23853.2,23853.2,2730.0,14707615.0
2026-07-23 14:09:00+05:30,23853.1,23858.0,23847.6,23847.9,3315.0,14698645.0
2026-07-23 14:10:00+05:30,23847.8,23850.0,23844.6,23844.9,3445.0,14712880.0
2026-07-23 14:11:00+05:30,23844.7,23850.0,23843.9,23850.0,1690.0,14716780.0
2026-07-23 14:12:00+05:30,23850.0,23856.0,23847.1,23850.1,2600.0,14713075.0
2026-07-23 14:13:00+05:30,23855.0,23856.9,23846.4,23846.4,2080.0,14716260.0
2026-07-23 14:14:00+05:30,23846.9,23849.7,23842.4,23842.4,3965.0,14717495.0
2026-07-23 14:15:00+05:30,23845.0,23851.9,23841.8,23844.5,8710.0,14722695.0
2026-07-23 14:16:00+05:30,23844.4,23852.0,23844.4,23851.8,4550.0,14727180.0
2026-07-23 14:17:00+05:30,23851.7,23859.6,23850.7,23854.0,4680.0,14730885.0
2026-07-23 14:18:00+05:30,23854.0,23856.7,23850.9,23851.4,2470.0,14733485.0
2026-07-23 14:19:00+05:30,23851.4,23853.2,23846.4,23846.8,2730.0,14735240.0
2026-07-23 14:20:00+05:30,23846.7,23856.9,23846.6,23856.9,975.0,14738815.0
2026-07-23 14:21:00+05:30,23856.4,23860.0,23850.0,23860.0,6370.0,14740050.0
2026-07-23 14:22:00+05:30,23856.0,23862.0,23855.7,23857.9,2925.0,14747460.0
2026-07-23 14:23:00+05:30,23857.5,23867.2,23857.5,23865.0,9815.0,14754870.0
2026-07-23 14:24:00+05:30,23865.0,23868.6,23862.4,23863.9,10400.0,14763125.0
2026-07-23 14:25:00+05:30,23863.4,23866.3,23860.0,23860.0,5135.0,14768975.0
2026-07-23 14:26:00+05:30,23860.0,23869.4,23859.4,23867.1,9750.0,14774565.0
2026-07-23 14:27:00+05:30,23864.9,23866.3,23861.9,23862.4,6760.0,14779635.0
2026-07-23 14:28:00+05:30,23862.0,23869.6,23859.4,23859.7,10205.0,14785810.0
2026-07-23 14:29:00+05:30,23862.0,23862.0,23859.9,23859.9,1235.0,14789255.0
2026-07-23 14:30:00+05:30,23859.6,23861.0,23855.6,23855.6,4095.0,14792310.0
2026-07-23 14:31:00+05:30,23855.0,23860.0,23853.3,23853.3,2210.0,14797315.0
2026-07-23 14:32:00+05:30,23853.3,23859.9,23853.3,23859.9,2405.0,14794455.0
2026-07-23 14:33:00+05:30,23855.9,23894.0,23855.5,23885.5,49140.0,14813175.0
2026-07-23 14:34:00+05:30,23884.4,23895.0,23881.5,23895.0,12675.0,14817335.0
2026-07-23 14:35:00+05:30,23894.4,23898.3,23886.4,23888.8,12740.0,14802710.0
2026-07-23 14:36:00+05:30,23889.5,23893.0,23880.4,23881.0,6565.0,14810055.0
2026-07-23 14:37:00+05:30,23881.0,23887.2,23863.9,23863.9,8190.0,14814735.0
2026-07-23 14:38:00+05:30,23864.2,23868.8,23853.1,23853.1,3380.0,14822470.0
2026-07-23 14:39:00+05:30,23853.0,23856.5,23850.5,23852.0,1235.0,14826695.0
2026-07-23 14:40:00+05:30,23852.3,23853.0,23846.0,23852.0,3380.0,14830920.0
2026-07-23 14:41:00+05:30,23851.5,23851.6,23841.9,23842.4,1950.0,14828060.0
2026-07-23 14:42:00+05:30,23842.4,23845.3,23835.0,23839.7,2860.0,14831310.0
2026-07-23 14:43:00+05:30,23836.5,23841.0,23827.4,23837.9,9620.0,14828385.0
2026-07-23 14:44:00+05:30,23843.9,23843.9,23835.9,23835.9,910.0,14832350.0
2026-07-23 14:45:00+05:30,23835.9,23835.9,23832.0,23832.1,2275.0,14835470.0
2026-07-23 14:46:00+05:30,23835.8,23839.9,23828.8,23828.8,3120.0,14839760.0
2026-07-23 14:47:00+05:30,23829.5,23832.0,23827.7,23829.0,7605.0,14847950.0
2026-07-23 14:48:00+05:30,23829.0,23830.0,23824.0,23825.0,7540.0,14852565.0
2026-07-23 14:49:00+05:30,23825.6,23825.6,23820.0,23822.0,8125.0,14857895.0
2026-07-23 14:50:00+05:30,23825.0,23825.8,23820.0,23820.0,6565.0,14874860.0
2026-07-23 14:51:00+05:30,23824.9,23825.0,23811.6,23821.6,21060.0,14887145.0
2026-07-23 14:52:00+05:30,23811.5,23827.4,23811.1,23826.8,8710.0,14895920.0
2026-07-23 14:53:00+05:30,23826.8,23829.9,23815.5,23819.8,4940.0,14903720.0
2026-07-23 14:54:00+05:30,23824.4,23828.9,23823.4,23825.0,2730.0,14910675.0
2026-07-23 14:55:00+05:30,23828.8,23829.0,23825.0,23829.0,1820.0,14911520.0
2026-07-23 14:56:00+05:30,23829.0,23832.6,23825.0,23825.3,7215.0,14914380.0
2026-07-23 14:57:00+05:30,23828.0,23837.7,23825.9,23830.9,2210.0,14916590.0
2026-07-23 14:58:00+05:30,23837.0,23840.0,23833.9,23833.9,3120.0,14915615.0
2026-07-23 14:59:00+05:30,23836.2,23843.0,23831.4,23838.4,8775.0,14924715.0
2026-07-23 15:00:00+05:30,23842.0,23850.0,23830.4,23842.9,10335.0,14927380.0
2026-07-23 15:01:00+05:30,23845.8,23855.0,23845.8,23854.1,14300.0,14936675.0
2026-07-23 15:02:00+05:30,23853.6,23869.9,23851.0,23869.3,11505.0,14959035.0
2026-07-23 15:03:00+05:30,23868.0,23869.9,23856.1,23856.4,9165.0,14964950.0
2026-07-23 15:04:00+05:30,23857.0,23859.0,23851.9,23854.0,20930.0,14969760.0
2026-07-23 15:05:00+05:30,23857.8,23861.9,23855.5,23859.5,6565.0,14985945.0
2026-07-23 15:06:00+05:30,23859.7,23864.0,23859.7,23861.9,6955.0,14990625.0
2026-07-23 15:07:00+05:30,23861.9,23870.0,23860.0,23868.3,9425.0,14997710.0
2026-07-23 15:08:00+05:30,23869.0,23878.3,23867.2,23876.0,14885.0,14998490.0
2026-07-23 15:09:00+05:30,23875.7,23880.0,23874.6,23875.7,11505.0,15003560.0
2026-07-23 15:10:00+05:30,23877.0,23877.7,23867.4,23867.4,4485.0,15003040.0
2026-07-23 15:11:00+05:30,23870.0,23875.0,23867.2,23874.8,18525.0,15011685.0
2026-07-23 15:12:00+05:30,23874.8,23875.0,23867.3,23867.4,8125.0,15015910.0
2026-07-23 15:13:00+05:30,23869.8,23875.9,23868.9,23873.0,12025.0,15021435.0
2026-07-23 15:14:00+05:30,23872.9,23880.6,23872.4,23879.8,27755.0,15025465.0
2026-07-23 15:15:00+05:30,23877.4,23884.0,23871.5,23871.5,20800.0,15045680.0
2026-07-23 15:16:00+05:30,23874.6,23877.9,23869.2,23871.7,12480.0,15040480.0
2026-07-23 15:17:00+05:30,23871.5,23874.9,23868.8,23870.1,7410.0,14988935.0
2026-07-23 15:18:00+05:30,23872.0,23881.7,23868.0,23881.7,18395.0,14992185.0
2026-07-23 15:19:00+05:30,23881.3,23881.3,23876.6,23877.4,5525.0,14984580.0
2026-07-23 15:20:00+05:30,23876.6,23882.0,23875.3,23878.7,14950.0,14982890.0
2026-07-23 15:21:00+05:30,23878.5,23880.7,23877.6,23879.4,23595.0,14982175.0
2026-07-23 15:22:00+05:30,23878.8,23879.4,23875.2,23877.4,18850.0,14996085.0
2026-07-23 15:23:00+05:30,23877.5,23884.5,23877.0,23884.5,23985.0,15006485.0
2026-07-23 15:24:00+05:30,23884.6,23889.5,23884.0,23888.8,15795.0,15008240.0
2026-07-23 15:25:00+05:30,23889.5,23892.5,23887.8,23889.6,24570.0,15011750.0
2026-07-23 15:26:00+05:30,23889.4,23890.0,23886.6,23888.8,30030.0,15019095.0
2026-07-23 15:27:00+05:30,23888.4,23890.0,23886.9,23888.1,10400.0,15030470.0
2026-07-23 15:28:00+05:30,23888.5,23888.6,23885.0,23885.1,14040.0,15030600.0
2026-07-23 15:29:00+05:30,23885.2,23889.0,23885.0,23886.0,23270.0,15020200.0
2026-07-24 09:15:00+05:30,23700.0,23739.9,23690.1,23737.6,78650.0,11808615.0
2026-07-24 09:16:00+05:30,23729.9,23740.6,23724.0,23740.6,27820.0,11802180.0
2026-07-24 09:17:00+05:30,23739.1,23748.0,23734.0,23745.0,28795.0,11800880.0
2026-07-24 09:18:00+05:30,23739.0,23755.0,23739.0,23750.3,34385.0,11809200.0
2026-07-24 09:19:00+05:30,23750.0,23760.0,23750.0,23759.0,19565.0,11815830.0
2026-07-24 09:20:00+05:30,23759.9,23774.3,23750.0,23772.9,17680.0,11819535.0
2026-07-24 09:21:00+05:30,23770.0,23773.0,23756.6,23762.8,10985.0,11825060.0
2026-07-24 09:22:00+05:30,23762.8,23765.0,23755.5,23759.8,11960.0,11831950.0
2026-07-24 09:23:00+05:30,23760.1,23769.0,23743.1,23756.5,43940.0,11837215.0
2026-07-24 09:24:00+05:30,23744.7,23755.0,23736.1,23743.0,20735.0,11860680.0
2026-07-24 09:25:00+05:30,23736.1,23746.9,23724.0,23724.0,42250.0,11869975.0
2026-07-24 09:26:00+05:30,23725.0,23734.9,23720.0,23725.0,18590.0,11872315.0
2026-07-24 09:27:00+05:30,23723.0,23729.7,23710.0,23715.0,31460.0,11878750.0
2026-07-24 09:28:00+05:30,23715.0,23725.0,23710.0,23711.0,18980.0,11882455.0
2026-07-24 09:29:00+05:30,23710.1,23730.0,23705.3,23715.9,25740.0,11884600.0
2026-07-24 09:30:00+05:30,23728.8,23736.6,23715.8,23723.0,16705.0,11878100.0
2026-07-24 09:31:00+05:30,23723.0,23732.0,23709.0,23709.4,5070.0,11870495.0
2026-07-24 09:32:00+05:30,23710.3,23719.0,23703.8,23711.8,12350.0,11872055.0
2026-07-24 09:33:00+05:30,23711.6,23720.0,23710.7,23713.8,8125.0,11877060.0
2026-07-24 09:34:00+05:30,23716.0,23731.9,23703.0,23707.0,6240.0,11877515.0
2026-07-24 09:35:00+05:30,23703.0,23724.2,23701.6,23710.0,9620.0,11878945.0
2026-07-24 09:36:00+05:30,23710.0,23717.6,23692.3,23707.0,23985.0,11879855.0
2026-07-24 09:37:00+05:30,23705.4,23709.1,23688.4,23695.3,25675.0,11887460.0
2026-07-24 09:38:00+05:30,23695.3,23705.0,23685.7,23690.0,20280.0,11899095.0
2026-07-24 09:39:00+05:30,23688.2,23701.8,23685.5,23687.4,14235.0,11899680.0
2026-07-24 09:40:00+05:30,23687.0,23704.9,23687.0,23691.1,21320.0,11904035.0
2026-07-24 09:41:00+05:30,23695.7,23700.0,23685.7,23700.0,17810.0,11904750.0
2026-07-24 09:42:00+05:30,23691.1,23701.1,23680.0,23685.0,22880.0,11899810.0
2026-07-24 09:43:00+05:30,23680.0,23688.1,23670.0,23670.0,37830.0,11899810.0
2026-07-24 09:44:00+05:30,23683.0,23690.0,23670.0,23689.3,18395.0,11905400.0
2026-07-24 09:45:00+05:30,23676.4,23694.7,23673.1,23685.0,27235.0,11912940.0
2026-07-24 09:46:00+05:30,23690.0,23697.1,23673.0,23673.0,12480.0,11921585.0
2026-07-24 09:47:00+05:30,23673.9,23684.7,23670.0,23675.0,7345.0,11919375.0
2026-07-24 09:48:00+05:30,23683.9,23684.0,23668.1,23672.0,8255.0,11920285.0
2026-07-24 09:49:00+05:30,23672.0,23683.8,23667.0,23669.6,11440.0,11915670.0
2026-07-24 09:50:00+05:30,23680.9,23680.9,23665.6,23675.0,23725.0,11915670.0
2026-07-24 09:51:00+05:30,23674.7,23680.9,23666.0,23669.1,12545.0,11911185.0
2026-07-24 09:52:00+05:30,23668.5,23674.4,23656.0,23665.0,27040.0,11908780.0
2026-07-24 09:53:00+05:30,23666.5,23688.9,23665.1,23688.9,16965.0,11901760.0
2026-07-24 09:54:00+05:30,23685.0,23691.0,23680.0,23688.4,15665.0,11901695.0
2026-07-24 09:55:00+05:30,23688.5,23691.0,23685.5,23687.5,7020.0,11902085.0
2026-07-24 09:56:00+05:30,23687.5,23693.0,23687.5,23690.3,19890.0,11900785.0
2026-07-24 09:57:00+05:30,23688.0,23705.0,23685.0,23695.0,15535.0,11884470.0
2026-07-24 09:58:00+05:30,23695.0,23702.4,23687.5,23691.5,11440.0,11879790.0
2026-07-24 09:59:00+05:30,23694.4,23694.5,23675.9,23676.5,5330.0,11877060.0
2026-07-24 10:00:00+05:30,23676.5,23685.2,23671.5,23677.4,10465.0,11879790.0
2026-07-24 10:01:00+05:30,23677.9,23680.0,23669.0,23670.8,7085.0,11861525.0
2026-07-24 10:02:00+05:30,23670.4,23675.1,23655.5,23655.5,20345.0,11861590.0
2026-07-24 10:03:00+05:30,23655.0,23666.0,23652.0,23653.3,18200.0,11867375.0
2026-07-24 10:04:00+05:30,23654.4,23670.1,23653.2,23667.9,14365.0,11870235.0
2026-07-24 10:05:00+05:30,23666.7,23669.4,23656.6,23665.0,9035.0,11871535.0
2026-07-24 10:06:00+05:30,23662.3,23665.0,23650.6,23652.5,11895.0,11869585.0
2026-07-24 10:07:00+05:30,23652.8,23664.8,23650.2,23656.1,6240.0,11868220.0
2026-07-24 10:08:00+05:30,23660.0,23670.0,23656.1,23660.0,4550.0,11869260.0
2026-07-24 10:09:00+05:30,23665.3,23665.3,23652.0,23652.0,7085.0,11869585.0
2026-07-24 10:10:00+05:30,23659.6,23664.1,23650.0,23650.0,11180.0,11866205.0
2026-07-24 10:11:00+05:30,23650.0,23656.6,23650.0,23653.3,7215.0,11863345.0
2026-07-24 10:12:00+05:30,23656.2,23656.2,23650.0,23650.0,12675.0,11864385.0
2026-07-24 10:13:00+05:30,23652.8,23655.0,23650.0,23650.0,5005.0,11863020.0
2026-07-24 10:14:00+05:30,23650.0,23650.3,23640.0,23643.6,15080.0,11860615.0
2026-07-24 10:15:00+05:30,23645.0,23658.3,23640.1,23655.0,9555.0,11856585.0
2026-07-24 10:16:00+05:30,23650.0,23664.1,23650.0,23660.0,5850.0,11855805.0
2026-07-24 10:17:00+05:30,23662.9,23668.3,23660.0,23665.0,4160.0,11854245.0
2026-07-24 10:18:00+05:30,23665.5,23667.7,23655.0,23655.0,5070.0,11852295.0
2026-07-24 10:19:00+05:30,23656.0,23658.4,23647.4,23650.0,5135.0,11851775.0
2026-07-24 10:20:00+05:30,23654.1,23658.7,23651.0,23658.7,2340.0,11851450.0
2026-07-24 10:21:00+05:30,23658.6,23658.6,23650.0,23650.5,2925.0,11851970.0
2026-07-24 10:22:00+05:30,23653.1,23653.1,23647.7,23648.0,4485.0,11852360.0
2026-07-24 10:23:00+05:30,23648.0,23654.7,23648.0,23654.7,3965.0,11846965.0
2026-07-24 10:24:00+05:30,23654.7,23664.9,23654.7,23660.8,5135.0,11835070.0
2026-07-24 10:25:00+05:30,23663.9,23665.0,23655.9,23655.9,4550.0,11834745.0
2026-07-24 10:26:00+05:30,23655.0,23660.3,23650.3,23655.0,3250.0,11834420.0
2026-07-24 10:27:00+05:30,23655.0,23671.5,23652.4,23660.0,54275.0,11835135.0
2026-07-24 10:28:00+05:30,23660.0,23666.4,23658.0,23664.0,5265.0,11797370.0
2026-07-24 10:29:00+05:30,23664.0,23665.0,23661.8,23663.8,6110.0,11795420.0
2026-07-24 10:30:00+05:30,23663.8,23664.0,23660.0,23660.0,5655.0,11795680.0
2026-07-24 10:31:00+05:30,23660.0,23663.7,23654.0,23654.0,4680.0,11795550.0
2026-07-24 10:32:00+05:30,23653.9,23658.0,23650.0,23650.0,6110.0,11798280.0
2026-07-24 10:33:00+05:30,23651.9,23668.0,23650.0,23661.5,5655.0,11797955.0
2026-07-24 10:34:00+05:30,23665.0,23666.9,23649.0,23649.0,5265.0,11794965.0
2026-07-24 10:35:00+05:30,23649.1,23663.3,23647.8,23651.3,11245.0,11788920.0
2026-07-24 10:36:00+05:30,23651.3,23665.0,23650.0,23660.0,3575.0,11790350.0
2026-07-24 10:37:00+05:30,23660.0,23675.9,23659.1,23659.1,7800.0,11789375.0
2026-07-24 10:38:00+05:30,23658.7,23669.9,23658.4,23665.0,6370.0,11790415.0
2026-07-24 10:39:00+05:30,23670.0,23686.8,23670.0,23673.4,9360.0,11788530.0
2026-07-24 10:40:00+05:30,23685.5,23685.5,23666.6,23680.1,7930.0,11790025.0
2026-07-24 10:41:00+05:30,23670.0,23680.5,23668.0,23671.2,6500.0,11791910.0
2026-07-24 10:42:00+05:30,23678.0,23685.0,23670.0,23685.0,4225.0,11792495.0
2026-07-24 10:43:00+05:30,23677.4,23689.0,23674.1,23688.9,7020.0,11794770.0
2026-07-24 10:44:00+05:30,23679.0,23688.8,23671.1,23673.9,4095.0,11789180.0
2026-07-24 10:45:00+05:30,23672.5,23688.7,23671.8,23685.0,4420.0,11781055.0
2026-07-24 10:46:00+05:30,23677.0,23687.0,23675.5,23685.0,10595.0,11783135.0
2026-07-24 10:47:00+05:30,23684.9,23692.0,23677.3,23678.7,9750.0,11785410.0
2026-07-24 10:48:00+05:30,23682.0,23685.0,23680.0,23685.0,2015.0,11786450.0
2026-07-24 10:49:00+05:30,23680.0,23685.0,23675.0,23683.1,6630.0,11783720.0
2026-07-24 10:50:00+05:30,23683.2,23687.9,23680.0,23681.8,3055.0,11782290.0
2026-07-24 10:51:00+05:30,23685.0,23688.8,23673.9,23680.0,3510.0,11783070.0
2026-07-24 10:52:00+05:30,23680.0,23685.0,23671.0,23671.0,6890.0,11784500.0
2026-07-24 10:53:00+05:30,23671.0,23683.5,23668.7,23679.6,9945.0,11787165.0
2026-07-24 10:54:00+05:30,23670.6,23680.0,23664.4,23678.9,4160.0,11784175.0
2026-07-24 10:55:00+05:30,23666.3,23679.0,23656.8,23660.0,10010.0,11786840.0
2026-07-24 10:56:00+05:30,23656.9,23673.8,23655.8,23669.9,8450.0,11797305.0
2026-07-24 10:57:00+05:30,23658.4,23670.0,23656.8,23660.0,2275.0,11798150.0
2026-07-24 10:58:00+05:30,23655.2,23668.9,23652.0,23652.0,4550.0,11799255.0
2026-07-24 10:59:00+05:30,23652.5,23656.6,23652.0,23655.4,3380.0,11797500.0
2026-07-24 11:00:00+05:30,23655.6,23660.0,23650.0,23650.7,5070.0,11797110.0
2026-07-24 11:01:00+05:30,23655.0,23655.0,23650.2,23652.0,9880.0,11800230.0
2026-07-24 11:02:00+05:30,23652.4,23659.0,23652.1,23659.0,8190.0,11800100.0
2026-07-24 11:03:00+05:30,23659.0,23660.0,23652.0,23660.0,2665.0,11801985.0
2026-07-24 11:04:00+05:30,23651.0,23661.0,23650.1,23660.2,3770.0,11798605.0
2026-07-24 11:05:00+05:30,23664.9,23668.0,23655.1,23655.1,1560.0,11798020.0
2026-07-24 11:06:00+05:30,23655.6,23667.5,23654.9,23655.2,2210.0,11798345.0
2026-07-24 11:07:00+05:30,23656.2,23665.3,23656.2,23665.3,715.0,11799320.0
2026-07-24 11:08:00+05:30,23659.9,23668.5,23656.1,23656.1,4680.0,11798280.0
2026-07-24 11:09:00+05:30,23667.7,23668.0,23656.1,23666.0,1885.0,11800100.0
2026-07-24 11:10:00+05:30,23663.6,23669.7,23656.1,23660.0,4680.0,11797240.0
2026-07-24 11:11:00+05:30,23668.3,23668.3,23656.1,23656.5,1365.0,11797370.0
2026-07-24 11:12:00+05:30,23656.1,23661.1,23651.0,23654.4,3705.0,11797110.0
2026-07-24 11:13:00+05:30,23655.4,23662.4,23655.0,23655.0,715.0,11797565.0
2026-07-24 11:14:00+05:30,23662.2,23670.0,23655.8,23656.0,2925.0,11797175.0
2026-07-24 11:15:00+05:30,23656.0,23664.4,23655.0,23663.5,1690.0,11795940.0
2026-07-24 11:16:00+05:30,23663.5,23669.9,23659.0,23660.0,1495.0,11795680.0
2026-07-24 11:17:00+05:30,23665.0,23670.0,23661.0,23670.0,4680.0,11794640.0
2026-07-24 11:18:00+05:30,23670.0,23680.0,23669.0,23680.0,2600.0,11792430.0
2026-07-24 11:19:00+05:30,23676.7,23685.0,23675.6,23683.1,6045.0,11792690.0
2026-07-24 11:20:00+05:30,23683.1,23696.0,23681.1,23695.0,8515.0,11790090.0
2026-07-24 11:21:00+05:30,23698.0,23699.5,23684.8,23688.0,4745.0,11790025.0
2026-07-24 11:22:00+05:30,23688.0,23698.9,23685.8,23698.0,2470.0,11789570.0
2026-07-24 11:23:00+05:30,23698.9,23705.0,23695.0,23701.5,8775.0,11788595.0
2026-07-24 11:24:00+05:30,23699.0,23705.0,23699.0,23699.0,4290.0,11790480.0
2026-07-24 11:25:00+05:30,23699.0,23704.6,23697.3,23697.3,5200.0,11790675.0
2026-07-24 11:26:00+05:30,23699.0,23701.8,23689.4,23700.0,6305.0,11790220.0
2026-07-24 11:27:00+05:30,23694.4,23701.0,23689.4,23691.0,1560.0,11789700.0
2026-07-24 11:28:00+05:30,23691.0,23695.0,23683.0,23685.0,2860.0,11788075.0
2026-07-24 11:29:00+05:30,23685.0,23693.0,23680.0,23680.0,3640.0,11783135.0
2026-07-24 11:30:00+05:30,23680.0,23684.9,23667.7,23684.5,7150.0,11780145.0
2026-07-24 11:31:00+05:30,23680.1,23683.5,23676.0,23676.8,520.0,11780210.0
2026-07-24 11:32:00+05:30,23676.0,23683.2,23676.0,23676.1,2145.0,11777870.0
2026-07-24 11:33:00+05:30,23675.1,23680.0,23671.9,23673.3,1690.0,11776635.0
2026-07-24 11:34:00+05:30,23675.0,23680.0,23672.2,23673.3,1495.0,11775725.0
2026-07-24 11:35:00+05:30,23675.1,23690.0,23672.4,23690.0,4810.0,11773060.0
2026-07-24 11:36:00+05:30,23690.0,23690.0,23681.0,23681.0,1235.0,11772540.0
2026-07-24 11:37:00+05:30,23681.0,23689.8,23680.0,23689.5,1430.0,11772020.0
2026-07-24 11:38:00+05:30,23689.9,23693.0,23683.1,23686.6,1560.0,11767730.0
2026-07-24 11:39:00+05:30,23692.0,23692.0,23687.2,23690.5,2405.0,11767080.0
2026-07-24 11:40:00+05:30,23690.5,23691.9,23685.1,23690.0,3380.0,11766690.0
2026-07-24 11:41:00+05:30,23691.7,23692.0,23689.2,23692.0,1430.0,11766690.0
2026-07-24 11:42:00+05:30,23692.0,23698.5,23690.0,23696.4,4940.0,11762205.0
2026-07-24 11:43:00+05:30,23696.7,23709.0,23695.6,23709.0,10205.0,11758695.0
2026-07-24 11:44:00+05:30,23706.0,23709.0,23696.7,23707.0,4485.0,11758760.0
2026-07-24 11:45:00+05:30,23706.6,23715.0,23700.6,23710.4,6110.0,11758045.0
2026-07-24 11:46:00+05:30,23705.0,23713.0,23703.0,23709.0,8060.0,11755835.0
2026-07-24 11:47:00+05:30,23712.0,23724.0,23709.0,23715.0,11895.0,11750895.0
2026-07-24 11:48:00+05:30,23715.0,23723.9,23713.4,23714.0,7280.0,11743680.0
2026-07-24 11:49:00+05:30,23718.6,23724.0,23714.0,23720.0,4485.0,11743485.0
2026-07-24 11:50:00+05:30,23717.0,23736.0,23717.0,23727.5,13585.0,11740235.0
2026-07-24 11:51:00+05:30,23733.8,23736.9,23715.6,23725.0,6240.0,11742055.0
2026-07-24 11:52:00+05:30,23722.0,23733.3,23716.9,23721.0,8125.0,11746930.0
2026-07-24 11:53:00+05:30,23721.0,23735.0,23721.0,23724.1,8190.0,11741275.0
2026-07-24 11:54:00+05:30,23724.2,23731.9,23720.0,23720.0,4875.0,11741665.0
2026-07-24 11:55:00+05:30,23720.9,23727.1,23710.0,23711.2,7150.0,11741990.0
2026-07-24 11:56:00+05:30,23713.5,23727.0,23713.5,23725.0,8450.0,11744590.0
2026-07-24 11:57:00+05:30,23727.0,23731.9,23718.0,23724.0,6045.0,11743810.0
2026-07-24 11:58:00+05:30,23720.0,23725.0,23716.3,23716.3,1365.0,11741535.0
2026-07-24 11:59:00+05:30,23715.7,23716.0,23710.0,23716.0,1560.0,11740820.0
2026-07-24 12:00:00+05:30,23720.0,23724.0,23704.7,23705.9,3835.0,11740690.0
2026-07-24 12:01:00+05:30,23705.9,23717.0,23705.9,23709.4,1820.0,11744915.0
2026-07-24 12:02:00+05:30,23715.0,23715.0,23710.0,23714.0,3055.0,11744720.0
2026-07-24 12:03:00+05:30,23711.4,23725.0,23711.4,23720.1,4550.0,11742770.0
2026-07-24 12:04:00+05:30,23720.1,23740.0,23718.4,23739.7,11505.0,11743095.0
2026-07-24 12:05:00+05:30,23740.0,23743.3,23725.7,23732.4,13650.0,11745370.0
2026-07-24 12:06:00+05:30,23735.0,23740.0,23728.0,23732.6,4680.0,11746865.0
2026-07-24 12:07:00+05:30,23732.6,23740.0,23725.0,23725.0,8905.0,11751155.0
2026-07-24 12:08:00+05:30,23736.5,23739.0,23723.9,23739.0,2210.0,11744850.0
2026-07-24 12:09:00+05:30,23738.0,23738.0,23726.6,23730.0,10400.0,11752000.0
2026-07-24 12:10:00+05:30,23730.0,23732.0,23722.4,23722.8,18525.0,11767210.0
2026-07-24 12:11:00+05:30,23722.8,23725.0,23722.0,23723.0,2925.0,11768510.0
2026-07-24 12:12:00+05:30,23723.5,23727.0,23723.4,23725.0,1040.0,11768510.0
2026-07-24 12:13:00+05:30,23727.0,23727.0,23717.3,23726.0,2080.0,11769290.0
2026-07-24 12:14:00+05:30,23724.0,23724.0,23715.0,23715.0,2145.0,11756615.0
2026-07-24 12:15:00+05:30,23715.0,23726.0,23714.7,23720.4,3835.0,11756615.0
2026-07-24 12:16:00+05:30,23720.7,23735.0,23720.7,23724.0,2340.0,11755965.0
2026-07-24 12:17:00+05:30,23724.0,23735.0,23724.0,23734.0,2015.0,11756290.0
2026-07-24 12:18:00+05:30,23734.0,23739.0,23726.2,23737.4,7215.0,11757135.0
2026-07-24 12:19:00+05:30,23737.1,23740.0,23729.6,23731.0,3380.0,11754860.0
2026-07-24 12:20:00+05:30,23731.0,23740.0,23729.9,23733.7,3900.0,11753495.0
2026-07-24 12:21:00+05:30,23740.0,23745.0,23734.5,23736.0,11895.0,11753040.0
2026-07-24 12:22:00+05:30,23744.3,23744.3,23730.2,23738.6,3705.0,11756550.0
2026-07-24 12:23:00+05:30,23741.9,23754.0,23741.9,23754.0,16250.0,11757850.0
2026-07-24 12:24:00+05:30,23749.4,23770.0,23749.4,23765.5,22880.0,11755250.0
2026-07-24 12:25:00+05:30,23769.0,23774.9,23760.0,23773.9,18330.0,11746670.0
2026-07-24 12:26:00+05:30,23773.9,23790.6,23769.4,23782.0,28210.0,11742705.0
2026-07-24 12:27:00+05:30,23781.5,23792.0,23780.6,23785.8,8775.0,11741665.0
2026-07-24 12:28:00+05:30,23785.8,23822.9,23783.9,23818.5,68510.0,11741990.0
2026-07-24 12:29:00+05:30,23822.8,23824.1,23804.0,23807.0,20995.0,11756225.0
2026-07-24 12:30:00+05:30,23808.0,23823.9,23806.0,23813.1,17940.0,11759540.0
2026-07-24 12:31:00+05:30,23815.0,23833.0,23813.3,23819.5,18850.0,11762465.0
2026-07-24 12:32:00+05:30,23819.8,23829.0,23817.3,23818.0,8905.0,11759800.0
2026-07-24 12:33:00+05:30,23817.8,23820.0,23800.6,23814.0,12740.0,11760645.0
2026-07-24 12:34:00+05:30,23803.5,23810.7,23788.4,23795.8,13000.0,11762075.0
2026-07-24 12:35:00+05:30,23799.9,23809.0,23791.0,23791.0,5850.0,11763245.0
2026-07-24 12:36:00+05:30,23799.0,23809.2,23791.1,23805.0,10465.0,11761750.0
2026-07-24 12:37:00+05:30,23806.3,23807.0,23788.0,23799.0,12285.0,11733410.0
2026-07-24 12:38:00+05:30,23798.9,23798.9,23780.0,23784.1,5980.0,11742445.0
2026-07-24 12:39:00+05:30,23789.9,23805.0,23783.8,23800.6,5655.0,11744590.0
2026-07-24 12:40:00+05:30,23800.6,23808.0,23798.1,23808.0,6175.0,11745435.0
2026-07-24 12:41:00+05:30,23808.0,23814.7,23801.5,23810.5,9555.0,11746995.0
2026-07-24 12:42:00+05:30,23805.1,23814.7,23800.5,23806.7,3705.0,11749205.0
2026-07-24 12:43:00+05:30,23805.1,23825.0,23805.1,23820.0,13520.0,11750505.0
2026-07-24 12:44:00+05:30,23820.0,23829.9,23816.2,23820.0,5525.0,11754340.0
2026-07-24 12:45:00+05:30,23821.0,23830.0,23816.0,23828.5,5005.0,11755250.0
2026-07-24 12:46:00+05:30,23830.0,23830.0,23812.0,23812.0,19500.0,11755705.0
2026-07-24 12:47:00+05:30,23815.0,23829.0,23813.5,23829.0,3640.0,11763440.0
2026-07-24 12:48:00+05:30,23829.0,23840.0,23823.8,23833.4,11440.0,11763765.0
2026-07-24 12:49:00+05:30,23833.6,23842.9,23825.0,23830.0,10335.0,11762205.0
2026-07-24 12:50:00+05:30,23827.1,23840.0,23825.7,23838.0,6955.0,11759735.0
2026-07-24 12:51:00+05:30,23840.0,23844.0,23828.0,23828.0,11765.0,11762400.0
2026-07-24 12:52:00+05:30,23830.9,23832.5,23820.0,23825.6,11050.0,11749400.0
2026-07-24 12:53:00+05:30,23826.2,23830.0,23824.5,23827.4,3640.0,11753365.0
2026-07-24 12:54:00+05:30,23825.2,23832.0,23822.3,23826.4,10855.0,11752650.0
2026-07-24 12:55:00+05:30,23826.4,23840.0,23826.0,23840.0,5395.0,11755120.0
2026-07-24 12:56:00+05:30,23830.7,23847.9,23830.7,23840.0,7800.0,11757850.0
2026-07-24 12:57:00+05:30,23842.0,23842.0,23823.8,23832.0,8060.0,11730615.0
2026-07-24 12:58:00+05:30,23832.0,23834.9,23825.0,23826.3,7670.0,11730615.0
2026-07-24 12:59:00+05:30,23832.0,23834.9,23827.0,23832.9,3640.0,11734645.0
2026-07-24 13:00:00+05:30,23832.9,23834.9,23828.6,23831.0,2925.0,11734645.0
2026-07-24 13:01:00+05:30,23828.6,23832.0,23820.0,23820.0,4485.0,11733150.0
2026-07-24 13:02:00+05:30,23819.7,23829.0,23816.0,23816.0,3705.0,11718005.0
2026-07-24 13:03:00+05:30,23816.0,23820.1,23806.0,23806.4,16185.0,11718785.0
2026-07-24 13:04:00+05:30,23806.4,23813.5,23801.0,23805.1,11310.0,11732630.0
2026-07-24 13:05:00+05:30,23805.1,23810.0,23800.2,23800.2,6370.0,11734580.0
2026-07-24 13:06:00+05:30,23801.4,23801.9,23795.0,23795.0,7085.0,11733215.0
2026-07-24 13:07:00+05:30,23801.0,23807.5,23801.0,23802.4,1950.0,11723985.0
2026-07-24 13:08:00+05:30,23801.8,23805.0,23795.5,23799.4,4290.0,11723270.0
2026-07-24 13:09:00+05:30,23800.0,23803.0,23792.2,23802.0,7800.0,11722360.0
2026-07-24 13:10:00+05:30,23795.0,23805.0,23795.0,23800.0,2860.0,11720735.0
2026-07-24 13:11:00+05:30,23800.0,23803.0,23795.0,23795.4,10205.0,11687520.0
2026-07-24 13:12:00+05:30,23798.0,23800.0,23796.6,23798.9,2210.0,11671010.0
2026-07-24 13:13:00+05:30,23798.9,23805.0,23790.9,23804.0,4550.0,11672505.0
2026-07-24 13:14:00+05:30,23804.0,23822.6,23801.2,23822.6,5135.0,11672830.0
2026-07-24 13:15:00+05:30,23821.8,23824.0,23806.7,23810.1,3445.0,11673480.0
2026-07-24 13:16:00+05:30,23810.0,23815.0,23804.8,23810.9,12415.0,11674455.0
2026-07-24 13:17:00+05:30,23810.9,23818.0,23808.5,23817.0,1950.0,11656385.0
2026-07-24 13:18:00+05:30,23814.3,23822.0,23811.5,23813.0,2080.0,11657100.0
2026-07-24 13:19:00+05:30,23816.0,23821.0,23814.2,23816.2,2080.0,11657555.0
2026-07-24 13:20:00+05:30,23821.0,23821.0,23813.8,23818.0,6955.0,11661585.0
2026-07-24 13:21:00+05:30,23813.0,23818.0,23811.9,23814.4,3185.0,11661910.0
2026-07-24 13:22:00+05:30,23819.0,23828.0,23816.4,23818.0,3770.0,11671075.0
2026-07-24 13:23:00+05:30,23814.9,23821.1,23812.7,23821.1,2925.0,11672180.0
2026-07-24 13:24:00+05:30,23817.5,23829.9,23817.2,23822.4,2600.0,11672765.0
2026-07-24 13:25:00+05:30,23822.7,23827.4,23818.3,23818.3,1755.0,11673415.0
2026-07-24 13:26:00+05:30,23818.4,23824.9,23815.9,23819.8,1430.0,11674845.0
2026-07-24 13:27:00+05:30,23819.2,23827.5,23819.1,23825.0,1430.0,11661000.0
2026-07-24 13:28:00+05:30,23826.9,23829.0,23824.0,23824.9,1365.0,11662040.0
2026-07-24 13:29:00+05:30,23824.2,23828.0,23816.8,23816.8,2210.0,11664185.0
2026-07-24 13:30:00+05:30,23824.0,23824.0,23810.6,23810.7,2080.0,11666525.0
2026-07-24 13:31:00+05:30,23810.4,23814.1,23800.0,23800.0,5850.0,11668865.0
2026-07-24 13:32:00+05:30,23800.0,23800.5,23794.0,23800.0,3445.0,11668930.0
2026-07-24 13:33:00+05:30,23795.1,23800.0,23792.0,23792.4,2210.0,11671660.0
2026-07-24 13:34:00+05:30,23792.4,23798.0,23792.0,23792.0,2795.0,11673025.0
2026-07-24 13:35:00+05:30,23798.6,23798.6,23776.6,23780.0,8775.0,11674390.0
2026-07-24 13:36:00+05:30,23777.0,23785.0,23775.7,23782.3,10465.0,11678810.0
2026-07-24 13:37:00+05:30,23785.0,23790.0,23781.4,23782.9,3185.0,11684985.0
2026-07-24 13:38:00+05:30,23784.0,23790.0,23784.0,23789.0,2015.0,11687845.0
2026-07-24 13:39:00+05:30,23789.0,23799.0,23784.9,23792.0,2405.0,11689080.0
2026-07-24 13:40:00+05:30,23792.8,23792.8,23780.3,23792.0,2405.0,11689340.0
2026-07-24 13:41:00+05:30,23790.0,23790.5,23770.0,23771.0,6630.0,11690770.0
2026-07-24 13:42:00+05:30,23770.0,23779.0,23760.9,23763.4,10205.0,11689535.0
2026-07-24 13:43:00+05:30,23773.0,23775.0,23761.0,23774.9,2145.0,11690445.0
2026-07-24 13:44:00+05:30,23774.9,23781.0,23765.9,23770.0,3120.0,11691030.0
2026-07-24 13:45:00+05:30,23780.1,23784.6,23762.0,23771.0,3445.0,11691485.0
2026-07-24 13:46:00+05:30,23784.9,23787.9,23774.9,23787.1,4095.0,11692915.0
2026-07-24 13:47:00+05:30,23788.1,23788.3,23770.0,23781.6,2600.0,11696490.0
2026-07-24 13:48:00+05:30,23770.0,23781.6,23766.6,23774.0,1430.0,11697790.0
2026-07-24 13:49:00+05:30,23771.5,23791.0,23771.5,23791.0,26650.0,11694735.0
2026-07-24 13:50:00+05:30,23791.0,23801.4,23791.0,23792.0,3835.0,11694150.0
2026-07-24 13:51:00+05:30,23801.0,23801.0,23785.0,23791.0,10270.0,11695255.0
2026-07-24 13:52:00+05:30,23792.0,23815.0,23789.7,23810.0,7735.0,11694020.0
2026-07-24 13:53:00+05:30,23810.0,23810.0,23805.0,23808.1,11830.0,11693630.0
2026-07-24 13:54:00+05:30,23808.5,23814.2,23800.0,23813.1,5980.0,11688040.0
2026-07-24 13:55:00+05:30,23809.8,23818.0,23800.0,23807.6,1235.0,11689145.0
2026-07-24 13:56:00+05:30,23819.1,23820.0,23805.9,23820.0,2145.0,11689795.0
2026-07-24 13:57:00+05:30,23819.0,23820.0,23806.9,23815.3,2665.0,11690380.0
2026-07-24 13:58:00+05:30,23820.0,23821.0,23815.0,23816.4,1625.0,11689795.0
2026-07-24 13:59:00+05:30,23817.3,23839.0,23817.3,23839.0,5850.0,11689470.0
2026-07-24 14:00:00+05:30,23839.0,23839.0,23825.2,23826.5,2860.0,11689990.0
2026-07-24 14:01:00+05:30,23830.0,23835.0,23817.2,23835.0,5460.0,11692590.0
2026-07-24 14:02:00+05:30,23825.6,23849.0,23825.6,23842.8,10335.0,11692265.0
2026-07-24 14:03:00+05:30,23844.2,23853.1,23842.8,23844.0,14105.0,11689665.0
2026-07-24 14:04:00+05:30,23850.0,23854.0,23842.8,23845.0,22035.0,11687715.0
2026-07-24 14:05:00+05:30,23845.0,23854.0,23843.0,23845.0,20085.0,11700065.0
2026-07-24 14:06:00+05:30,23845.0,23849.5,23838.4,23845.0,4550.0,11701820.0
2026-07-24 14:07:00+05:30,23845.0,23848.0,23844.0,23844.0,4810.0,11703120.0
2026-07-24 14:08:00+05:30,23844.0,23846.5,23830.0,23834.5,7605.0,11703965.0
2026-07-24 14:09:00+05:30,23834.5,23837.5,23829.4,23830.0,3770.0,11704745.0
2026-07-24 14:10:00+05:30,23829.1,23835.4,23820.1,23830.5,5655.0,11704615.0
2026-07-24 14:11:00+05:30,23828.0,23835.0,23828.0,23830.0,8060.0,11708515.0
2026-07-24 14:12:00+05:30,23830.0,23834.7,23817.0,23817.0,2600.0,11711895.0
2026-07-24 14:13:00+05:30,23820.0,23825.0,23816.0,23819.3,1365.0,11712935.0
2026-07-24 14:14:00+05:30,23818.4,23830.0,23818.4,23830.0,2990.0,11713390.0
2026-07-24 14:15:00+05:30,23828.0,23830.0,23817.3,23821.8,2990.0,11713065.0
2026-07-24 14:16:00+05:30,23828.0,23835.0,23822.2,23835.0,1885.0,11714365.0
2026-07-24 14:17:00+05:30,23834.5,23834.6,23823.0,23834.0,1820.0,11714495.0
2026-07-24 14:18:00+05:30,23830.0,23830.0,23814.9,23815.0,975.0,11714040.0
2026-07-24 14:19:00+05:30,23815.0,23822.0,23815.0,23821.0,1430.0,11712090.0
2026-07-24 14:20:00+05:30,23824.0,23824.0,23808.0,23810.0,2665.0,11709685.0
2026-07-24 14:21:00+05:30,23811.0,23817.0,23805.3,23817.0,2535.0,11709295.0
2026-07-24 14:22:00+05:30,23815.0,23815.0,23805.0,23807.5,1820.0,11711115.0
2026-07-24 14:23:00+05:30,23807.6,23809.7,23801.0,23801.0,2340.0,11712870.0
2026-07-24 14:24:00+05:30,23802.0,23809.7,23801.0,23801.0,2080.0,11714495.0
2026-07-24 14:25:00+05:30,23801.0,23810.0,23800.6,23802.9,1560.0,11716120.0
2026-07-24 14:26:00+05:30,23803.0,23810.0,23802.9,23804.1,1820.0,11719305.0
2026-07-24 14:27:00+05:30,23803.5,23810.0,23800.0,23800.0,1300.0,11721775.0
2026-07-24 14:28:00+05:30,23800.0,23805.0,23800.0,23801.8,2275.0,11722945.0
2026-07-24 14:29:00+05:30,23801.4,23809.0,23801.4,23805.0,1040.0,11725350.0
2026-07-24 14:30:00+05:30,23805.0,23808.9,23800.0,23800.0,5005.0,11724440.0
2026-07-24 14:31:00+05:30,23799.8,23818.0,23798.0,23816.0,3835.0,11725025.0
2026-07-24 14:32:00+05:30,23815.9,23816.0,23805.0,23813.6,1625.0,11722685.0
2026-07-24 14:33:00+05:30,23805.0,23814.7,23802.0,23806.0,2600.0,11702990.0
2026-07-24 14:34:00+05:30,23806.0,23806.0,23800.0,23804.0,975.0,11703640.0
2026-07-24 14:35:00+05:30,23802.0,23802.0,23795.0,23798.5,8190.0,11702340.0
2026-07-24 14:36:00+05:30,23801.9,23805.0,23799.2,23801.6,3120.0,11700585.0
2026-07-24 14:37:00+05:30,23808.0,23813.0,23800.5,23813.0,4095.0,11699350.0
2026-07-24 14:38:00+05:30,23813.0,23815.0,23801.2,23802.5,3250.0,11698440.0
2026-07-24 14:39:00+05:30,23802.5,23815.0,23799.6,23808.2,5590.0,11697400.0
2026-07-24 14:40:00+05:30,23809.0,23815.0,23804.4,23810.0,2860.0,11696555.0
2026-07-24 14:41:00+05:30,23809.0,23815.0,23804.0,23815.0,715.0,11696165.0
2026-07-24 14:42:00+05:30,23813.0,23814.9,23803.0,23805.0,1040.0,11692070.0
2026-07-24 14:43:00+05:30,23805.0,23808.4,23800.0,23800.0,1755.0,11688495.0
2026-07-24 14:44:00+05:30,23801.0,23809.0,23800.0,23807.0,3380.0,11686935.0
2026-07-24 14:45:00+05:30,23802.3,23807.0,23800.0,23800.0,2080.0,11685310.0
2026-07-24 14:46:00+05:30,23800.0,23807.0,23800.0,23800.0,2600.0,11687975.0
2026-07-24 14:47:00+05:30,23803.0,23807.0,23800.0,23803.0,3185.0,11687195.0
2026-07-24 14:48:00+05:30,23802.0,23806.0,23800.0,23805.1,13780.0,11696100.0
2026-07-24 14:49:00+05:30,23802.0,23807.0,23802.0,23807.0,2860.0,11694865.0
2026-07-24 14:50:00+05:30,23805.0,23814.8,23801.9,23806.6,3055.0,11695645.0
2026-07-24 14:51:00+05:30,23806.6,23816.5,23805.2,23816.5,2145.0,11695515.0
2026-07-24 14:52:00+05:30,23810.0,23818.9,23806.0,23810.0,910.0,11695710.0
2026-07-24 14:53:00+05:30,23814.8,23829.0,23810.7,23825.0,4810.0,11696555.0
2026-07-24 14:54:00+05:30,23823.1,23830.0,23816.3,23819.0,3250.0,11696750.0
2026-07-24 14:55:00+05:30,23819.0,23825.0,23815.0,23820.0,1495.0,11697725.0
2026-07-24 14:56:00+05:30,23820.0,23824.0,23815.5,23821.0,2405.0,11699415.0
2026-07-24 14:57:00+05:30,23818.8,23824.0,23811.9,23812.3,2145.0,11699610.0
2026-07-24 14:58:00+05:30,23812.3,23820.0,23812.3,23813.0,975.0,11700130.0
2026-07-24 14:59:00+05:30,23813.0,23818.9,23806.4,23811.0,2925.0,11700845.0
2026-07-24 15:00:00+05:30,23815.0,23819.0,23800.0,23800.0,38870.0,11701040.0
2026-07-24 15:01:00+05:30,23800.0,23800.0,23785.1,23786.0,61230.0,11725155.0
2026-07-24 15:02:00+05:30,23785.0,23798.3,23784.7,23795.0,6630.0,11722555.0
2026-07-24 15:03:00+05:30,23788.0,23796.6,23785.0,23785.7,5395.0,11720475.0
2026-07-24 15:04:00+05:30,23785.7,23798.8,23785.7,23789.0,2600.0,11720735.0
2026-07-24 15:05:00+05:30,23797.0,23800.0,23789.0,23791.0,4615.0,11721775.0
2026-07-24 15:06:00+05:30,23792.1,23800.0,23786.0,23799.0,8515.0,11716900.0
2026-07-24 15:07:00+05:30,23800.0,23800.0,23791.1,23794.9,4940.0,11718395.0
2026-07-24 15:08:00+05:30,23790.0,23794.9,23783.0,23785.0,4095.0,11720605.0
2026-07-24 15:09:00+05:30,23783.0,23790.0,23782.4,23788.0,8840.0,11720280.0
2026-07-24 15:10:00+05:30,23787.2,23790.0,23780.0,23781.9,7410.0,11728470.0
2026-07-24 15:11:00+05:30,23785.0,23790.0,23785.0,23788.0,4810.0,11729250.0
2026-07-24 15:12:00+05:30,23788.0,23790.0,23787.9,23789.0,2405.0,11728340.0
2026-07-24 15:13:00+05:30,23790.0,23799.0,23790.0,23799.0,9100.0,11728535.0
2026-07-24 15:14:00+05:30,23796.0,23815.0,23793.8,23814.9,12285.0,11725805.0
2026-07-24 15:15:00+05:30,23815.0,23841.5,23815.0,23841.5,16575.0,11726975.0
2026-07-24 15:16:00+05:30,23841.5,23842.0,23822.0,23825.0,8710.0,11726975.0
2026-07-24 15:17:00+05:30,23822.0,23825.0,23810.0,23811.2,10725.0,11731005.0
2026-07-24 15:18:00+05:30,23818.9,23819.0,23803.9,23805.8,6955.0,11732045.0
2026-07-24 15:19:00+05:30,23815.0,23815.0,23806.0,23809.1,3380.0,11732760.0
2026-07-24 15:20:00+05:30,23809.0,23815.0,23809.0,23811.1,8255.0,11734385.0
2026-07-24 15:21:00+05:30,23811.3,23819.9,23810.7,23816.5,31395.0,11745630.0
2026-07-24 15:22:00+05:30,23815.0,23818.3,23812.2,23812.9,7865.0,11747255.0
2026-07-24 15:23:00+05:30,23812.9,23820.0,23812.9,23817.0,9620.0,11747515.0
2026-07-24 15:24:00+05:30,23816.9,23817.0,23813.0,23815.5,8905.0,11748555.0
2026-07-24 15:25:00+05:30,23816.0,23816.5,23814.0,23815.0,8710.0,11742705.0
2026-07-24 15:26:00+05:30,23815.0,23815.0,23810.5,23814.0,17095.0,11734060.0
2026-07-24 15:27:00+05:30,23814.1,23819.0,23813.9,23819.0,35035.0,11752650.0
2026-07-24 15:28:00+05:30,23818.9,23824.0,23815.0,23817.0,15015.0,11750310.0
2026-07-24 15:29:00+05:30,23816.5,23830.9,23815.0,23830.0,13585.0,11674650.0
